3/2/2022 -- 09:18:36 - <Notice> - This is Suricata version 6.0.4 RELEASE running in SYSTEM mode
3/2/2022 -- 09:18:36 - <Info> - CPUs/cores online: 2
3/2/2022 -- 09:18:36 - <Config> - Adding interface eth0 from config file
3/2/2022 -- 09:18:36 - <Config> - luajit states preallocated: 128
3/2/2022 -- 09:18:36 - <Config> - 'default' server has 'request-body-minimal-inspect-size' set to 32105 and 'request-body-inspect-window' set to 4035 after randomization.
3/2/2022 -- 09:18:36 - <Config> - 'default' server has 'response-body-minimal-inspect-size' set to 41397 and 'response-body-inspect-window' set to 16843 after randomization.
3/2/2022 -- 09:18:36 - <Config> - SMB stream depth: 0
3/2/2022 -- 09:18:36 - <Config> - Protocol detection and parser disabled for modbus protocol.
3/2/2022 -- 09:18:36 - <Config> - Protocol detection and parser disabled for enip protocol.
3/2/2022 -- 09:18:36 - <Config> - Protocol detection and parser disabled for DNP3.
3/2/2022 -- 09:18:36 - <Warning> - [ERRCODE: SC_ERR_SYSCALL(50)] - Failure when trying to get MTU via ioctl for 'eth0': No such device (19)
3/2/2022 -- 09:18:36 - <Warning> - [ERRCODE: SC_ERR_SYSCALL(50)] - Failure when trying to get MTU via ioctl for 'eth0': No such device (19)
3/2/2022 -- 09:18:36 - <Config> - allocated 262144 bytes of memory for the host hash... 4096 buckets of size 64
3/2/2022 -- 09:18:36 - <Config> - preallocated 1000 hosts of size 136
3/2/2022 -- 09:18:36 - <Config> - host memory usage: 398144 bytes, maximum: 33554432
3/2/2022 -- 09:18:36 - <Config> - Core dump size set to unlimited.
3/2/2022 -- 09:18:36 - <Config> - allocated 3670016 bytes of memory for the defrag hash... 65536 buckets of size 56
3/2/2022 -- 09:18:36 - <Config> - preallocated 65535 defrag trackers of size 160
3/2/2022 -- 09:18:36 - <Config> - defrag memory usage: 14155616 bytes, maximum: 33554432
3/2/2022 -- 09:18:36 - <Config> - flow size 320, memcap allows for 419430 flows. Per hash row in perfect conditions 6
3/2/2022 -- 09:18:36 - <Config> - stream "prealloc-sessions": 2048 (per thread)
3/2/2022 -- 09:18:36 - <Config> - stream "memcap": 67108864
3/2/2022 -- 09:18:36 - <Config> - stream "midstream" session pickups: disabled
3/2/2022 -- 09:18:36 - <Config> - stream "async-oneside": disabled
3/2/2022 -- 09:18:36 - <Config> - stream "checksum-validation": enabled
3/2/2022 -- 09:18:36 - <Config> - stream."inline": disabled
3/2/2022 -- 09:18:36 - <Config> - stream "bypass": disabled
3/2/2022 -- 09:18:36 - <Config> - stream "max-synack-queued": 5
3/2/2022 -- 09:18:36 - <Config> - stream.reassembly "memcap": 268435456
3/2/2022 -- 09:18:36 - <Config> - stream.reassembly "depth": 1048576
3/2/2022 -- 09:18:36 - <Config> - stream.reassembly "toserver-chunk-size": 2502
3/2/2022 -- 09:18:36 - <Config> - stream.reassembly "toclient-chunk-size": 2444
3/2/2022 -- 09:18:36 - <Config> - stream.reassembly.raw: enabled
3/2/2022 -- 09:18:36 - <Config> - stream.reassembly "segment-prealloc": 2048
3/2/2022 -- 09:18:36 - <Info> - fast output device (regular) initialized: fast.log
3/2/2022 -- 09:18:36 - <Info> - eve-log output device (regular) initialized: eve.json
3/2/2022 -- 09:18:36 - <Config> - enabling 'eve-log' module 'alert'
3/2/2022 -- 09:18:36 - <Config> - enabling 'eve-log' module 'anomaly'
3/2/2022 -- 09:18:36 - <Config> - enabling 'eve-log' module 'http'
3/2/2022 -- 09:18:36 - <Config> - enabling 'eve-log' module 'dns'
3/2/2022 -- 09:18:36 - <Config> - eve-log dns version not set, defaulting to version 2
3/2/2022 -- 09:18:36 - <Config> - eve-log dns version not set, defaulting to version 2
3/2/2022 -- 09:18:36 - <Config> - enabling 'eve-log' module 'tls'
3/2/2022 -- 09:18:36 - <Config> - enabling 'eve-log' module 'files'
3/2/2022 -- 09:18:36 - <Config> - enabling 'eve-log' module 'smtp'
3/2/2022 -- 09:18:36 - <Config> - enabling 'eve-log' module 'ftp'
3/2/2022 -- 09:18:36 - <Config> - enabling 'eve-log' module 'rdp'
3/2/2022 -- 09:18:36 - <Config> - enabling 'eve-log' module 'nfs'
3/2/2022 -- 09:18:36 - <Config> - enabling 'eve-log' module 'smb'
3/2/2022 -- 09:18:36 - <Config> - enabling 'eve-log' module 'tftp'
3/2/2022 -- 09:18:36 - <Config> - enabling 'eve-log' module 'ikev2'
3/2/2022 -- 09:18:36 - <Config> - enabling 'eve-log' module 'dcerpc'
3/2/2022 -- 09:18:36 - <Config> - enabling 'eve-log' module 'krb5'
3/2/2022 -- 09:18:36 - <Config> - enabling 'eve-log' module 'snmp'
3/2/2022 -- 09:18:36 - <Config> - enabling 'eve-log' module 'rfb'
3/2/2022 -- 09:18:36 - <Config> - enabling 'eve-log' module 'sip'
3/2/2022 -- 09:18:36 - <Config> - enabling 'eve-log' module 'dhcp'
3/2/2022 -- 09:18:36 - <Config> - enabling 'eve-log' module 'ssh'
3/2/2022 -- 09:18:36 - <Config> - enabling 'eve-log' module 'mqtt'
3/2/2022 -- 09:18:36 - <Config> - enabling 'eve-log' module 'stats'
3/2/2022 -- 09:18:36 - <Config> - enabling 'eve-log' module 'flow'
3/2/2022 -- 09:18:36 - <Info> - stats output device (regular) initialized: stats.log
3/2/2022 -- 09:18:36 - <Config> - Delayed detect disabled
3/2/2022 -- 09:18:36 - <Info> - Running in live mode, activating unix socket
3/2/2022 -- 09:18:36 - <Config> - pattern matchers: MPM: hs, SPM: hs
3/2/2022 -- 09:18:36 - <Config> - grouping: tcp-whitelist (default) 53, 80, 139, 443, 445, 1433, 3306, 3389, 6666, 6667, 8080
3/2/2022 -- 09:18:36 - <Config> - grouping: udp-whitelist (default) 53, 135, 5060
3/2/2022 -- 09:18:36 - <Config> - prefilter engines: MPM
3/2/2022 -- 09:18:36 - <Perf> - using shared mpm ctx' for http_uri
3/2/2022 -- 09:18:36 - <Perf> - using shared mpm ctx' for http_uri
3/2/2022 -- 09:18:36 - <Perf> - using shared mpm ctx' for http_raw_uri
3/2/2022 -- 09:18:36 - <Perf> - using shared mpm ctx' for http_raw_uri
3/2/2022 -- 09:18:36 - <Perf> - using shared mpm ctx' for http_request_line
3/2/2022 -- 09:18:36 - <Perf> - using shared mpm ctx' for http_client_body
3/2/2022 -- 09:18:36 - <Perf> - using shared mpm ctx' for http_response_line
3/2/2022 -- 09:18:36 - <Perf> - using shared mpm ctx' for http_header
3/2/2022 -- 09:18:36 - <Perf> - using shared mpm ctx' for http_header
3/2/2022 -- 09:18:36 - <Perf> - using shared mpm ctx' for http_header
3/2/2022 -- 09:18:36 - <Perf> - using shared mpm ctx' for http_header
3/2/2022 -- 09:18:36 - <Perf> - using shared mpm ctx' for http_header_names
3/2/2022 -- 09:18:36 - <Perf> - using shared mpm ctx' for http_header_names
3/2/2022 -- 09:18:36 - <Perf> - using shared mpm ctx' for http_header_names
3/2/2022 -- 09:18:36 - <Perf> - using shared mpm ctx' for http_header_names
3/2/2022 -- 09:18:36 - <Perf> - using shared mpm ctx' for http_accept
3/2/2022 -- 09:18:36 - <Perf> - using shared mpm ctx' for http_accept
3/2/2022 -- 09:18:36 - <Perf> - using shared mpm ctx' for http_accept_enc
3/2/2022 -- 09:18:36 - <Perf> - using shared mpm ctx' for http_accept_enc
3/2/2022 -- 09:18:36 - <Perf> - using shared mpm ctx' for http_accept_lang
3/2/2022 -- 09:18:36 - <Perf> - using shared mpm ctx' for http_accept_lang
3/2/2022 -- 09:18:36 - <Perf> - using shared mpm ctx' for http_referer
3/2/2022 -- 09:18:36 - <Perf> - using shared mpm ctx' for http_referer
3/2/2022 -- 09:18:36 - <Perf> - using shared mpm ctx' for http_connection
3/2/2022 -- 09:18:36 - <Perf> - using shared mpm ctx' for http_connection
3/2/2022 -- 09:18:36 - <Perf> - using shared mpm ctx' for http_content_len
3/2/2022 -- 09:18:36 - <Perf> - using shared mpm ctx' for http_content_len
3/2/2022 -- 09:18:36 - <Perf> - using shared mpm ctx' for http_content_len
3/2/2022 -- 09:18:36 - <Perf> - using shared mpm ctx' for http_content_len
3/2/2022 -- 09:18:36 - <Perf> - using shared mpm ctx' for http_content_type
3/2/2022 -- 09:18:36 - <Perf> - using shared mpm ctx' for http_content_type
3/2/2022 -- 09:18:36 - <Perf> - using shared mpm ctx' for http_content_type
3/2/2022 -- 09:18:36 - <Perf> - using shared mpm ctx' for http_content_type
3/2/2022 -- 09:18:36 - <Perf> - using shared mpm ctx' for http.server
3/2/2022 -- 09:18:36 - <Perf> - using shared mpm ctx' for http.server
3/2/2022 -- 09:18:36 - <Perf> - using shared mpm ctx' for http.location
3/2/2022 -- 09:18:36 - <Perf> - using shared mpm ctx' for http.location
3/2/2022 -- 09:18:36 - <Perf> - using shared mpm ctx' for http_protocol
3/2/2022 -- 09:18:36 - <Perf> - using shared mpm ctx' for http_protocol
3/2/2022 -- 09:18:36 - <Perf> - using shared mpm ctx' for http_start
3/2/2022 -- 09:18:36 - <Perf> - using shared mpm ctx' for http_start
3/2/2022 -- 09:18:36 - <Perf> - using shared mpm ctx' for http_raw_header
3/2/2022 -- 09:18:36 - <Perf> - using shared mpm ctx' for http_raw_header
3/2/2022 -- 09:18:36 - <Perf> - using shared mpm ctx' for http_raw_header
3/2/2022 -- 09:18:36 - <Perf> - using shared mpm ctx' for http_raw_header
3/2/2022 -- 09:18:36 - <Perf> - using shared mpm ctx' for http_method
3/2/2022 -- 09:18:36 - <Perf> - using shared mpm ctx' for http_method
3/2/2022 -- 09:18:36 - <Perf> - using shared mpm ctx' for http_cookie
3/2/2022 -- 09:18:36 - <Perf> - using shared mpm ctx' for http_cookie
3/2/2022 -- 09:18:36 - <Perf> - using shared mpm ctx' for http_cookie
3/2/2022 -- 09:18:36 - <Perf> - using shared mpm ctx' for http_cookie
3/2/2022 -- 09:18:36 - <Perf> - using shared mpm ctx' for file.name
3/2/2022 -- 09:18:36 - <Perf> - using shared mpm ctx' for file.name
3/2/2022 -- 09:18:36 - <Perf> - using shared mpm ctx' for file.name
3/2/2022 -- 09:18:36 - <Perf> - using shared mpm ctx' for file.name
3/2/2022 -- 09:18:36 - <Perf> - using shared mpm ctx' for file.name
3/2/2022 -- 09:18:36 - <Perf> - using shared mpm ctx' for file.name
3/2/2022 -- 09:18:36 - <Perf> - using shared mpm ctx' for file.name
3/2/2022 -- 09:18:36 - <Perf> - using shared mpm ctx' for file.name
3/2/2022 -- 09:18:36 - <Perf> - using shared mpm ctx' for file.name
3/2/2022 -- 09:18:36 - <Perf> - using shared mpm ctx' for file.name
3/2/2022 -- 09:18:36 - <Perf> - using shared mpm ctx' for file.name
3/2/2022 -- 09:18:36 - <Perf> - using shared mpm ctx' for file.magic
3/2/2022 -- 09:18:36 - <Perf> - using shared mpm ctx' for file.magic
3/2/2022 -- 09:18:36 - <Perf> - using shared mpm ctx' for file.magic
3/2/2022 -- 09:18:36 - <Perf> - using shared mpm ctx' for file.magic
3/2/2022 -- 09:18:36 - <Perf> - using shared mpm ctx' for file.magic
3/2/2022 -- 09:18:36 - <Perf> - using shared mpm ctx' for file.magic
3/2/2022 -- 09:18:36 - <Perf> - using shared mpm ctx' for file.magic
3/2/2022 -- 09:18:36 - <Perf> - using shared mpm ctx' for file.magic
3/2/2022 -- 09:18:36 - <Perf> - using shared mpm ctx' for file.magic
3/2/2022 -- 09:18:36 - <Perf> - using shared mpm ctx' for file.magic
3/2/2022 -- 09:18:36 - <Perf> - using shared mpm ctx' for file.magic
3/2/2022 -- 09:18:36 - <Perf> - using shared mpm ctx' for http_user_agent
3/2/2022 -- 09:18:36 - <Perf> - using shared mpm ctx' for http_user_agent
3/2/2022 -- 09:18:36 - <Perf> - using shared mpm ctx' for http_host
3/2/2022 -- 09:18:36 - <Perf> - using shared mpm ctx' for http_host
3/2/2022 -- 09:18:36 - <Perf> - using shared mpm ctx' for http_raw_host
3/2/2022 -- 09:18:36 - <Perf> - using shared mpm ctx' for http_raw_host
3/2/2022 -- 09:18:36 - <Perf> - using shared mpm ctx' for http_stat_msg
3/2/2022 -- 09:18:36 - <Perf> - using shared mpm ctx' for http_stat_code
3/2/2022 -- 09:18:36 - <Perf> - using shared mpm ctx' for http_stat_code
3/2/2022 -- 09:18:36 - <Perf> - using shared mpm ctx' for http2_header_name
3/2/2022 -- 09:18:36 - <Perf> - using shared mpm ctx' for http2_header_name
3/2/2022 -- 09:18:36 - <Perf> - using shared mpm ctx' for http2_header
3/2/2022 -- 09:18:36 - <Perf> - using shared mpm ctx' for http2_header
3/2/2022 -- 09:18:36 - <Perf> - using shared mpm ctx' for dns_query
3/2/2022 -- 09:18:36 - <Perf> - using shared mpm ctx' for dnp3_data
3/2/2022 -- 09:18:36 - <Perf> - using shared mpm ctx' for dnp3_data
3/2/2022 -- 09:18:36 - <Perf> - using shared mpm ctx' for tls.sni
3/2/2022 -- 09:18:36 - <Perf> - using shared mpm ctx' for tls.cert_issuer
3/2/2022 -- 09:18:36 - <Perf> - using shared mpm ctx' for tls.cert_subject
3/2/2022 -- 09:18:36 - <Perf> - using shared mpm ctx' for tls.cert_serial
3/2/2022 -- 09:18:36 - <Perf> - using shared mpm ctx' for tls.cert_fingerprint
3/2/2022 -- 09:18:36 - <Perf> - using shared mpm ctx' for tls.certs
3/2/2022 -- 09:18:36 - <Perf> - using shared mpm ctx' for ja3.hash
3/2/2022 -- 09:18:36 - <Perf> - using shared mpm ctx' for ja3.string
3/2/2022 -- 09:18:36 - <Perf> - using shared mpm ctx' for ja3s.hash
3/2/2022 -- 09:18:36 - <Perf> - using shared mpm ctx' for ja3s.string
3/2/2022 -- 09:18:36 - <Perf> - using shared mpm ctx' for dce_stub_data
3/2/2022 -- 09:18:36 - <Perf> - using shared mpm ctx' for dce_stub_data
3/2/2022 -- 09:18:36 - <Perf> - using shared mpm ctx' for dce_stub_data
3/2/2022 -- 09:18:36 - <Perf> - using shared mpm ctx' for dce_stub_data
3/2/2022 -- 09:18:36 - <Perf> - using shared mpm ctx' for smb_named_pipe
3/2/2022 -- 09:18:36 - <Perf> - using shared mpm ctx' for smb_share
3/2/2022 -- 09:18:36 - <Perf> - using shared mpm ctx' for ssh.proto
3/2/2022 -- 09:18:36 - <Perf> - using shared mpm ctx' for ssh.proto
3/2/2022 -- 09:18:36 - <Perf> - using shared mpm ctx' for ssh_software
3/2/2022 -- 09:18:36 - <Perf> - using shared mpm ctx' for ssh_software
3/2/2022 -- 09:18:36 - <Perf> - using shared mpm ctx' for ssh.hassh
3/2/2022 -- 09:18:36 - <Perf> - using shared mpm ctx' for ssh.hassh.server
3/2/2022 -- 09:18:36 - <Perf> - using shared mpm ctx' for ssh.hassh.string
3/2/2022 -- 09:18:36 - <Perf> - using shared mpm ctx' for ssh.hassh.server.string
3/2/2022 -- 09:18:36 - <Perf> - using shared mpm ctx' for file_data
3/2/2022 -- 09:18:36 - <Perf> - using shared mpm ctx' for file_data
3/2/2022 -- 09:18:36 - <Perf> - using shared mpm ctx' for file_data
3/2/2022 -- 09:18:36 - <Perf> - using shared mpm ctx' for file_data
3/2/2022 -- 09:18:36 - <Perf> - using shared mpm ctx' for file_data
3/2/2022 -- 09:18:36 - <Perf> - using shared mpm ctx' for file_data
3/2/2022 -- 09:18:36 - <Perf> - using shared mpm ctx' for krb5_cname
3/2/2022 -- 09:18:36 - <Perf> - using shared mpm ctx' for krb5_sname
3/2/2022 -- 09:18:36 - <Perf> - using shared mpm ctx' for sip.method
3/2/2022 -- 09:18:36 - <Perf> - using shared mpm ctx' for sip.uri
3/2/2022 -- 09:18:36 - <Perf> - using shared mpm ctx' for sip.protocol
3/2/2022 -- 09:18:36 - <Perf> - using shared mpm ctx' for sip.protocol
3/2/2022 -- 09:18:36 - <Perf> - using shared mpm ctx' for sip.method
3/2/2022 -- 09:18:36 - <Perf> - using shared mpm ctx' for sip.stat_msg
3/2/2022 -- 09:18:36 - <Perf> - using shared mpm ctx' for sip.request_line
3/2/2022 -- 09:18:36 - <Perf> - using shared mpm ctx' for sip.response_line
3/2/2022 -- 09:18:36 - <Perf> - using shared mpm ctx' for rfb.name
3/2/2022 -- 09:18:36 - <Perf> - using shared mpm ctx' for snmp.community
3/2/2022 -- 09:18:36 - <Perf> - using shared mpm ctx' for snmp.community
3/2/2022 -- 09:18:36 - <Perf> - using shared mpm ctx' for mqtt.connect.clientid
3/2/2022 -- 09:18:36 - <Perf> - using shared mpm ctx' for mqtt.connect.username
3/2/2022 -- 09:18:36 - <Perf> - using shared mpm ctx' for mqtt.connect.password
3/2/2022 -- 09:18:36 - <Perf> - using shared mpm ctx' for mqtt.connect.willtopic
3/2/2022 -- 09:18:36 - <Perf> - using shared mpm ctx' for mqtt.connect.willmessage
3/2/2022 -- 09:18:36 - <Perf> - using shared mpm ctx' for mqtt.publish.topic
3/2/2022 -- 09:18:36 - <Perf> - using shared mpm ctx' for mqtt.publish.message
3/2/2022 -- 09:18:36 - <Perf> - using shared mpm ctx' for mqtt.subscribe.topic
3/2/2022 -- 09:18:36 - <Perf> - using shared mpm ctx' for mqtt.unsubscribe.topic
3/2/2022 -- 09:18:36 - <Perf> - using shared mpm ctx' for icmpv4.hdr
3/2/2022 -- 09:18:36 - <Perf> - using shared mpm ctx' for tcp.hdr
3/2/2022 -- 09:18:36 - <Perf> - using shared mpm ctx' for udp.hdr
3/2/2022 -- 09:18:36 - <Perf> - using shared mpm ctx' for icmpv6.hdr
3/2/2022 -- 09:18:36 - <Perf> - using shared mpm ctx' for ipv4.hdr
3/2/2022 -- 09:18:36 - <Perf> - using shared mpm ctx' for ipv6.hdr
3/2/2022 -- 09:18:36 - <Config> - IP reputation disabled
3/2/2022 -- 09:18:36 - <Warning> - [ERRCODE: SC_ERR_NO_RULES(42)] - No rule files match the pattern /var/lib/suricata/rules/suricata.rules
3/2/2022 -- 09:18:36 - <Config> - No rules loaded from suricata.rules.
3/2/2022 -- 09:18:36 - <Warning> - [ERRCODE: SC_ERR_NO_RULES_LOADED(43)] - 1 rule files specified, but no rules were loaded!
3/2/2022 -- 09:18:36 - <Info> - Threshold config parsed: 0 rule(s) found
3/2/2022 -- 09:18:36 - <Perf> - using shared mpm ctx' for tcp-packet
3/2/2022 -- 09:18:36 - <Perf> - using shared mpm ctx' for tcp-stream
3/2/2022 -- 09:18:36 - <Perf> - using shared mpm ctx' for udp-packet
3/2/2022 -- 09:18:36 - <Perf> - using shared mpm ctx' for other-ip
3/2/2022 -- 09:18:36 - <Info> - 0 signatures processed. 0 are IP-only rules, 0 are inspecting packet payload, 0 inspect application layer, 0 are decoder event only
3/2/2022 -- 09:18:36 - <Config> - building signature grouping structure, stage 1: preprocessing rules... complete
3/2/2022 -- 09:18:36 - <Perf> - TCP toserver: 0 port groups, 0 unique SGH's, 0 copies
3/2/2022 -- 09:18:36 - <Perf> - TCP toclient: 0 port groups, 0 unique SGH's, 0 copies
3/2/2022 -- 09:18:36 - <Perf> - UDP toserver: 0 port groups, 0 unique SGH's, 0 copies
3/2/2022 -- 09:18:36 - <Perf> - UDP toclient: 0 port groups, 0 unique SGH's, 0 copies
3/2/2022 -- 09:18:36 - <Perf> - OTHER toserver: 0 proto groups, 0 unique SGH's, 0 copies
3/2/2022 -- 09:18:36 - <Perf> - OTHER toclient: 0 proto groups, 0 unique SGH's, 0 copies
3/2/2022 -- 09:18:36 - <Perf> - Unique rule groups: 0
3/2/2022 -- 09:18:36 - <Perf> - Builtin MPM "toserver TCP packet": 0
3/2/2022 -- 09:18:36 - <Perf> - Builtin MPM "toclient TCP packet": 0
3/2/2022 -- 09:18:36 - <Perf> - Builtin MPM "toserver TCP stream": 0
3/2/2022 -- 09:18:36 - <Perf> - Builtin MPM "toclient TCP stream": 0
3/2/2022 -- 09:18:36 - <Perf> - Builtin MPM "toserver UDP packet": 0
3/2/2022 -- 09:18:36 - <Perf> - Builtin MPM "toclient UDP packet": 0
3/2/2022 -- 09:18:36 - <Perf> - Builtin MPM "other IP packet": 0
3/2/2022 -- 09:18:36 - <Config> - Using flow cluster mode for AF_PACKET (iface eth0)
3/2/2022 -- 09:18:36 - <Config> - Using defrag kernel functionality for AF_PACKET (iface eth0)
3/2/2022 -- 09:18:36 - <Perf> - 2 cores, so using 2 threads
3/2/2022 -- 09:18:36 - <Perf> - Using 2 AF_PACKET threads for interface eth0
3/2/2022 -- 09:18:36 - <Error> - [ERRCODE: SC_ERR_AFP_CREATE(190)] - Unable to find type for iface "eth0": No such device
3/2/2022 -- 09:18:36 - <Config> - eth0: enabling zero copy mode by using data release call
3/2/2022 -- 09:18:36 - <Info> - Going to use 2 thread(s)
3/2/2022 -- 09:18:36 - <Config> - using 1 flow manager threads
3/2/2022 -- 09:18:36 - <Config> - using 1 flow recycler threads
3/2/2022 -- 09:18:36 - <Info> - Running in live mode, activating unix socket
3/2/2022 -- 09:18:36 - <Info> - Using unix socket file '/var/run/suricata/suricata-command.socket'
3/2/2022 -- 09:18:36 - <Notice> - all 2 packet processing threads, 4 management threads initialized, engine started.
3/2/2022 -- 09:18:36 - <Error> - [ERRCODE: SC_ERR_AFP_CREATE(190)] - Unable to find iface eth0: No such device
3/2/2022 -- 09:18:36 - <Error> - [ERRCODE: SC_ERR_AFP_CREATE(190)] - Couldn't init AF_PACKET socket, fatal error
3/2/2022 -- 09:18:36 - <Error> - [ERRCODE: SC_ERR_FATAL(171)] - thread W#01-eth0 failed
3/2/2022 -- 09:22:30 - <Notice> - This is Suricata version 6.0.4 RELEASE running in SYSTEM mode
3/2/2022 -- 09:22:30 - <Info> - CPUs/cores online: 2
3/2/2022 -- 09:22:30 - <Config> - Adding interface ens3 from config file
3/2/2022 -- 09:22:30 - <Config> - luajit states preallocated: 128
3/2/2022 -- 09:22:30 - <Config> - 'default' server has 'request-body-minimal-inspect-size' set to 33648 and 'request-body-inspect-window' set to 4288 after randomization.
3/2/2022 -- 09:22:30 - <Config> - 'default' server has 'response-body-minimal-inspect-size' set to 40753 and 'response-body-inspect-window' set to 17061 after randomization.
3/2/2022 -- 09:22:30 - <Config> - SMB stream depth: 0
3/2/2022 -- 09:22:30 - <Config> - Protocol detection and parser disabled for modbus protocol.
3/2/2022 -- 09:22:30 - <Config> - Protocol detection and parser disabled for enip protocol.
3/2/2022 -- 09:22:30 - <Config> - Protocol detection and parser disabled for DNP3.
3/2/2022 -- 09:22:31 - <Info> - Found an MTU of 1450 for 'ens3'
3/2/2022 -- 09:22:31 - <Info> - Found an MTU of 1450 for 'ens3'
3/2/2022 -- 09:22:31 - <Config> - allocated 262144 bytes of memory for the host hash... 4096 buckets of size 64
3/2/2022 -- 09:22:31 - <Config> - preallocated 1000 hosts of size 136
3/2/2022 -- 09:22:31 - <Config> - host memory usage: 398144 bytes, maximum: 33554432
3/2/2022 -- 09:22:31 - <Config> - Core dump size set to unlimited.
3/2/2022 -- 09:22:31 - <Config> - allocated 3670016 bytes of memory for the defrag hash... 65536 buckets of size 56
3/2/2022 -- 09:22:31 - <Config> - preallocated 65535 defrag trackers of size 160
3/2/2022 -- 09:22:31 - <Config> - defrag memory usage: 14155616 bytes, maximum: 33554432
3/2/2022 -- 09:22:31 - <Config> - flow size 320, memcap allows for 419430 flows. Per hash row in perfect conditions 6
3/2/2022 -- 09:22:31 - <Config> - stream "prealloc-sessions": 2048 (per thread)
3/2/2022 -- 09:22:31 - <Config> - stream "memcap": 67108864
3/2/2022 -- 09:22:31 - <Config> - stream "midstream" session pickups: disabled
3/2/2022 -- 09:22:31 - <Config> - stream "async-oneside": disabled
3/2/2022 -- 09:22:31 - <Config> - stream "checksum-validation": enabled
3/2/2022 -- 09:22:31 - <Config> - stream."inline": disabled
3/2/2022 -- 09:22:31 - <Config> - stream "bypass": disabled
3/2/2022 -- 09:22:31 - <Config> - stream "max-synack-queued": 5
3/2/2022 -- 09:22:31 - <Config> - stream.reassembly "memcap": 268435456
3/2/2022 -- 09:22:31 - <Config> - stream.reassembly "depth": 1048576
3/2/2022 -- 09:22:31 - <Config> - stream.reassembly "toserver-chunk-size": 2538
3/2/2022 -- 09:22:31 - <Config> - stream.reassembly "toclient-chunk-size": 2587
3/2/2022 -- 09:22:31 - <Config> - stream.reassembly.raw: enabled
3/2/2022 -- 09:22:31 - <Config> - stream.reassembly "segment-prealloc": 2048
3/2/2022 -- 09:22:31 - <Info> - fast output device (regular) initialized: fast.log
3/2/2022 -- 09:22:31 - <Info> - eve-log output device (regular) initialized: eve.json
3/2/2022 -- 09:22:31 - <Config> - enabling 'eve-log' module 'alert'
3/2/2022 -- 09:22:31 - <Config> - enabling 'eve-log' module 'http'
3/2/2022 -- 09:22:31 - <Config> - enabling 'eve-log' module 'dns'
3/2/2022 -- 09:22:31 - <Config> - eve-log dns version not set, defaulting to version 2
3/2/2022 -- 09:22:31 - <Config> - eve-log dns version not set, defaulting to version 2
3/2/2022 -- 09:22:31 - <Config> - enabling 'eve-log' module 'tls'
3/2/2022 -- 09:22:31 - <Config> - enabling 'eve-log' module 'files'
3/2/2022 -- 09:22:31 - <Config> - enabling 'eve-log' module 'smtp'
3/2/2022 -- 09:22:31 - <Config> - enabling 'eve-log' module 'ssh'
3/2/2022 -- 09:22:31 - <Config> - enabling 'eve-log' module 'stats'
3/2/2022 -- 09:22:31 - <Config> - enabling 'eve-log' module 'flow'
3/2/2022 -- 09:22:31 - <Info> - Using log dir /var/log/suricata
3/2/2022 -- 09:22:31 - <Info> - Selected pcap-log compression method: none
3/2/2022 -- 09:22:31 - <Info> - using normal logging
3/2/2022 -- 09:22:31 - <Info> - stats output device (regular) initialized: stats.log
3/2/2022 -- 09:22:31 - <Config> - Delayed detect disabled
3/2/2022 -- 09:22:31 - <Config> - pattern matchers: MPM: hs, SPM: hs
3/2/2022 -- 09:22:31 - <Config> - grouping: tcp-whitelist (default) 53, 80, 139, 443, 445, 1433, 3306, 3389, 6666, 6667, 8080
3/2/2022 -- 09:22:31 - <Config> - grouping: udp-whitelist (default) 53, 135, 5060
3/2/2022 -- 09:22:31 - <Config> - prefilter engines: MPM
3/2/2022 -- 09:22:31 - <Perf> - using shared mpm ctx' for http_uri
3/2/2022 -- 09:22:31 - <Perf> - using shared mpm ctx' for http_uri
3/2/2022 -- 09:22:31 - <Perf> - using shared mpm ctx' for http_raw_uri
3/2/2022 -- 09:22:31 - <Perf> - using shared mpm ctx' for http_raw_uri
3/2/2022 -- 09:22:31 - <Perf> - using shared mpm ctx' for http_request_line
3/2/2022 -- 09:22:31 - <Perf> - using shared mpm ctx' for http_client_body
3/2/2022 -- 09:22:31 - <Perf> - using shared mpm ctx' for http_response_line
3/2/2022 -- 09:22:31 - <Perf> - using shared mpm ctx' for http_header
3/2/2022 -- 09:22:31 - <Perf> - using shared mpm ctx' for http_header
3/2/2022 -- 09:22:31 - <Perf> - using shared mpm ctx' for http_header
3/2/2022 -- 09:22:31 - <Perf> - using shared mpm ctx' for http_header
3/2/2022 -- 09:22:31 - <Perf> - using shared mpm ctx' for http_header_names
3/2/2022 -- 09:22:31 - <Perf> - using shared mpm ctx' for http_header_names
3/2/2022 -- 09:22:31 - <Perf> - using shared mpm ctx' for http_header_names
3/2/2022 -- 09:22:31 - <Perf> - using shared mpm ctx' for http_header_names
3/2/2022 -- 09:22:31 - <Perf> - using shared mpm ctx' for http_accept
3/2/2022 -- 09:22:31 - <Perf> - using shared mpm ctx' for http_accept
3/2/2022 -- 09:22:31 - <Perf> - using shared mpm ctx' for http_accept_enc
3/2/2022 -- 09:22:31 - <Perf> - using shared mpm ctx' for http_accept_enc
3/2/2022 -- 09:22:31 - <Perf> - using shared mpm ctx' for http_accept_lang
3/2/2022 -- 09:22:31 - <Perf> - using shared mpm ctx' for http_accept_lang
3/2/2022 -- 09:22:31 - <Perf> - using shared mpm ctx' for http_referer
3/2/2022 -- 09:22:31 - <Perf> - using shared mpm ctx' for http_referer
3/2/2022 -- 09:22:31 - <Perf> - using shared mpm ctx' for http_connection
3/2/2022 -- 09:22:31 - <Perf> - using shared mpm ctx' for http_connection
3/2/2022 -- 09:22:31 - <Perf> - using shared mpm ctx' for http_content_len
3/2/2022 -- 09:22:31 - <Perf> - using shared mpm ctx' for http_content_len
3/2/2022 -- 09:22:31 - <Perf> - using shared mpm ctx' for http_content_len
3/2/2022 -- 09:22:31 - <Perf> - using shared mpm ctx' for http_content_len
3/2/2022 -- 09:22:31 - <Perf> - using shared mpm ctx' for http_content_type
3/2/2022 -- 09:22:31 - <Perf> - using shared mpm ctx' for http_content_type
3/2/2022 -- 09:22:31 - <Perf> - using shared mpm ctx' for http_content_type
3/2/2022 -- 09:22:31 - <Perf> - using shared mpm ctx' for http_content_type
3/2/2022 -- 09:22:31 - <Perf> - using shared mpm ctx' for http.server
3/2/2022 -- 09:22:31 - <Perf> - using shared mpm ctx' for http.server
3/2/2022 -- 09:22:31 - <Perf> - using shared mpm ctx' for http.location
3/2/2022 -- 09:22:31 - <Perf> - using shared mpm ctx' for http.location
3/2/2022 -- 09:22:31 - <Perf> - using shared mpm ctx' for http_protocol
3/2/2022 -- 09:22:31 - <Perf> - using shared mpm ctx' for http_protocol
3/2/2022 -- 09:22:31 - <Perf> - using shared mpm ctx' for http_start
3/2/2022 -- 09:22:31 - <Perf> - using shared mpm ctx' for http_start
3/2/2022 -- 09:22:31 - <Perf> - using shared mpm ctx' for http_raw_header
3/2/2022 -- 09:22:31 - <Perf> - using shared mpm ctx' for http_raw_header
3/2/2022 -- 09:22:31 - <Perf> - using shared mpm ctx' for http_raw_header
3/2/2022 -- 09:22:31 - <Perf> - using shared mpm ctx' for http_raw_header
3/2/2022 -- 09:22:31 - <Perf> - using shared mpm ctx' for http_method
3/2/2022 -- 09:22:31 - <Perf> - using shared mpm ctx' for http_method
3/2/2022 -- 09:22:31 - <Perf> - using shared mpm ctx' for http_cookie
3/2/2022 -- 09:22:31 - <Perf> - using shared mpm ctx' for http_cookie
3/2/2022 -- 09:22:31 - <Perf> - using shared mpm ctx' for http_cookie
3/2/2022 -- 09:22:31 - <Perf> - using shared mpm ctx' for http_cookie
3/2/2022 -- 09:22:31 - <Perf> - using shared mpm ctx' for file.name
3/2/2022 -- 09:22:31 - <Perf> - using shared mpm ctx' for file.name
3/2/2022 -- 09:22:31 - <Perf> - using shared mpm ctx' for file.name
3/2/2022 -- 09:22:31 - <Perf> - using shared mpm ctx' for file.name
3/2/2022 -- 09:22:31 - <Perf> - using shared mpm ctx' for file.name
3/2/2022 -- 09:22:31 - <Perf> - using shared mpm ctx' for file.name
3/2/2022 -- 09:22:31 - <Perf> - using shared mpm ctx' for file.name
3/2/2022 -- 09:22:31 - <Perf> - using shared mpm ctx' for file.name
3/2/2022 -- 09:22:31 - <Perf> - using shared mpm ctx' for file.name
3/2/2022 -- 09:22:31 - <Perf> - using shared mpm ctx' for file.name
3/2/2022 -- 09:22:31 - <Perf> - using shared mpm ctx' for file.name
3/2/2022 -- 09:22:31 - <Perf> - using shared mpm ctx' for file.magic
3/2/2022 -- 09:22:31 - <Perf> - using shared mpm ctx' for file.magic
3/2/2022 -- 09:22:31 - <Perf> - using shared mpm ctx' for file.magic
3/2/2022 -- 09:22:31 - <Perf> - using shared mpm ctx' for file.magic
3/2/2022 -- 09:22:31 - <Perf> - using shared mpm ctx' for file.magic
3/2/2022 -- 09:22:31 - <Perf> - using shared mpm ctx' for file.magic
3/2/2022 -- 09:22:31 - <Perf> - using shared mpm ctx' for file.magic
3/2/2022 -- 09:22:31 - <Perf> - using shared mpm ctx' for file.magic
3/2/2022 -- 09:22:31 - <Perf> - using shared mpm ctx' for file.magic
3/2/2022 -- 09:22:31 - <Perf> - using shared mpm ctx' for file.magic
3/2/2022 -- 09:22:31 - <Perf> - using shared mpm ctx' for file.magic
3/2/2022 -- 09:22:31 - <Perf> - using shared mpm ctx' for http_user_agent
3/2/2022 -- 09:22:31 - <Perf> - using shared mpm ctx' for http_user_agent
3/2/2022 -- 09:22:31 - <Perf> - using shared mpm ctx' for http_host
3/2/2022 -- 09:22:31 - <Perf> - using shared mpm ctx' for http_host
3/2/2022 -- 09:22:31 - <Perf> - using shared mpm ctx' for http_raw_host
3/2/2022 -- 09:22:31 - <Perf> - using shared mpm ctx' for http_raw_host
3/2/2022 -- 09:22:31 - <Perf> - using shared mpm ctx' for http_stat_msg
3/2/2022 -- 09:22:31 - <Perf> - using shared mpm ctx' for http_stat_code
3/2/2022 -- 09:22:31 - <Perf> - using shared mpm ctx' for http_stat_code
3/2/2022 -- 09:22:31 - <Perf> - using shared mpm ctx' for http2_header_name
3/2/2022 -- 09:22:31 - <Perf> - using shared mpm ctx' for http2_header_name
3/2/2022 -- 09:22:31 - <Perf> - using shared mpm ctx' for http2_header
3/2/2022 -- 09:22:31 - <Perf> - using shared mpm ctx' for http2_header
3/2/2022 -- 09:22:31 - <Perf> - using shared mpm ctx' for dns_query
3/2/2022 -- 09:22:31 - <Perf> - using shared mpm ctx' for dnp3_data
3/2/2022 -- 09:22:31 - <Perf> - using shared mpm ctx' for dnp3_data
3/2/2022 -- 09:22:31 - <Perf> - using shared mpm ctx' for tls.sni
3/2/2022 -- 09:22:31 - <Perf> - using shared mpm ctx' for tls.cert_issuer
3/2/2022 -- 09:22:31 - <Perf> - using shared mpm ctx' for tls.cert_subject
3/2/2022 -- 09:22:31 - <Perf> - using shared mpm ctx' for tls.cert_serial
3/2/2022 -- 09:22:31 - <Perf> - using shared mpm ctx' for tls.cert_fingerprint
3/2/2022 -- 09:22:31 - <Perf> - using shared mpm ctx' for tls.certs
3/2/2022 -- 09:22:31 - <Perf> - using shared mpm ctx' for ja3.hash
3/2/2022 -- 09:22:31 - <Perf> - using shared mpm ctx' for ja3.string
3/2/2022 -- 09:22:31 - <Perf> - using shared mpm ctx' for ja3s.hash
3/2/2022 -- 09:22:31 - <Perf> - using shared mpm ctx' for ja3s.string
3/2/2022 -- 09:22:31 - <Perf> - using shared mpm ctx' for dce_stub_data
3/2/2022 -- 09:22:31 - <Perf> - using shared mpm ctx' for dce_stub_data
3/2/2022 -- 09:22:31 - <Perf> - using shared mpm ctx' for dce_stub_data
3/2/2022 -- 09:22:31 - <Perf> - using shared mpm ctx' for dce_stub_data
3/2/2022 -- 09:22:31 - <Perf> - using shared mpm ctx' for smb_named_pipe
3/2/2022 -- 09:22:31 - <Perf> - using shared mpm ctx' for smb_share
3/2/2022 -- 09:22:31 - <Perf> - using shared mpm ctx' for ssh.proto
3/2/2022 -- 09:22:31 - <Perf> - using shared mpm ctx' for ssh.proto
3/2/2022 -- 09:22:31 - <Perf> - using shared mpm ctx' for ssh_software
3/2/2022 -- 09:22:31 - <Perf> - using shared mpm ctx' for ssh_software
3/2/2022 -- 09:22:31 - <Perf> - using shared mpm ctx' for ssh.hassh
3/2/2022 -- 09:22:31 - <Perf> - using shared mpm ctx' for ssh.hassh.server
3/2/2022 -- 09:22:31 - <Perf> - using shared mpm ctx' for ssh.hassh.string
3/2/2022 -- 09:22:31 - <Perf> - using shared mpm ctx' for ssh.hassh.server.string
3/2/2022 -- 09:22:31 - <Perf> - using shared mpm ctx' for file_data
3/2/2022 -- 09:22:31 - <Perf> - using shared mpm ctx' for file_data
3/2/2022 -- 09:22:31 - <Perf> - using shared mpm ctx' for file_data
3/2/2022 -- 09:22:31 - <Perf> - using shared mpm ctx' for file_data
3/2/2022 -- 09:22:31 - <Perf> - using shared mpm ctx' for file_data
3/2/2022 -- 09:22:31 - <Perf> - using shared mpm ctx' for file_data
3/2/2022 -- 09:22:31 - <Perf> - using shared mpm ctx' for krb5_cname
3/2/2022 -- 09:22:31 - <Perf> - using shared mpm ctx' for krb5_sname
3/2/2022 -- 09:22:31 - <Perf> - using shared mpm ctx' for sip.method
3/2/2022 -- 09:22:31 - <Perf> - using shared mpm ctx' for sip.uri
3/2/2022 -- 09:22:31 - <Perf> - using shared mpm ctx' for sip.protocol
3/2/2022 -- 09:22:31 - <Perf> - using shared mpm ctx' for sip.protocol
3/2/2022 -- 09:22:31 - <Perf> - using shared mpm ctx' for sip.method
3/2/2022 -- 09:22:31 - <Perf> - using shared mpm ctx' for sip.stat_msg
3/2/2022 -- 09:22:31 - <Perf> - using shared mpm ctx' for sip.request_line
3/2/2022 -- 09:22:31 - <Perf> - using shared mpm ctx' for sip.response_line
3/2/2022 -- 09:22:31 - <Perf> - using shared mpm ctx' for rfb.name
3/2/2022 -- 09:22:31 - <Perf> - using shared mpm ctx' for snmp.community
3/2/2022 -- 09:22:31 - <Perf> - using shared mpm ctx' for snmp.community
3/2/2022 -- 09:22:31 - <Perf> - using shared mpm ctx' for mqtt.connect.clientid
3/2/2022 -- 09:22:31 - <Perf> - using shared mpm ctx' for mqtt.connect.username
3/2/2022 -- 09:22:31 - <Perf> - using shared mpm ctx' for mqtt.connect.password
3/2/2022 -- 09:22:31 - <Perf> - using shared mpm ctx' for mqtt.connect.willtopic
3/2/2022 -- 09:22:31 - <Perf> - using shared mpm ctx' for mqtt.connect.willmessage
3/2/2022 -- 09:22:31 - <Perf> - using shared mpm ctx' for mqtt.publish.topic
3/2/2022 -- 09:22:31 - <Perf> - using shared mpm ctx' for mqtt.publish.message
3/2/2022 -- 09:22:31 - <Perf> - using shared mpm ctx' for mqtt.subscribe.topic
3/2/2022 -- 09:22:31 - <Perf> - using shared mpm ctx' for mqtt.unsubscribe.topic
3/2/2022 -- 09:22:31 - <Perf> - using shared mpm ctx' for icmpv4.hdr
3/2/2022 -- 09:22:31 - <Perf> - using shared mpm ctx' for tcp.hdr
3/2/2022 -- 09:22:31 - <Perf> - using shared mpm ctx' for udp.hdr
3/2/2022 -- 09:22:31 - <Perf> - using shared mpm ctx' for icmpv6.hdr
3/2/2022 -- 09:22:31 - <Perf> - using shared mpm ctx' for ipv4.hdr
3/2/2022 -- 09:22:31 - <Perf> - using shared mpm ctx' for ipv6.hdr
3/2/2022 -- 09:22:31 - <Config> - IP reputation disabled
3/2/2022 -- 09:22:31 - <Config> - Loading rule file: /etc/suricata/rules/emerging-attack_response.rules
3/2/2022 -- 09:22:31 - <Error> - [ERRCODE: SC_ERR_UNDEFINED_VAR(101)] - Variable "SQL_SERVERS" is not defined in configuration file
3/2/2022 -- 09:22:31 - <Error> - [ERRCODE: SC_ERR_INVALID_SIGNATURE(39)] - error parsing signature "alert tcp $SQL_SERVERS 3306 -> $EXTERNAL_NET any (msg:"ET ATTACK_RESPONSE MySQL User Account Enumeration"; flow:from_server,established; content:"|02|"; offset:3; depth:4; content:"|15 04|Access denied for user"; fast_pattern; threshold:type both,track by_dst,count 10,seconds 1; reference:url,seclists.org/fulldisclosure/2012/Dec/att-9/; classtype:protocol-command-decode; sid:2015993; rev:3; metadata:created_at 2012_12_05, updated_at 2019_10_07;)" from file /etc/suricata/rules/emerging-attack_response.rules at line 439
3/2/2022 -- 09:22:31 - <Config> - Loading rule file: /etc/suricata/rules/emerging-web_specific_apps.rules
3/2/2022 -- 09:22:35 - <Config> - Loading rule file: /etc/suricata/rules/emerging-hunting.rules
3/2/2022 -- 09:22:35 - <Config> - Loading rule file: /etc/suricata/rules/emerging-smtp.rules
3/2/2022 -- 09:22:35 - <Config> - Loading rule file: /etc/suricata/rules/compromised.rules
3/2/2022 -- 09:22:35 - <Config> - Loading rule file: /etc/suricata/rules/emerging-malware.rules
3/2/2022 -- 09:22:36 - <Error> - [ERRCODE: SC_ERR_INVALID_SIGNATURE(39)] - unexpected option to startswith keyword: 'startswith'
3/2/2022 -- 09:22:36 - <Error> - [ERRCODE: SC_ERR_INVALID_SIGNATURE(39)] - error parsing signature "alert http $HOME_NET any -> $EXTERNAL_NET any (msg:"ET MALWARE MSIL/Agent.TRM Data Exfil (sysinfo)"; flow:established,to_server; http.method; content:"POST"; http.start; content:"Cookie|3a 20|dkv="; fast_pattern; http.cookie; content:"dkv="; startswith; content:"|3b|YSC="; distance:32; within:5; pcre:"/^dkv=[a-f0-9]{32}\x3bYSC=\d+$/C"; http.header_names; content:!"Referer"; content:!"Content-Type"; http.request_body; content:"DQpIb3N0IE5hbWU6"; startswith: reference:md5,d2b81c4f5d075daa681f823cc9a5e4c0; reference:url,twitter.com/w3ndige/status/1247547923845578755; classtype:command-and-control; sid:2029855; rev:1; metadata:affected_product Windows_XP_Vista_7_8_10_Server_32_64_Bit, attack_target Client_Endpoint, created_at 2020_04_09, deployment Perimeter, deployment SSLDecrypt, former_category MALWARE, signature_severity Major, updated_at 2020_04_09;)" from file /etc/suricata/rules/emerging-malware.rules at line 7687
3/2/2022 -- 09:22:36 - <Error> - [ERRCODE: SC_ERR_INVALID_SIGNATURE(39)] - unexpected option to endswith keyword: 'endswith'
3/2/2022 -- 09:22:36 - <Error> - [ERRCODE: SC_ERR_INVALID_SIGNATURE(39)] - error parsing signature "alert http $HOME_NET any -> $EXTERNAL_NET any (msg:"ET MALWARE IP Grabber CnC Activity"; flow:established,to_server; http.method; content:"POST"; http.uri; content:"/datarecord/"; endswith; http.request_body; content:"username="; startswith; content:"&content=IP%3a+"; distance:0; fast_pattern; content:"%0a"; endswith: reference:md5,635b08c141465abf86eaec88391b5ee6; classtype:command-and-control; sid:2030599; rev:2; metadata:affected_product Windows_XP_Vista_7_8_10_Server_32_64_Bit, attack_target Client_Endpoint, created_at 2020_07_27, deployment Perimeter, deployment SSLDecrypt, former_category MALWARE, performance_impact Low, signature_severity Major, updated_at 2020_07_27;)" from file /etc/suricata/rules/emerging-malware.rules at line 9927
3/2/2022 -- 09:22:38 - <Config> - Loading rule file: /etc/suricata/rules/emerging-adware_pup.rules
3/2/2022 -- 09:22:38 - <Config> - Loading rule file: /etc/suricata/rules/botcc.rules
3/2/2022 -- 09:22:38 - <Config> - Loading rule file: /etc/suricata/rules/emerging-exploit.rules
3/2/2022 -- 09:22:38 - <Error> - [ERRCODE: SC_ERR_UNDEFINED_VAR(101)] - Variable "SQL_SERVERS" is not defined in configuration file
3/2/2022 -- 09:22:38 - <Error> - [ERRCODE: SC_ERR_INVALID_SIGNATURE(39)] - error parsing signature "alert tcp $EXTERNAL_NET any -> $SQL_SERVERS 1433 (msg:"ET EXPLOIT MS-SQL SQL Injection closing string plus line comment"; flow: to_server,established; content:"'|00|"; content:"-|00|-|00|"; reference:url,owasp.org/index.php/SQL_Injection; reference:url,doc.emergingthreats.net/bin/view/Main/2000488; classtype:attempted-user; sid:2000488; rev:7; metadata:affected_product Web_Server_Applications, attack_target Web_Server, created_at 2010_07_30, deployment Datacenter, signature_severity Major, tag SQL_Injection, updated_at 2016_07_01;)" from file /etc/suricata/rules/emerging-exploit.rules at line 101
3/2/2022 -- 09:22:38 - <Error> - [ERRCODE: SC_ERR_UNDEFINED_VAR(101)] - Variable "ORACLE_PORTS" is not defined in configuration file
3/2/2022 -- 09:22:38 - <Error> - [ERRCODE: SC_ERR_INVALID_SIGNATURE(39)] - error parsing signature "alert tcp $EXTERNAL_NET any -> $HOME_NET $ORACLE_PORTS (msg:"ET EXPLOIT Possible Oracle Database Text Component ctxsys.drvxtabc.create_tables Remote SQL Injection Attempt"; flow:established,to_server; content:"ctxsys|2E|drvxtabc|2E|create|5F|tables"; nocase; content:"dbms|5F|sql|2E|execute"; nocase; distance:0; pcre:"/ctxsys\x2Edrvxtabc\x2Ecreate\x5Ftables.+(SELECT|DELETE|CREATE|INSERT|UPDATE|OUTFILE)/si"; reference:url,www.securityfocus.com/bid/36748; reference:cve,2009-1991; reference:url,doc.emergingthreats.net/2010375; classtype:attempted-admin; sid:2010375; rev:2; metadata:affected_product Web_Server_Applications, attack_target Web_Server, created_at 2010_07_30, deployment Datacenter, signature_severity Major, tag SQL_Injection, updated_at 2016_07_01;)" from file /etc/suricata/rules/emerging-exploit.rules at line 129
3/2/2022 -- 09:22:38 - <Error> - [ERRCODE: SC_ERR_UNDEFINED_VAR(101)] - Variable "SQL_SERVERS" is not defined in configuration file
3/2/2022 -- 09:22:38 - <Error> - [ERRCODE: SC_ERR_INVALID_SIGNATURE(39)] - error parsing signature "alert tcp $EXTERNAL_NET any -> $SQL_SERVERS 1433 (msg:"ET EXPLOIT SQL sp_configure - configuration change"; flow:to_server,established; content:"s|00|p|00|_|00|c|00|o|00|n|00|f|00|i|00|g|00|u|00|r|00|e|00|"; nocase; reference:url,msdn.microsoft.com/en-us/library/ms190693.aspx; reference:url,doc.emergingthreats.net/bin/view/Main/2008517; classtype:attempted-user; sid:2008517; rev:2; metadata:created_at 2010_07_30, updated_at 2010_07_30;)" from file /etc/suricata/rules/emerging-exploit.rules at line 177
3/2/2022 -- 09:22:38 - <Error> - [ERRCODE: SC_ERR_UNDEFINED_VAR(101)] - Variable "SQL_SERVERS" is not defined in configuration file
3/2/2022 -- 09:22:38 - <Error> - [ERRCODE: SC_ERR_INVALID_SIGNATURE(39)] - error parsing signature "alert tcp $EXTERNAL_NET any -> $SQL_SERVERS 445 (msg:"GPL EXPLOIT xp_cmdshell program execution 445"; flow:to_server,established; content:"x|00|p|00|_|00|c|00|m|00|d|00|s|00|h|00|e|00|l|00|l|00|"; nocase; classtype:attempted-user; sid:2101759; rev:6; metadata:created_at 2010_09_23, updated_at 2010_09_23;)" from file /etc/suricata/rules/emerging-exploit.rules at line 303
3/2/2022 -- 09:22:38 - <Error> - [ERRCODE: SC_ERR_UNDEFINED_VAR(101)] - Variable "SQL_SERVERS" is not defined in configuration file
3/2/2022 -- 09:22:38 - <Error> - [ERRCODE: SC_ERR_INVALID_SIGNATURE(39)] - error parsing signature "alert tcp $EXTERNAL_NET any -> $SQL_SERVERS 139 (msg:"GPL EXPLOIT sp_start_job - program execution"; flow:to_server,established; content:"s|00|p|00|_|00|s|00|t|00|a|00|r|00|t|00|_|00|j|00|o|00|b|00|"; depth:32; offset:32; nocase; classtype:attempted-user; sid:2100676; rev:7; metadata:created_at 2010_09_23, updated_at 2010_09_23;)" from file /etc/suricata/rules/emerging-exploit.rules at line 435
3/2/2022 -- 09:22:38 - <Error> - [ERRCODE: SC_ERR_UNDEFINED_VAR(101)] - Variable "SQL_SERVERS" is not defined in configuration file
3/2/2022 -- 09:22:38 - <Error> - [ERRCODE: SC_ERR_INVALID_SIGNATURE(39)] - error parsing signature "alert tcp $EXTERNAL_NET any -> $SQL_SERVERS 139 (msg:"GPL EXPLOIT xp_sprintf possible buffer overflow"; flow:to_server,established; content:"x|00|p|00|_|00|s|00|p|00|r|00|i|00|n|00|t|00|f|00|"; offset:32; nocase; reference:bugtraq,1204; reference:url,www.microsoft.com/technet/security/bulletin/MS01-060.mspx; classtype:attempted-user; sid:2100695; rev:10; metadata:created_at 2010_09_23, updated_at 2010_09_23;)" from file /etc/suricata/rules/emerging-exploit.rules at line 437
3/2/2022 -- 09:22:38 - <Error> - [ERRCODE: SC_ERR_UNDEFINED_VAR(101)] - Variable "SQL_SERVERS" is not defined in configuration file
3/2/2022 -- 09:22:38 - <Error> - [ERRCODE: SC_ERR_INVALID_SIGNATURE(39)] - error parsing signature "alert tcp $EXTERNAL_NET any -> $SQL_SERVERS 1433 (msg:"GPL EXPLOIT xp_cmdshell - program execution"; flow:to_server,established; content:"x|00|p|00|_|00|c|00|m|00|d|00|s|00|h|00|e|00|l|00|l|00|"; nocase; classtype:attempted-user; sid:2100687; rev:6; metadata:created_at 2010_09_23, updated_at 2010_09_23;)" from file /etc/suricata/rules/emerging-exploit.rules at line 439
3/2/2022 -- 09:22:38 - <Error> - [ERRCODE: SC_ERR_UNDEFINED_VAR(101)] - Variable "TELNET_SERVERS" is not defined in configuration file
3/2/2022 -- 09:22:38 - <Error> - [ERRCODE: SC_ERR_INVALID_SIGNATURE(39)] - error parsing signature "alert tcp $EXTERNAL_NET any -> $TELNET_SERVERS 23 (msg:"GPL EXPLOIT login buffer non-evasive overflow attempt"; flow:to_server,established; flowbits:isnotset,ttyprompt; content:"|FF FA|'|00 00|"; rawbytes; pcre:"/T.*?T.*?Y.*?P.*?R.*?O.*?M.*?P.*?T/RBi"; flowbits:set,ttyprompt; reference:bugtraq,3681; reference:cve,2001-0797; classtype:attempted-admin; sid:2103274; rev:4; metadata:created_at 2010_09_23, updated_at 2010_09_23;)" from file /etc/suricata/rules/emerging-exploit.rules at line 441
3/2/2022 -- 09:22:38 - <Error> - [ERRCODE: SC_ERR_UNDEFINED_VAR(101)] - Variable "SQL_SERVERS" is not defined in configuration file
3/2/2022 -- 09:22:38 - <Error> - [ERRCODE: SC_ERR_INVALID_SIGNATURE(39)] - error parsing signature "alert tcp $EXTERNAL_NET any -> $SQL_SERVERS 3306 (msg:"ET EXPLOIT MySQL Server for Windows Remote SYSTEM Level Exploit (Stuxnet Techique DUMP INTO executable)"; flow:to_server,established; content:"|03|"; offset:3; depth:4; content:"SELECT data FROM"; nocase; distance:0; content:"INTO DUMPFILE"; nocase; distance:0; content:"c|3a|/windows/system32/"; nocase; fast_pattern; content:".exe"; nocase; distance:0; pcre:"/SELECT data FROM [^\x20]+?\x20INTO DUMPFILE [\x27\x22]c\x3a\/windows\/system32\/[a-z0-9_-]+?\.exe[\x27\x22]/i"; reference:url,seclists.org/fulldisclosure/2012/Dec/att-13/; classtype:attempted-user; sid:2015995; rev:4; metadata:created_at 2012_12_05, updated_at 2012_12_05;)" from file /etc/suricata/rules/emerging-exploit.rules at line 513
3/2/2022 -- 09:22:38 - <Error> - [ERRCODE: SC_ERR_UNDEFINED_VAR(101)] - Variable "SQL_SERVERS" is not defined in configuration file
3/2/2022 -- 09:22:38 - <Error> - [ERRCODE: SC_ERR_INVALID_SIGNATURE(39)] - error parsing signature "alert tcp $EXTERNAL_NET any -> $SQL_SERVERS 3306 (msg:"ET EXPLOIT MySQL Server for Windows Remote SYSTEM Level Exploit (Stuxnet Technique)"; flow:to_server,established; content:"|03|"; offset:3; depth:4; content:"INSERT INTO"; nocase; distance:0; content:"#pragma namespace("; nocase; distance:0; content:"|5c 5c 5c|.|5c 5c 5c 5c|root|5c 5c 5c 5c|"; nocase; distance:0; content:"__EventFilter"; nocase; distance:0; content:" __InstanceModificationEvent"; nocase; distance:0; content:"TargetInstance"; nocase; distance:0; content:"Win32_LocalTime"; nocase; distance:0; content:"ActiveScriptEventConsumer"; nocase; distance:0; content:"JScript"; nocase; distance:0; content:"WScript.Shell"; nocase; distance:0; content:"WSH.run"; nocase; distance:0; content:".exe"; distance:0; content:"__FilterToConsumerBinding"; pcre:"/WSH\.run\x28\x5c+?[\x22\x27][a-z0-9_-]+?\.exe/"; reference:url,seclists.org/fulldisclosure/2012/Dec/att-13/; classtype:attempted-user; sid:2015996; rev:3; metadata:created_at 2012_12_05, updated_at 2012_12_05;)" from file /etc/suricata/rules/emerging-exploit.rules at line 577
3/2/2022 -- 09:22:38 - <Error> - [ERRCODE: SC_ERR_UNDEFINED_VAR(101)] - Variable "SSH_PORTS" is not defined in configuration file
3/2/2022 -- 09:22:38 - <Error> - [ERRCODE: SC_ERR_INVALID_SIGNATURE(39)] - error parsing signature "alert ssh any $SSH_PORTS -> any any (msg:"ET EXPLOIT Possible CVE-2016-0777 Server Advertises Suspicious Roaming Support"; flow:established,to_client; content:"|14|"; offset:6; content:"resume@appgate.com"; distance:0; content:!"AppGateSSH_5.2"; reference:cve,2016-0777; reference:url,www.qualys.com/2016/01/14/cve-2016-0777-cve-2016-0778/openssh-cve-2016-0777-cve-2016-0778.txt; classtype:attempted-user; sid:2022369; rev:2; metadata:created_at 2016_01_14, updated_at 2016_01_14;)" from file /etc/suricata/rules/emerging-exploit.rules at line 699
3/2/2022 -- 09:22:38 - <Error> - [ERRCODE: SC_ERR_UNDEFINED_VAR(101)] - Variable "SSH_PORTS" is not defined in configuration file
3/2/2022 -- 09:22:38 - <Error> - [ERRCODE: SC_ERR_INVALID_SIGNATURE(39)] - error parsing signature "alert tcp any any -> any $SSH_PORTS (msg:"ET EXPLOIT Possible CVE-2016-0777 Client Sent Roaming Resume Request"; flow:established,to_server; content:"|14|"; offset:6; content:"roaming@appgate.com"; distance:0; content:!"AppGateSSH_5.2"; reference:cve,2016-0777; reference:url,www.qualys.com/2016/01/14/cve-2016-0777-cve-2016-0778/openssh-cve-2016-0777-cve-2016-0778.txt; classtype:attempted-user; sid:2022370; rev:2; metadata:created_at 2016_01_14, updated_at 2016_01_14;)" from file /etc/suricata/rules/emerging-exploit.rules at line 701
3/2/2022 -- 09:22:38 - <Error> - [ERRCODE: SC_ERR_UNDEFINED_VAR(101)] - Variable "SQL_SERVERS" is not defined in configuration file
3/2/2022 -- 09:22:38 - <Error> - [ERRCODE: SC_ERR_INVALID_SIGNATURE(39)] - error parsing signature "alert tcp $EXTERNAL_NET any -> $SQL_SERVERS 1433 (msg:"ET EXPLOIT xp_enumerrorlogs access"; flow:to_server,established; content:"x|00|p|00|_|00|e|00|n|00|u|00|m|00|e|00|r|00|r|00|o|00|r|00|l|00|o|00|g|00|s|00|"; nocase; reference:url,doc.emergingthreats.net/2010001; classtype:attempted-user; sid:2010001; rev:4; metadata:created_at 2010_07_30, former_category ATTACK_RESPONSE, updated_at 2018_01_09;)" from file /etc/suricata/rules/emerging-exploit.rules at line 899
3/2/2022 -- 09:22:38 - <Error> - [ERRCODE: SC_ERR_UNDEFINED_VAR(101)] - Variable "SQL_SERVERS" is not defined in configuration file
3/2/2022 -- 09:22:38 - <Error> - [ERRCODE: SC_ERR_INVALID_SIGNATURE(39)] - error parsing signature "alert tcp $EXTERNAL_NET any -> $SQL_SERVERS 1433 (msg:"ET EXPLOIT xp_readerrorlogs access"; flow:to_server,established; content:"x|00|p|00|_|00|r|00|e|00|a|00|d|00|e|00|r|00|r|00|o|00|r|00|l|00|o|00|g|00|s|00|"; nocase; reference:url,doc.emergingthreats.net/2010002; classtype:attempted-user; sid:2010002; rev:5; metadata:created_at 2010_07_30, former_category ATTACK_RESPONSE, updated_at 2018_01_09;)" from file /etc/suricata/rules/emerging-exploit.rules at line 901
3/2/2022 -- 09:22:38 - <Error> - [ERRCODE: SC_ERR_UNDEFINED_VAR(101)] - Variable "SQL_SERVERS" is not defined in configuration file
3/2/2022 -- 09:22:38 - <Error> - [ERRCODE: SC_ERR_INVALID_SIGNATURE(39)] - error parsing signature "alert tcp $EXTERNAL_NET any -> $SQL_SERVERS 1433 (msg:"ET EXPLOIT xp_enumdsn access"; flow:to_server,established; content:"x|00|p|00|_|00|e|00|n|00|u|00|m|00|d|00|s|00|n|00|"; nocase; reference:url,doc.emergingthreats.net/2010003; classtype:attempted-user; sid:2010003; rev:5; metadata:created_at 2010_07_30, former_category ATTACK_RESPONSE, updated_at 2018_01_09;)" from file /etc/suricata/rules/emerging-exploit.rules at line 903
3/2/2022 -- 09:22:38 - <Config> - Loading rule file: /etc/suricata/rules/emerging-snmp.rules
3/2/2022 -- 09:22:38 - <Config> - Loading rule file: /etc/suricata/rules/emerging-current_events.rules
3/2/2022 -- 09:22:38 - <Config> - No rules loaded from emerging-current_events.rules.
3/2/2022 -- 09:22:38 - <Config> - Loading rule file: /etc/suricata/rules/emerging-tftp.rules
3/2/2022 -- 09:22:38 - <Config> - Loading rule file: /etc/suricata/rules/emerging-chat.rules
3/2/2022 -- 09:22:38 - <Error> - [ERRCODE: SC_ERR_UNDEFINED_VAR(101)] - Variable "AIM_SERVERS" is not defined in configuration file
3/2/2022 -- 09:22:38 - <Error> - [ERRCODE: SC_ERR_INVALID_SIGNATURE(39)] - error parsing signature "alert tcp $AIM_SERVERS any -> $HOME_NET any (msg:"GPL CHAT AIM receive message"; flow:to_client; content:"*|02|"; depth:2; content:"|00 04 00 07|"; depth:4; offset:6; classtype:policy-violation; sid:2101633; rev:7; metadata:created_at 2010_09_23, updated_at 2010_09_23;)" from file /etc/suricata/rules/emerging-chat.rules at line 125
3/2/2022 -- 09:22:38 - <Error> - [ERRCODE: SC_ERR_UNDEFINED_VAR(101)] - Variable "AIM_SERVERS" is not defined in configuration file
3/2/2022 -- 09:22:38 - <Error> - [ERRCODE: SC_ERR_INVALID_SIGNATURE(39)] - error parsing signature "alert tcp $HOME_NET any -> $AIM_SERVERS any (msg:"GPL CHAT AIM login"; flow:to_server,established; content:"*|02|"; depth:2; content:"|00 17 00 06|"; within:8; distance:4; classtype:policy-violation; sid:2101631; rev:9; metadata:created_at 2010_09_23, updated_at 2010_09_23;)" from file /etc/suricata/rules/emerging-chat.rules at line 129
3/2/2022 -- 09:22:39 - <Config> - Loading rule file: /etc/suricata/rules/emerging-policy.rules
3/2/2022 -- 09:22:39 - <Error> - [ERRCODE: SC_ERR_UNDEFINED_VAR(101)] - Variable "SSH_PORTS" is not defined in configuration file
3/2/2022 -- 09:22:39 - <Error> - [ERRCODE: SC_ERR_INVALID_SIGNATURE(39)] - error parsing signature "alert tcp $EXTERNAL_NET $SSH_PORTS -> any any (msg:"ET POLICY Potentially Vulnerable LibSSH Server Observed - Possible Authentication Bypass (CVE-2018-10933)"; flow:from_server,established; content:"SSH-2.0-libssh-0."; depth:17; pcre:"/^[67]\.[01235]/R"; reference:url,www.libssh.org/security/advisories/CVE-2018-10933.txt; reference:url,github.com/blacknbunny/libSSH-Authentication-Bypass; reference:cve,2018-10933; classtype:bad-unknown; sid:2026526; rev:1; metadata:attack_target Client_Endpoint, created_at 2018_10_19, deployment Perimeter, former_category POLICY, signature_severity Major, tag CVE_2018_10933, updated_at 2018_10_19;)" from file /etc/suricata/rules/emerging-policy.rules at line 887
3/2/2022 -- 09:22:39 - <Config> - Loading rule file: /etc/suricata/rules/dshield.rules
3/2/2022 -- 09:22:39 - <Config> - Loading rule file: /etc/suricata/rules/emerging-ftp.rules
3/2/2022 -- 09:22:39 - <Config> - Loading rule file: /etc/suricata/rules/emerging-icmp_info.rules
3/2/2022 -- 09:22:39 - <Config> - Loading rule file: /etc/suricata/rules/emerging-worm.rules
3/2/2022 -- 09:22:39 - <Config> - Loading rule file: /etc/suricata/rules/emerging-ja3.rules
3/2/2022 -- 09:22:39 - <Config> - Loading rule file: /etc/suricata/rules/emerging-info.rules
3/2/2022 -- 09:22:39 - <Error> - [ERRCODE: SC_ERR_UNDEFINED_VAR(101)] - Variable "SQL_SERVERS" is not defined in configuration file
3/2/2022 -- 09:22:39 - <Error> - [ERRCODE: SC_ERR_INVALID_SIGNATURE(39)] - error parsing signature "alert tcp $EXTERNAL_NET any -> $SQL_SERVERS 3306 (msg:"ET INFO MySQL Database Query Version OS compile"; flow:to_server,established; content:"|03|"; offset:3; depth:4; content:"select |40 40|version_compile_os"; nocase; pcre:"/SELECT @@version_compile_os\s*?\x3b/i"; classtype:misc-activity; sid:2015994; rev:2; metadata:created_at 2012_12_05, updated_at 2012_12_05;)" from file /etc/suricata/rules/emerging-info.rules at line 99
3/2/2022 -- 09:22:39 - <Error> - [ERRCODE: SC_ERR_UNDEFINED_VAR(101)] - Variable "SSH_PORTS" is not defined in configuration file
3/2/2022 -- 09:22:39 - <Error> - [ERRCODE: SC_ERR_INVALID_SIGNATURE(39)] - error parsing signature "alert tcp $EXTERNAL_NET any -> $HOME_NET $SSH_PORTS (msg:"ET INFO NetSSH SSH Version String Hardcoded in Metasploit"; flow:established,to_server; content:"SSH-2.0-OpenSSH_5.0|0d 0a|"; depth:21; reference:url,github.com/rapid7/metasploit-framework/blob/master/lib/net/ssh/transport/server_version.rb; classtype:attempted-user; sid:2014925; rev:2; metadata:affected_product Any, attack_target Client_and_Server, created_at 2012_06_19, deployment Perimeter, deployment Internet, deployment Internal, deployment Datacenter, signature_severity Critical, tag Metasploit, updated_at 2016_07_01;)" from file /etc/suricata/rules/emerging-info.rules at line 289
3/2/2022 -- 09:22:39 - <Config> - Loading rule file: /etc/suricata/rules/emerging-dns.rules
3/2/2022 -- 09:22:39 - <Config> - Loading rule file: /etc/suricata/rules/emerging-rpc.rules
3/2/2022 -- 09:22:39 - <Config> - Loading rule file: /etc/suricata/rules/emerging-inappropriate.rules
3/2/2022 -- 09:22:39 - <Config> - Loading rule file: /etc/suricata/rules/emerging-pop3.rules
3/2/2022 -- 09:22:39 - <Config> - Loading rule file: /etc/suricata/rules/ciarmy.rules
3/2/2022 -- 09:22:39 - <Config> - Loading rule file: /etc/suricata/rules/emerging-phishing.rules
3/2/2022 -- 09:22:40 - <Config> - Loading rule file: /etc/suricata/rules/emerging-imap.rules
3/2/2022 -- 09:22:40 - <Config> - Loading rule file: /etc/suricata/rules/emerging-scan.rules
3/2/2022 -- 09:22:40 - <Error> - [ERRCODE: SC_ERR_UNDEFINED_VAR(101)] - Variable "SQL_SERVERS" is not defined in configuration file
3/2/2022 -- 09:22:40 - <Error> - [ERRCODE: SC_ERR_INVALID_SIGNATURE(39)] - error parsing signature "alert tcp $EXTERNAL_NET any -> $SQL_SERVERS 3306 (msg:"ET SCAN MYSQL 4.0 brute force root login attempt"; flow:to_server,established; content:"|01|"; offset:3; depth:4; content:"root|00|"; nocase; distance:5; within:5; threshold:type both,track by_src,count 5,seconds 60; reference:url,www.redferni.uklinux.net/mysql/MySQL-323.html; reference:url,doc.emergingthreats.net/2001906; classtype:protocol-command-decode; sid:2001906; rev:6; metadata:created_at 2010_07_30, updated_at 2010_07_30;)" from file /etc/suricata/rules/emerging-scan.rules at line 59
3/2/2022 -- 09:22:40 - <Error> - [ERRCODE: SC_ERR_UNDEFINED_VAR(101)] - Variable "SQL_SERVERS" is not defined in configuration file
3/2/2022 -- 09:22:40 - <Error> - [ERRCODE: SC_ERR_INVALID_SIGNATURE(39)] - error parsing signature "alert tcp $EXTERNAL_NET any -> $SQL_SERVERS 3306 (msg:"ET SCAN MYSQL 4.1 brute force root login attempt"; flow:to_server,established; content:"|01|"; offset:3; depth:4; content:"root|00|"; nocase; distance:32; within:5; threshold:type both,track by_src,count 5,seconds 60; reference:url,www.redferni.uklinux.net/mysql/MySQL-Protocol.html; reference:url,doc.emergingthreats.net/2002842; classtype:protocol-command-decode; sid:2002842; rev:4; metadata:created_at 2010_07_30, updated_at 2010_07_30;)" from file /etc/suricata/rules/emerging-scan.rules at line 61
3/2/2022 -- 09:22:40 - <Error> - [ERRCODE: SC_ERR_UNDEFINED_VAR(101)] - Variable "SQL_SERVERS" is not defined in configuration file
3/2/2022 -- 09:22:40 - <Error> - [ERRCODE: SC_ERR_INVALID_SIGNATURE(39)] - error parsing signature "alert tcp $EXTERNAL_NET any -> $SQL_SERVERS 3306 (msg:"ET SCAN MYSQL MySQL Remote FAST Account Password Cracking"; flow:to_server,established; content:"|11|"; offset:3; depth:4; threshold:type both,track by_src,count 100,seconds 1; reference:url,www.securityfocus.com/archive/1/524927/30/0/threaded; classtype:protocol-command-decode; sid:2015986; rev:5; metadata:created_at 2012_12_04, updated_at 2012_12_04;)" from file /etc/suricata/rules/emerging-scan.rules at line 233
3/2/2022 -- 09:22:40 - <Config> - Loading rule file: /etc/suricata/rules/emerging-misc.rules
3/2/2022 -- 09:22:40 - <Config> - Loading rule file: /etc/suricata/rules/emerging-sql.rules
3/2/2022 -- 09:22:40 - <Error> - [ERRCODE: SC_ERR_UNDEFINED_VAR(101)] - Variable "SQL_SERVERS" is not defined in configuration file
3/2/2022 -- 09:22:40 - <Error> - [ERRCODE: SC_ERR_INVALID_SIGNATURE(39)] - error parsing signature "alert tcp $EXTERNAL_NET any -> $SQL_SERVERS 3306 (msg:"GPL SQL MYSQL root login attempt"; flow:to_server,established; content:"|0A 00 00 01 85 04 00 00 80|root|00|"; classtype:protocol-command-decode; sid:2101775; rev:4; metadata:created_at 2010_09_23, updated_at 2010_09_23;)" from file /etc/suricata/rules/emerging-sql.rules at line 45
3/2/2022 -- 09:22:40 - <Error> - [ERRCODE: SC_ERR_UNDEFINED_VAR(101)] - Variable "SQL_SERVERS" is not defined in configuration file
3/2/2022 -- 09:22:40 - <Error> - [ERRCODE: SC_ERR_INVALID_SIGNATURE(39)] - error parsing signature "alert tcp $EXTERNAL_NET any -> $SQL_SERVERS 3306 (msg:"GPL SQL MYSQL show databases attempt"; flow:to_server,established; content:"|0F 00 00 00 03|show databases"; classtype:protocol-command-decode; sid:2101776; rev:4; metadata:created_at 2010_09_23, updated_at 2010_09_23;)" from file /etc/suricata/rules/emerging-sql.rules at line 47
3/2/2022 -- 09:22:40 - <Error> - [ERRCODE: SC_ERR_UNDEFINED_VAR(101)] - Variable "SQL_SERVERS" is not defined in configuration file
3/2/2022 -- 09:22:40 - <Error> - [ERRCODE: SC_ERR_INVALID_SIGNATURE(39)] - error parsing signature "alert tcp $EXTERNAL_NET any -> $SQL_SERVERS $ORACLE_PORTS (msg:"GPL SQL connect_data remote version detection attempt"; flow:to_server,established; content:"connect_data|28|command=version|29|"; nocase; classtype:protocol-command-decode; sid:2101674; rev:6; metadata:created_at 2010_09_23, updated_at 2010_09_23;)" from file /etc/suricata/rules/emerging-sql.rules at line 51
3/2/2022 -- 09:22:40 - <Error> - [ERRCODE: SC_ERR_UNDEFINED_VAR(101)] - Variable "SQL_SERVERS" is not defined in configuration file
3/2/2022 -- 09:22:40 - <Error> - [ERRCODE: SC_ERR_INVALID_SIGNATURE(39)] - error parsing signature "alert tcp $SQL_SERVERS 1433 -> $EXTERNAL_NET any (msg:"GPL SQL sa brute force failed login attempt"; flow:from_server,established; content:"Login failed for user 'sa'"; threshold:type threshold, track by_src, count 5, seconds 2; reference:bugtraq,4797; reference:cve,2000-1209; reference:nessus,10673; classtype:unsuccessful-user; sid:2103152; rev:4; metadata:created_at 2010_09_23, updated_at 2010_09_23;)" from file /etc/suricata/rules/emerging-sql.rules at line 55
3/2/2022 -- 09:22:40 - <Error> - [ERRCODE: SC_ERR_UNDEFINED_VAR(101)] - Variable "SQL_SERVERS" is not defined in configuration file
3/2/2022 -- 09:22:40 - <Error> - [ERRCODE: SC_ERR_INVALID_SIGNATURE(39)] - error parsing signature "alert tcp $EXTERNAL_NET any -> $SQL_SERVERS $ORACLE_PORTS (msg:"GPL SQL dbms_repcat.generate_replication_support buffer overflow attempt"; flow:to_server,established; content:"dbms_repcat.generate_replication_support"; nocase; pcre:"/((\w+)[\r\n\s]*\x3a=[\r\n\s]*(\x27[^\x27]{1024,}\x27|\x22[^\x22]{1024,}\x22)[\r\n\s]*\x3b.*package_prefix[\r\n\s]*=>[\r\n\s]*\2|package_prefix\s*=>\s*(\x27[^\x27]{1024,}|\x22[^\x22]{1024,})|(\w+)[\r\n\s]*\x3a=[\r\n\s]*(\x27[^\x27]{1024,}\x27|\x22[^\x22]{1024,}\x22)[\r\n\s]*\x3b.*procedure_prefix[\r\n\s]*=>[\r\n\s]*\2|procedure_prefix\s*=>\s*(\x27[^\x27]{1024,}|\x22[^\x22]{1024,})|\(\s*((\x27[^\x27]*\x27|\x22[^\x22]+\x22)\s*,\s*){3}(\x27[^\x27]{1024,}|\x22[^\x22]{1024,})|\(\s*((\x27[^\x27]*\x27|\x22[^\x22]+\x22)\s*,\s*){4}(\x27[^\x27]{1024,}|\x22[^\x22]{1024,}))/si"; reference:url,www.appsecinc.com/Policy/PolicyCheck93.html; classtype:attempted-user; sid:2102576; rev:7; metadata:created_at 2010_09_23, updated_at 2010_09_23;)" from file /etc/suricata/rules/emerging-sql.rules at line 61
3/2/2022 -- 09:22:40 - <Error> - [ERRCODE: SC_ERR_UNDEFINED_VAR(101)] - Variable "SQL_SERVERS" is not defined in configuration file
3/2/2022 -- 09:22:40 - <Error> - [ERRCODE: SC_ERR_INVALID_SIGNATURE(39)] - error parsing signature "alert tcp $EXTERNAL_NET any -> $SQL_SERVERS 139 (msg:"GPL SQL sp_password password change"; flow:to_server,established; content:"s|00|p|00|_|00|p|00|a|00|s|00|s|00|w|00|o|00|r|00|d|00|"; nocase; classtype:attempted-user; sid:2100677; rev:7; metadata:created_at 2010_09_23, updated_at 2010_09_23;)" from file /etc/suricata/rules/emerging-sql.rules at line 65
3/2/2022 -- 09:22:40 - <Error> - [ERRCODE: SC_ERR_UNDEFINED_VAR(101)] - Variable "SQL_SERVERS" is not defined in configuration file
3/2/2022 -- 09:22:40 - <Error> - [ERRCODE: SC_ERR_INVALID_SIGNATURE(39)] - error parsing signature "alert tcp $EXTERNAL_NET any -> $SQL_SERVERS 139 (msg:"GPL SQL sp_delete_alert log file deletion"; flow:to_server,established; content:"s|00|p|00|_|00|d|00|e|00|l|00|e|00|t|00|e|00|_|00|a|00|l|00|e|00|"; nocase; classtype:attempted-user; sid:2100678; rev:7; metadata:created_at 2010_09_23, updated_at 2010_09_23;)" from file /etc/suricata/rules/emerging-sql.rules at line 67
3/2/2022 -- 09:22:40 - <Error> - [ERRCODE: SC_ERR_UNDEFINED_VAR(101)] - Variable "SQL_SERVERS" is not defined in configuration file
3/2/2022 -- 09:22:40 - <Error> - [ERRCODE: SC_ERR_INVALID_SIGNATURE(39)] - error parsing signature "alert tcp $SQL_SERVERS 139 -> $EXTERNAL_NET any (msg:"GPL SQL sa login failed"; flow:from_server,established; content:"Login failed for user 'sa'"; offset:83; reference:bugtraq,4797; reference:cve,2000-1209; classtype:attempted-user; sid:2100680; rev:10; metadata:created_at 2010_09_23, updated_at 2010_09_23;)" from file /etc/suricata/rules/emerging-sql.rules at line 69
3/2/2022 -- 09:22:40 - <Error> - [ERRCODE: SC_ERR_UNDEFINED_VAR(101)] - Variable "SQL_SERVERS" is not defined in configuration file
3/2/2022 -- 09:22:40 - <Error> - [ERRCODE: SC_ERR_INVALID_SIGNATURE(39)] - error parsing signature "alert tcp $EXTERNAL_NET any -> $SQL_SERVERS 1433 (msg:"GPL SQL sp_password - password change"; flow:to_server,established; content:"s|00|p|00|_|00|p|00|a|00|s|00|s|00|w|00|o|00|r|00|d|00|"; nocase; classtype:attempted-user; sid:2100683; rev:6; metadata:created_at 2010_09_23, updated_at 2010_09_23;)" from file /etc/suricata/rules/emerging-sql.rules at line 71
3/2/2022 -- 09:22:40 - <Error> - [ERRCODE: SC_ERR_UNDEFINED_VAR(101)] - Variable "SQL_SERVERS" is not defined in configuration file
3/2/2022 -- 09:22:40 - <Error> - [ERRCODE: SC_ERR_INVALID_SIGNATURE(39)] - error parsing signature "alert tcp $EXTERNAL_NET any -> $SQL_SERVERS 1433 (msg:"GPL SQL sp_delete_alert log file deletion"; flow:to_server,established; content:"s|00|p|00|_|00|d|00|e|00|l|00|e|00|t|00|e|00|_|00|a|00|l|00|e|00|r|00|t|00|"; nocase; classtype:attempted-user; sid:2100684; rev:6; metadata:created_at 2010_09_23, updated_at 2010_09_23;)" from file /etc/suricata/rules/emerging-sql.rules at line 73
3/2/2022 -- 09:22:40 - <Error> - [ERRCODE: SC_ERR_UNDEFINED_VAR(101)] - Variable "SQL_SERVERS" is not defined in configuration file
3/2/2022 -- 09:22:40 - <Error> - [ERRCODE: SC_ERR_INVALID_SIGNATURE(39)] - error parsing signature "alert tcp $EXTERNAL_NET any -> $SQL_SERVERS 1433 (msg:"GPL SQL sp_adduser - database user creation"; flow:to_server,established; content:"s|00|p|00|_|00|a|00|d|00|d|00|u|00|s|00|e|00|r|00|"; nocase; classtype:attempted-user; sid:2100685; rev:6; metadata:created_at 2010_09_23, updated_at 2010_09_23;)" from file /etc/suricata/rules/emerging-sql.rules at line 75
3/2/2022 -- 09:22:40 - <Error> - [ERRCODE: SC_ERR_UNDEFINED_VAR(101)] - Variable "SQL_SERVERS" is not defined in configuration file
3/2/2022 -- 09:22:40 - <Error> - [ERRCODE: SC_ERR_INVALID_SIGNATURE(39)] - error parsing signature "alert tcp $SQL_SERVERS 1433 -> $EXTERNAL_NET any (msg:"GPL SQL sa login failed"; flow:from_server,established; content:"Login failed for user 'sa'"; reference:bugtraq,4797; reference:cve,2000-1209; reference:nessus,10673; classtype:unsuccessful-user; sid:2100688; rev:11; metadata:created_at 2010_09_23, updated_at 2010_09_23;)" from file /etc/suricata/rules/emerging-sql.rules at line 77
3/2/2022 -- 09:22:40 - <Error> - [ERRCODE: SC_ERR_UNDEFINED_VAR(101)] - Variable "SQL_SERVERS" is not defined in configuration file
3/2/2022 -- 09:22:40 - <Error> - [ERRCODE: SC_ERR_INVALID_SIGNATURE(39)] - error parsing signature "alert tcp $EXTERNAL_NET any -> $SQL_SERVERS 139 (msg:"GPL SQL xp_printstatements possible buffer overflow"; flow:to_server,established; content:"x|00|p|00|_|00|p|00|r|00|i|00|n|00|t|00|s|00|t|00|a|00|t|00|e|00|m|00|e|00|n|00|t|00|s|00|"; offset:32; nocase; reference:bugtraq,2041; reference:cve,2000-1086; reference:url,www.microsoft.com/technet/security/bulletin/MS00-092.mspx; classtype:attempted-user; sid:2100690; rev:10; metadata:created_at 2010_09_23, updated_at 2010_09_23;)" from file /etc/suricata/rules/emerging-sql.rules at line 79
3/2/2022 -- 09:22:40 - <Error> - [ERRCODE: SC_ERR_UNDEFINED_VAR(101)] - Variable "SQL_SERVERS" is not defined in configuration file
3/2/2022 -- 09:22:40 - <Error> - [ERRCODE: SC_ERR_INVALID_SIGNATURE(39)] - error parsing signature "alert tcp $EXTERNAL_NET any -> $SQL_SERVERS 139 (msg:"GPL SQL shellcode attempt"; flow:to_server,established; content:"9 |D0 00 92 01 C2 00|R|00|U|00|9 |EC 00|"; classtype:shellcode-detect; sid:2100692; rev:7; metadata:created_at 2010_09_23, updated_at 2010_09_23;)" from file /etc/suricata/rules/emerging-sql.rules at line 81
3/2/2022 -- 09:22:40 - <Error> - [ERRCODE: SC_ERR_UNDEFINED_VAR(101)] - Variable "SQL_SERVERS" is not defined in configuration file
3/2/2022 -- 09:22:40 - <Error> - [ERRCODE: SC_ERR_INVALID_SIGNATURE(39)] - error parsing signature "alert tcp $EXTERNAL_NET any -> $SQL_SERVERS 1433 (msg:"GPL SQL MSSQL shellcode attempt 2"; flow:to_server,established; content:"H|00|%|00|x|00|w|00 90 00 90 00 90 00 90 00 90 00|3|00 C0 00|P|00|h|00|.|00|"; classtype:shellcode-detect; sid:2100693; rev:7; metadata:created_at 2010_09_23, updated_at 2010_09_23;)" from file /etc/suricata/rules/emerging-sql.rules at line 83
3/2/2022 -- 09:22:40 - <Error> - [ERRCODE: SC_ERR_UNDEFINED_VAR(101)] - Variable "SQL_SERVERS" is not defined in configuration file
3/2/2022 -- 09:22:40 - <Error> - [ERRCODE: SC_ERR_INVALID_SIGNATURE(39)] - error parsing signature "alert tcp $EXTERNAL_NET any -> $SQL_SERVERS 139 (msg:"GPL SQL shellcode attempt"; flow:to_server,established; content:"H|00|%|00|x|00|w|00 90 00 90 00 90 00 90 00 90 00|3|00 C0 00|P|00|h|00|.|00|"; classtype:attempted-user; sid:2100694; rev:7; metadata:created_at 2010_09_23, updated_at 2010_09_23;)" from file /etc/suricata/rules/emerging-sql.rules at line 85
3/2/2022 -- 09:22:40 - <Error> - [ERRCODE: SC_ERR_UNDEFINED_VAR(101)] - Variable "SQL_SERVERS" is not defined in configuration file
3/2/2022 -- 09:22:40 - <Error> - [ERRCODE: SC_ERR_INVALID_SIGNATURE(39)] - error parsing signature "alert tcp $SQL_SERVERS 1433 -> $EXTERNAL_NET any (msg:"GPL SQL sa brute force failed login unicode attempt"; flow:from_server,established; content:"L|00|o|00|g|00|i|00|n|00| |00|f|00|a|00|i|00|l|00|e|00|d|00| |00|f|00|o|00|r|00| |00|u|00|s|00|e|00|r|00| |00|'|00|s|00|a|00|'|00|"; threshold:type threshold, track by_src, count 5, seconds 2; reference:bugtraq,4797; reference:cve,2000-1209; reference:nessus,10673; classtype:unsuccessful-user; sid:2103273; rev:4; metadata:created_at 2010_09_23, updated_at 2010_09_23;)" from file /etc/suricata/rules/emerging-sql.rules at line 87
3/2/2022 -- 09:22:40 - <Error> - [ERRCODE: SC_ERR_UNDEFINED_VAR(101)] - Variable "SQL_SERVERS" is not defined in configuration file
3/2/2022 -- 09:22:40 - <Error> - [ERRCODE: SC_ERR_INVALID_SIGNATURE(39)] - error parsing signature "alert tcp $EXTERNAL_NET any -> $SQL_SERVERS $ORACLE_PORTS (msg:"GPL SQL TO_CHAR buffer overflow attempt"; flow:to_server,established; content:"TO_CHAR"; nocase; pcre:"/TO_CHAR\s*\(\s*SYSTIMESTAMP\s*,\s*(\x27[^\x27]{256}|\x22[^\x22]{256})/smi"; classtype:attempted-user; sid:2102699; rev:2; metadata:created_at 2010_09_23, updated_at 2010_09_23;)" from file /etc/suricata/rules/emerging-sql.rules at line 89
3/2/2022 -- 09:22:40 - <Error> - [ERRCODE: SC_ERR_UNDEFINED_VAR(101)] - Variable "SQL_SERVERS" is not defined in configuration file
3/2/2022 -- 09:22:40 - <Error> - [ERRCODE: SC_ERR_INVALID_SIGNATURE(39)] - error parsing signature "alert tcp $EXTERNAL_NET any -> $SQL_SERVERS $ORACLE_PORTS (msg:"GPL SQL create file buffer overflow attempt"; flow:to_server,established; content:"create"; nocase; content:"file "; nocase; isdataat:512; pcre:"/CREATE\s.*?FILE\s+((AS|MEMBER|TO)\s+)?(\x27[^\x27]{512}|\x22[^\x22]{512})/smi"; classtype:attempted-user; sid:2102698; rev:3; metadata:created_at 2010_09_23, updated_at 2010_09_23;)" from file /etc/suricata/rules/emerging-sql.rules at line 91
3/2/2022 -- 09:22:40 - <Error> - [ERRCODE: SC_ERR_UNDEFINED_VAR(101)] - Variable "SQL_SERVERS" is not defined in configuration file
3/2/2022 -- 09:22:40 - <Error> - [ERRCODE: SC_ERR_INVALID_SIGNATURE(39)] - error parsing signature "alert tcp $EXTERNAL_NET any -> $SQL_SERVERS $ORACLE_PORTS (msg:"GPL SQL mdsys.md2.sdo_code_size buffer overflow attempt"; flow:to_server,established; content:"mdsys.md2.sdo_code_size"; nocase; isdataat:512,relative; pcre:"/((\w+)[\r\n\s]*\x3a=[\r\n\s]*(\x27[^\x27]{512,}\x27|\x22[^\x22]{512,}\x22)[\r\n\s]*\x3b.*layer[\r\n\s]*=>[\r\n\s]*\2|layer\s*=>\s*(\x27[^\x27]{512,}|\x22[^\x22]{512,})|\(\s*(\x27[^\x27]{512,}|\x22[^\x22]{512,}))/si"; classtype:attempted-user; sid:2102683; rev:3; metadata:created_at 2010_09_23, updated_at 2010_09_23;)" from file /etc/suricata/rules/emerging-sql.rules at line 97
3/2/2022 -- 09:22:40 - <Error> - [ERRCODE: SC_ERR_UNDEFINED_VAR(101)] - Variable "SQL_SERVERS" is not defined in configuration file
3/2/2022 -- 09:22:40 - <Error> - [ERRCODE: SC_ERR_INVALID_SIGNATURE(39)] - error parsing signature "alert tcp $EXTERNAL_NET any -> $SQL_SERVERS $ORACLE_PORTS (msg:"GPL SQL mdsys.md2.validate_geom buffer overflow attempt"; flow:to_server,established; content:"mdsys.md2.validate_geom"; nocase; isdataat:500,relative; pcre:"/((\w+)[\r\n\s]*\x3a=[\r\n\s]*(\x27[^\x27]{128,}\x27|\x22[^\x22]{128,}\x22)[\r\n\s]*\x3b.*layer[\r\n\s]*=>[\r\n\s]*\2|layer\s*=>\s*(\x27[^\x27]{128,}|\x22[^\x22]{128,})|\(\s*(\x27[^\x27]{128,}|\x22[^\x22]{128,}))/si"; classtype:attempted-user; sid:2102682; rev:3; metadata:created_at 2010_09_23, updated_at 2010_09_23;)" from file /etc/suricata/rules/emerging-sql.rules at line 99
3/2/2022 -- 09:22:40 - <Error> - [ERRCODE: SC_ERR_UNDEFINED_VAR(101)] - Variable "SQL_SERVERS" is not defined in configuration file
3/2/2022 -- 09:22:40 - <Error> - [ERRCODE: SC_ERR_INVALID_SIGNATURE(39)] - error parsing signature "alert tcp $EXTERNAL_NET any -> $SQL_SERVERS $ORACLE_PORTS (msg:"GPL SQL mdsys.sdo_admin.sdo_code_size buffer overflow attempt"; flow:to_server,established; content:"mdsys.sdo_admin.sdo_code_size"; nocase; isdataat:1024,relative; pcre:"/((\w+)[\r\n\s]*\x3a=[\r\n\s]*(\x27[^\x27]{1024,}\x27|\x22[^\x22]{1024,}\x22)[\r\n\s]*\x3b.*layer[\r\n\s]*=>[\r\n\s]*\2|layer\s*=>\s*(\x27[^\x27]{1024,}|\x22[^\x22]{1024,})|\(\s*(\x27[^\x27]{1024,}|\x22[^\x22]{1024,}))/si"; classtype:attempted-user; sid:2102681; rev:3; metadata:created_at 2010_09_23, updated_at 2010_09_23;)" from file /etc/suricata/rules/emerging-sql.rules at line 101
3/2/2022 -- 09:22:40 - <Error> - [ERRCODE: SC_ERR_UNDEFINED_VAR(101)] - Variable "SQL_SERVERS" is not defined in configuration file
3/2/2022 -- 09:22:40 - <Error> - [ERRCODE: SC_ERR_INVALID_SIGNATURE(39)] - error parsing signature "alert tcp $EXTERNAL_NET any -> $SQL_SERVERS $ORACLE_PORTS (msg:"GPL SQL numtoyminterval buffer overflow attempt"; flow:to_server,established; content:"numtoyminterval"; nocase; pcre:"/numtoyminterval\s*\(\s*\d+\s*,\s*(\x27[^\x27]{32}|\x22[^\x22]{32})/smi"; classtype:attempted-user; sid:2102700; rev:4; metadata:created_at 2010_09_23, updated_at 2010_09_23;)" from file /etc/suricata/rules/emerging-sql.rules at line 103
3/2/2022 -- 09:22:40 - <Error> - [ERRCODE: SC_ERR_UNDEFINED_VAR(101)] - Variable "SQL_SERVERS" is not defined in configuration file
3/2/2022 -- 09:22:40 - <Error> - [ERRCODE: SC_ERR_INVALID_SIGNATURE(39)] - error parsing signature "alert tcp $EXTERNAL_NET any -> $SQL_SERVERS $ORACLE_PORTS (msg:"GPL SQL service_name buffer overflow attempt"; flow:to_server,established; content:"connect_data"; nocase; content:"|28|service_name="; nocase; isdataat:1000,relative; content:!"|22|"; within:1000; reference:url,www.appsecinc.com/Policy/PolicyCheck52.html; classtype:attempted-user; sid:2102649; rev:3; metadata:created_at 2010_09_23, updated_at 2010_09_23;)" from file /etc/suricata/rules/emerging-sql.rules at line 105
3/2/2022 -- 09:22:40 - <Error> - [ERRCODE: SC_ERR_UNDEFINED_VAR(101)] - Variable "SQL_SERVERS" is not defined in configuration file
3/2/2022 -- 09:22:40 - <Error> - [ERRCODE: SC_ERR_INVALID_SIGNATURE(39)] - error parsing signature "alert tcp $EXTERNAL_NET any -> $SQL_SERVERS $ORACLE_PORTS (msg:"GPL SQL sys.dbms_repcat_fla_mas.publish_flavor_definition buffer overflow attempt"; flow:to_server,established; content:"sys.dbms_repcat_fla_mas.publish_flavor_definition"; nocase; isdataat:1075,relative; pcre:"/\(\s*(\x27[^\x27]{1075,}|\x22[^\x22]{1075,})/si"; reference:url,www.appsecinc.com/resources/alerts/oracle/2004-0001/25.html; classtype:attempted-user; sid:2102822; rev:3; metadata:created_at 2010_09_23, updated_at 2010_09_23;)" from file /etc/suricata/rules/emerging-sql.rules at line 235
3/2/2022 -- 09:22:40 - <Error> - [ERRCODE: SC_ERR_UNDEFINED_VAR(101)] - Variable "SQL_SERVERS" is not defined in configuration file
3/2/2022 -- 09:22:40 - <Error> - [ERRCODE: SC_ERR_INVALID_SIGNATURE(39)] - error parsing signature "alert tcp $EXTERNAL_NET any -> $SQL_SERVERS $ORACLE_PORTS (msg:"GPL SQL time_zone buffer overflow attempt"; flow:to_server,established; content:"TIME_ZONE"; nocase; isdataat:1000,relative; pcre:"/TIME_ZONE\s*=\s*((\x27[^\x27]{1000,})|(\x22[^\x22]{1000,}))/msi"; reference:bugtraq,9587; reference:url,www.nextgenss.com/advisories/ora_time_zone.txt; classtype:attempted-user; sid:2102614; rev:3; metadata:created_at 2010_09_23, updated_at 2010_09_23;)" from file /etc/suricata/rules/emerging-sql.rules at line 329
3/2/2022 -- 09:22:40 - <Error> - [ERRCODE: SC_ERR_UNDEFINED_VAR(101)] - Variable "SQL_SERVERS" is not defined in configuration file
3/2/2022 -- 09:22:40 - <Error> - [ERRCODE: SC_ERR_INVALID_SIGNATURE(39)] - error parsing signature "alert tcp $EXTERNAL_NET any -> $SQL_SERVERS $ORACLE_PORTS (msg:"GPL SQL user name buffer overflow attempt"; flow:to_server,established; content:"connect_data"; nocase; content:"|28|user="; nocase; isdataat:1000,relative; content:!"|22|"; within:1000; reference:url,www.appsecinc.com/Policy/PolicyCheck62.html; classtype:attempted-user; sid:2102650; rev:3; metadata:created_at 2010_09_23, updated_at 2010_09_23;)" from file /etc/suricata/rules/emerging-sql.rules at line 331
3/2/2022 -- 09:22:40 - <Error> - [ERRCODE: SC_ERR_UNDEFINED_VAR(101)] - Variable "SQL_SERVERS" is not defined in configuration file
3/2/2022 -- 09:22:40 - <Error> - [ERRCODE: SC_ERR_INVALID_SIGNATURE(39)] - error parsing signature "alert tcp $EXTERNAL_NET any -> $SQL_SERVERS 139 (msg:"GPL SQL xp_cmdshell program execution"; flow:to_server,established; content:"x|00|p|00|_|00|c|00|m|00|d|00|s|00|h|00|e|00|l|00|l|00|"; offset:32; nocase; classtype:attempted-user; sid:2100681; rev:7; metadata:created_at 2010_09_23, updated_at 2010_09_23;)" from file /etc/suricata/rules/emerging-sql.rules at line 333
3/2/2022 -- 09:22:40 - <Error> - [ERRCODE: SC_ERR_UNDEFINED_VAR(101)] - Variable "SQL_SERVERS" is not defined in configuration file
3/2/2022 -- 09:22:40 - <Error> - [ERRCODE: SC_ERR_INVALID_SIGNATURE(39)] - error parsing signature "alert tcp $EXTERNAL_NET any -> $SQL_SERVERS 1433 (msg:"GPL SQL sp_start_job - program execution"; flow:to_server,established; content:"s|00|p|00|_|00|s|00|t|00|a|00|r|00|t|00|_|00|j|00|o|00|b|00|"; nocase; classtype:attempted-user; sid:2100673; rev:6; metadata:created_at 2010_09_23, updated_at 2010_09_23;)" from file /etc/suricata/rules/emerging-sql.rules at line 335
3/2/2022 -- 09:22:40 - <Error> - [ERRCODE: SC_ERR_UNDEFINED_VAR(101)] - Variable "SQL_SERVERS" is not defined in configuration file
3/2/2022 -- 09:22:40 - <Error> - [ERRCODE: SC_ERR_INVALID_SIGNATURE(39)] - error parsing signature "alert tcp $EXTERNAL_NET any -> $SQL_SERVERS $ORACLE_PORTS (msg:"GPL SQL add_grouped_column ordered sname/oname buffer overflow attempt"; flow:to_server,established; content:"dbms_repcat.add_grouped_column"; nocase; pcre:"/\(\s*((\x27[^\x27]{1000})|(\x22[^\x22]{1000}))|((\s*(\x27[^\x27]*'|\x22[^\x22]+\x22)\s*,)\s*((\x27[^\x27]{1000})|(\x22[^\x22 ]{1000})))/Rmsi"; reference:url,www.appsecinc.com/Policy/PolicyCheck633.html; classtype:attempted-user; sid:2102600; rev:3; metadata:created_at 2010_09_23, updated_at 2010_09_23;)" from file /etc/suricata/rules/emerging-sql.rules at line 341
3/2/2022 -- 09:22:40 - <Error> - [ERRCODE: SC_ERR_UNDEFINED_VAR(101)] - Variable "SQL_SERVERS" is not defined in configuration file
3/2/2022 -- 09:22:40 - <Error> - [ERRCODE: SC_ERR_INVALID_SIGNATURE(39)] - error parsing signature "alert tcp $EXTERNAL_NET any -> $SQL_SERVERS $ORACLE_PORTS (msg:"GPL SQL drop_master_repgroup ordered gname buffer overflow attempt"; flow:to_server,established; content:"dbms_repcat.drop_master_repgroup"; nocase; pcre:"/\(\s*((\x27[^\x27]{1000})|(\x22[^\x22]{1000}))/Rmsi"; reference:url,www.appsecinc.com/Policy/PolicyCheck87.html; classtype:attempted-user; sid:2102602; rev:3; metadata:created_at 2010_09_23, updated_at 2010_09_23;)" from file /etc/suricata/rules/emerging-sql.rules at line 343
3/2/2022 -- 09:22:40 - <Error> - [ERRCODE: SC_ERR_UNDEFINED_VAR(101)] - Variable "SQL_SERVERS" is not defined in configuration file
3/2/2022 -- 09:22:40 - <Error> - [ERRCODE: SC_ERR_INVALID_SIGNATURE(39)] - error parsing signature "alert tcp $EXTERNAL_NET any -> $SQL_SERVERS $ORACLE_PORTS (msg:"GPL SQL create_mview_repgroup ordered fname buffer overflow attempt"; flow:to_server,established; content:"dbms_repcat.create_mview_repgroup"; nocase; pcre:"/\(((\s*(\x27[^\x27]*'|\x22[^\x22]+\x22)\s*,){4}\s*((\x27[^\x27]{1000})|(\x22[^\x22]{1000})))/Rmsi"; reference:url,www.appsecinc.com/Policy/PolicyCheck633.html; classtype:attempted-user; sid:2102604; rev:3; metadata:created_at 2010_09_23, updated_at 2010_09_23;)" from file /etc/suricata/rules/emerging-sql.rules at line 345
3/2/2022 -- 09:22:40 - <Error> - [ERRCODE: SC_ERR_UNDEFINED_VAR(101)] - Variable "SQL_SERVERS" is not defined in configuration file
3/2/2022 -- 09:22:40 - <Error> - [ERRCODE: SC_ERR_INVALID_SIGNATURE(39)] - error parsing signature "alert tcp $EXTERNAL_NET any -> $SQL_SERVERS $ORACLE_PORTS (msg:"GPL SQL comment_on_repobject ordered type buffer overflow attempt"; flow:to_server,established; content:"dbms_repcat.comment_on_repobject"; nocase; pcre:"/\((\s*(\x27[^\x27]*'|\x22[^\x22]+\x22)\s*,){2}\s*((\x27[^\x27]{1000})|(\x22[^\x22]{1000}))/Rsmi"; reference:url,www.appsecinc.com/Policy/PolicyCheck634.html; classtype:attempted-user; sid:2102607; rev:3; metadata:created_at 2010_09_23, updated_at 2010_09_23;)" from file /etc/suricata/rules/emerging-sql.rules at line 347
3/2/2022 -- 09:22:40 - <Error> - [ERRCODE: SC_ERR_UNDEFINED_VAR(101)] - Variable "SQL_SERVERS" is not defined in configuration file
3/2/2022 -- 09:22:40 - <Error> - [ERRCODE: SC_ERR_INVALID_SIGNATURE(39)] - error parsing signature "alert tcp $EXTERNAL_NET any -> $SQL_SERVERS $ORACLE_PORTS (msg:"GPL SQL cancel_statistics ordered sname/oname buffer overflow attempt"; flow:to_server,established; content:"dbms_repcat.cancel_statistics"; nocase; pcre:"/\(\s*((\x27[^\x27]{1000})|(\x22[^\x22]{1000}))|((\s*(\x27[^\x27]*'|\x22[^\x22]+\x22)\s*,)\s*((\x27[^\x27]{1000})|(\x22[^\x22]{1000})))/Rmsi"; reference:url,www.appsecinc.com/Policy/PolicyCheck633.html; classtype:attempted-user; sid:2102610; rev:3; metadata:created_at 2010_09_23, updated_at 2010_09_23;)" from file /etc/suricata/rules/emerging-sql.rules at line 349
3/2/2022 -- 09:22:40 - <Error> - [ERRCODE: SC_ERR_UNDEFINED_VAR(101)] - Variable "SQL_SERVERS" is not defined in configuration file
3/2/2022 -- 09:22:40 - <Error> - [ERRCODE: SC_ERR_INVALID_SIGNATURE(39)] - error parsing signature "alert tcp $EXTERNAL_NET any -> $SQL_SERVERS $ORACLE_PORTS (msg:"GPL SQL grant_surrogate_repcat ordered userid buffer overflow attempt"; flow:to_server,established; content:"dbms_repcat_auth.grant_surrogate_repcat"; nocase; pcre:"/\(\s*((\x27[^\x27]{1000})|(\x22[^\x22]{1000}))/Rmsi"; reference:url,www.appsecinc.com/Policy/PolicyCheck97.html; classtype:attempted-user; sid:2102616; rev:3; metadata:created_at 2010_09_23, updated_at 2010_09_23;)" from file /etc/suricata/rules/emerging-sql.rules at line 351
3/2/2022 -- 09:22:40 - <Error> - [ERRCODE: SC_ERR_UNDEFINED_VAR(101)] - Variable "SQL_SERVERS" is not defined in configuration file
3/2/2022 -- 09:22:40 - <Error> - [ERRCODE: SC_ERR_INVALID_SIGNATURE(39)] - error parsing signature "alert tcp $EXTERNAL_NET any -> $SQL_SERVERS $ORACLE_PORTS (msg:"GPL SQL alter_mview_propagation ordered gname buffer overflow attempt"; flow:to_server,established; content:"dbms_repcat.alter_mview_propagation"; nocase; pcre:"/\(\s*((\x27[^\x27]{1000})|(\x22[^\x22]{1000}))/Rmsi"; reference:url,www.appsecinc.com/Policy/PolicyCheck632.html; classtype:attempted-user; sid:2102618; rev:3; metadata:created_at 2010_09_23, updated_at 2010_09_23;)" from file /etc/suricata/rules/emerging-sql.rules at line 353
3/2/2022 -- 09:22:40 - <Error> - [ERRCODE: SC_ERR_UNDEFINED_VAR(101)] - Variable "SQL_SERVERS" is not defined in configuration file
3/2/2022 -- 09:22:40 - <Error> - [ERRCODE: SC_ERR_INVALID_SIGNATURE(39)] - error parsing signature "alert tcp $EXTERNAL_NET any -> $SQL_SERVERS $ORACLE_PORTS (msg:"GPL SQL unregister_user_repgroup ordered privilege_type buffer overflow attempt"; flow:to_server,established; content:"dbms_repcat_admin.unregister_user_repgroup"; nocase; pcre:"/\(((\s*(\x27[^\x27]*'|\x22[^\x22]+\x22)\s*,)\s*((\x27[^\x27]{1000})|(\x22[^\x22]{1000})))/Rmsi"; reference:url,www.appsecinc.com/Policy/PolicyCheck94.html; classtype:attempted-user; sid:2102625; rev:3; metadata:created_at 2010_09_23, updated_at 2010_09_23;)" from file /etc/suricata/rules/emerging-sql.rules at line 355
3/2/2022 -- 09:22:40 - <Error> - [ERRCODE: SC_ERR_UNDEFINED_VAR(101)] - Variable "SQL_SERVERS" is not defined in configuration file
3/2/2022 -- 09:22:40 - <Error> - [ERRCODE: SC_ERR_INVALID_SIGNATURE(39)] - error parsing signature "alert tcp $EXTERNAL_NET any -> $SQL_SERVERS $ORACLE_PORTS (msg:"GPL SQL repcat_import_check ordered gowner/gname buffer overflow attempt"; flow:to_server,established; content:"dbms_repcat.repcat_import_check"; nocase; pcre:"/\((\s*((\x27[^\x27]{1000})|(\x22[^\x22]{1000}))|\s*(\x27[^\x27]*'|\x22[^\x22]+\x22)\s*,\s*(true|false)\s*,\s*((\x27[^\x27]{1000})|(\x22[^\x22]{1000})))/Rmsi"; reference:url,www.appsecinc.com/Policy/PolicyCheck90.html; classtype:attempted-user; sid:2102628; rev:3; metadata:created_at 2010_09_23, updated_at 2010_09_23;)" from file /etc/suricata/rules/emerging-sql.rules at line 357
3/2/2022 -- 09:22:40 - <Error> - [ERRCODE: SC_ERR_UNDEFINED_VAR(101)] - Variable "SQL_SERVERS" is not defined in configuration file
3/2/2022 -- 09:22:40 - <Error> - [ERRCODE: SC_ERR_INVALID_SIGNATURE(39)] - error parsing signature "alert tcp $EXTERNAL_NET any -> $SQL_SERVERS $ORACLE_PORTS (msg:"GPL SQL register_user_repgroup ordered privilege_type buffer overflow attempt"; flow:to_server,established; content:"dbms_repcat_admin.register_user_repgroup"; nocase; pcre:"/\(((\s*(\x27[^\x27]*'|\x22[^\x22]+\x22)\s*,)\s*((\x27[^\x27]{1000})|(\x22[^\x22]{1000})))/Rmsi"; reference:url,www.appsecinc.com/Policy/PolicyCheck94.html; classtype:attempted-user; sid:2102630; rev:3; metadata:created_at 2010_09_23, updated_at 2010_09_23;)" from file /etc/suricata/rules/emerging-sql.rules at line 359
3/2/2022 -- 09:22:40 - <Error> - [ERRCODE: SC_ERR_UNDEFINED_VAR(101)] - Variable "SQL_SERVERS" is not defined in configuration file
3/2/2022 -- 09:22:40 - <Error> - [ERRCODE: SC_ERR_INVALID_SIGNATURE(39)] - error parsing signature "alert tcp $EXTERNAL_NET any -> $SQL_SERVERS $ORACLE_PORTS (msg:"GPL SQL refresh_mview_repgroup ordered gowner buffer overflow attempt"; flow:to_server,established; content:"dbms_repcat.refresh_mview_repgroup"; nocase; pcre:"/\(\s*(\x27[^\x27]*'|\x22[^\x22]+\x22)\s*,(\s*(true|false)\s*,\s*){3}((\x27[^\x27]{1000})|(\x22[^\x22]{1000}))/Rmsi"; reference:url,www.appsecinc.com/Policy/PolicyCheck90.html; classtype:attempted-user; sid:2102632; rev:3; metadata:created_at 2010_09_23, updated_at 2010_09_23;)" from file /etc/suricata/rules/emerging-sql.rules at line 361
3/2/2022 -- 09:22:40 - <Error> - [ERRCODE: SC_ERR_UNDEFINED_VAR(101)] - Variable "SQL_SERVERS" is not defined in configuration file
3/2/2022 -- 09:22:40 - <Error> - [ERRCODE: SC_ERR_INVALID_SIGNATURE(39)] - error parsing signature "alert tcp $EXTERNAL_NET any -> $SQL_SERVERS $ORACLE_PORTS (msg:"GPL SQL rectifier_diff ordered sname1 buffer overflow attempt"; flow:to_server,established; content:"dbms_rectifier_diff"; nocase; pcre:"/\(\s*((\x27[^\x27]{1000})|(\x22[^\x22]{1000}))/Rmsi"; reference:url,www.appsecinc.com/Policy/PolicyCheck97.html; classtype:attempted-user; sid:2102634; rev:3; metadata:created_at 2010_09_23, updated_at 2010_09_23;)" from file /etc/suricata/rules/emerging-sql.rules at line 363
3/2/2022 -- 09:22:40 - <Error> - [ERRCODE: SC_ERR_UNDEFINED_VAR(101)] - Variable "SQL_SERVERS" is not defined in configuration file
3/2/2022 -- 09:22:40 - <Error> - [ERRCODE: SC_ERR_INVALID_SIGNATURE(39)] - error parsing signature "alert tcp $EXTERNAL_NET any -> $SQL_SERVERS $ORACLE_PORTS (msg:"GPL SQL snapshot.end_load ordered gname buffer overflow attempt"; flow:to_server,established; content:"dbms_offline_snapshot.end_load"; nocase; pcre:"/\(\s*((\x27[^\x27]{1000})|(\x22[^\x22]{1000}))/Rmsi"; reference:url,www.appsecinc.com/Policy/PolicyCheck632.html; classtype:attempted-user; sid:2102636; rev:3; metadata:created_at 2010_09_23, updated_at 2010_09_23;)" from file /etc/suricata/rules/emerging-sql.rules at line 365
3/2/2022 -- 09:22:40 - <Error> - [ERRCODE: SC_ERR_UNDEFINED_VAR(101)] - Variable "SQL_SERVERS" is not defined in configuration file
3/2/2022 -- 09:22:40 - <Error> - [ERRCODE: SC_ERR_INVALID_SIGNATURE(39)] - error parsing signature "alert tcp $EXTERNAL_NET any -> $SQL_SERVERS $ORACLE_PORTS (msg:"GPL SQL drop_master_repobject ordered type buffer overflow attempt"; flow:to_server,established; content:"dbms_repcat.drop_master_repobject"; nocase; pcre:"/\((\s*(\x27[^\x27]*'|\x22[^\x22]+\x22)\s*,){2}\s*((\x27[^\x27]{1000})|(\x22[^\x22]{1000}))/Rsmi"; reference:url,www.appsecinc.com/Policy/PolicyCheck634.html; classtype:attempted-user; sid:2102638; rev:3; metadata:created_at 2010_09_23, updated_at 2010_09_23;)" from file /etc/suricata/rules/emerging-sql.rules at line 367
3/2/2022 -- 09:22:40 - <Error> - [ERRCODE: SC_ERR_UNDEFINED_VAR(101)] - Variable "SQL_SERVERS" is not defined in configuration file
3/2/2022 -- 09:22:40 - <Error> - [ERRCODE: SC_ERR_INVALID_SIGNATURE(39)] - error parsing signature "alert tcp $EXTERNAL_NET any -> $SQL_SERVERS $ORACLE_PORTS (msg:"GPL SQL drop_mview_repgroup ordered gowner/gname buffer overflow attempt"; flow:to_server,established; content:"dbms_repcat.drop_mview_repgroup"; nocase; pcre:"/\(\s*(\x27[^\x27]*'|\x22[^\x22]+\x22)\s*,\s*(true|false)\s*,\s*((\x27[^\x27]{1000})|(\x22[^\x22]{1000}))/Rmsi"; reference:url,www.appsecinc.com/Policy/PolicyCheck90.html; classtype:attempted-user; sid:2102640; rev:3; metadata:created_at 2010_09_23, updated_at 2010_09_23;)" from file /etc/suricata/rules/emerging-sql.rules at line 369
3/2/2022 -- 09:22:40 - <Error> - [ERRCODE: SC_ERR_UNDEFINED_VAR(101)] - Variable "SQL_SERVERS" is not defined in configuration file
3/2/2022 -- 09:22:40 - <Error> - [ERRCODE: SC_ERR_INVALID_SIGNATURE(39)] - error parsing signature "alert tcp $EXTERNAL_NET any -> $SQL_SERVERS $ORACLE_PORTS (msg:"GPL SQL drop_site_instantiate ordered refresh_template_name buffer overflow attempt"; flow:to_server,established; content:"drop_site_instantiation"; nocase; pcre:"/\(\s*((\x27[^\x27]{1000})|(\x22[^\x22]{1000}))/Rmsi"; reference:url,www.appsecinc.com/Policy/PolicyCheck629.html; classtype:attempted-user; sid:2102642; rev:3; metadata:created_at 2010_09_23, updated_at 2010_09_23;)" from file /etc/suricata/rules/emerging-sql.rules at line 371
3/2/2022 -- 09:22:40 - <Error> - [ERRCODE: SC_ERR_UNDEFINED_VAR(101)] - Variable "SQL_SERVERS" is not defined in configuration file
3/2/2022 -- 09:22:40 - <Error> - [ERRCODE: SC_ERR_INVALID_SIGNATURE(39)] - error parsing signature "alert tcp $EXTERNAL_NET any -> $SQL_SERVERS $ORACLE_PORTS (msg:"GPL SQL from_tz buffer overflow attempt"; flow:to_server,established; content:"FROM_TZ"; nocase; pcre:"/\(\s*TIMESTAMP\s*(\s*(\x27[^\x27]+'|\x22[^\x22]+\x22)\s*,)\s*((\x27[^\x27]{1000})|(\x22[^\x22]{1000}))/Rmsi"; reference:url,www.nextgenss.com/advisories/ora_from_tz.txt; classtype:attempted-user; sid:2102644; rev:4; metadata:created_at 2010_09_23, updated_at 2010_09_23;)" from file /etc/suricata/rules/emerging-sql.rules at line 373
3/2/2022 -- 09:22:40 - <Error> - [ERRCODE: SC_ERR_UNDEFINED_VAR(101)] - Variable "SQL_SERVERS" is not defined in configuration file
3/2/2022 -- 09:22:40 - <Error> - [ERRCODE: SC_ERR_INVALID_SIGNATURE(39)] - error parsing signature "alert tcp $EXTERNAL_NET any -> $SQL_SERVERS $ORACLE_PORTS (msg:"GPL SQL instantiate_offline ordered refresh_template_name buffer overflow attempt"; flow:to_server,established; content:"instantiate_offline"; nocase; pcre:"/\(\s*((\x27[^\x27]{1000})|(\x22[^\x22]{1000}))/Rmsi"; reference:url,www.appsecinc.com/Policy/PolicyCheck630.html; classtype:attempted-user; sid:2102646; rev:3; metadata:created_at 2010_09_23, updated_at 2010_09_23;)" from file /etc/suricata/rules/emerging-sql.rules at line 375
3/2/2022 -- 09:22:40 - <Error> - [ERRCODE: SC_ERR_UNDEFINED_VAR(101)] - Variable "SQL_SERVERS" is not defined in configuration file
3/2/2022 -- 09:22:40 - <Error> - [ERRCODE: SC_ERR_INVALID_SIGNATURE(39)] - error parsing signature "alert tcp $EXTERNAL_NET any -> $SQL_SERVERS $ORACLE_PORTS (msg:"GPL SQL instantiate_online ordered refresh_template_name buffer overflow attempt"; flow:to_server,established; content:"instantiate_online"; nocase; pcre:"/\(\s*((\x27[^\x27]{1000})|(\x22[^\x22]{1000}))/Rmsi"; reference:url,www.appsecinc.com/Policy/PolicyCheck631.html; classtype:attempted-user; sid:2102648; rev:3; metadata:created_at 2010_09_23, updated_at 2010_09_23;)" from file /etc/suricata/rules/emerging-sql.rules at line 377
3/2/2022 -- 09:22:40 - <Error> - [ERRCODE: SC_ERR_UNDEFINED_VAR(101)] - Variable "SQL_SERVERS" is not defined in configuration file
3/2/2022 -- 09:22:40 - <Error> - [ERRCODE: SC_ERR_INVALID_SIGNATURE(39)] - error parsing signature "alert tcp $EXTERNAL_NET any -> $SQL_SERVERS $ORACLE_PORTS (msg:"GPL SQL og.begin_load ordered gname buffer overflow attempt"; flow:to_server,established; content:"dbms_offline_og.begin_load"; nocase; pcre:"/\(\s*((\x27[^\x27]{1000})|(\x22[^\x22]{1000}))/Rmsi"; reference:url,www.appsecinc.com/Policy/PolicyCheck632.html; classtype:attempted-user; sid:2102653; rev:3; metadata:created_at 2010_09_23, updated_at 2010_09_23;)" from file /etc/suricata/rules/emerging-sql.rules at line 379
3/2/2022 -- 09:22:40 - <Error> - [ERRCODE: SC_ERR_UNDEFINED_VAR(101)] - Variable "SQL_SERVERS" is not defined in configuration file
3/2/2022 -- 09:22:40 - <Error> - [ERRCODE: SC_ERR_INVALID_SIGNATURE(39)] - error parsing signature "alert tcp $EXTERNAL_NET any -> $SQL_SERVERS $ORACLE_PORTS (msg:"GPL SQL dbms_repcat.add_grouped_column buffer overflow attempt"; flow:to_server,established; content:"dbms_repcat.add_grouped_column"; nocase; fast_pattern; pcre:"/((\w+)[\r\n\s]*\x3a=[\r\n\s]*(\x27[^\x27]{1024,}\x27|\x22[^\x22]{1024,}\x22)[\r\n\s]*\x3b.*sname[\r\n\s]*=>[\r\n\s]*\2|sname\s*=>\s*(\x27[^\x27]{1024,}|\x22[^\x22]{1024,})|(\w+)[\r\n\s]*\x3a=[\r\n\s]*(\x27[^\x27]{1024,}\x27|\x22[^\x22]{1024,}\x22)[\r\n\s]*\x3b.*oname[\r\n\s]*=>[\r\n\s]*\2|oname\s*=>\s*(\x27[^\x27]{1024,}|\x22[^\x22]{1024,})|\(\s*(\x27[^\x27]{1024,}|\x22[^\x22]{1024,})|\(\s*(\x27[^\x27]*\x27|\x22[^\x22]+\x22)\s*,\s*(\x27[^\x27]{1024,}|\x22[^\x22]{1024,}))/si"; classtype:attempted-user; sid:2102599; rev:4; metadata:created_at 2010_09_23, updated_at 2019_10_07;)" from file /etc/suricata/rules/emerging-sql.rules at line 383
3/2/2022 -- 09:22:40 - <Error> - [ERRCODE: SC_ERR_UNDEFINED_VAR(101)] - Variable "SQL_SERVERS" is not defined in configuration file
3/2/2022 -- 09:22:40 - <Error> - [ERRCODE: SC_ERR_INVALID_SIGNATURE(39)] - error parsing signature "alert tcp $EXTERNAL_NET any -> $SQL_SERVERS $ORACLE_PORTS (msg:"GPL SQL ctx_output.start_log buffer overflow attempt"; flow:to_server,established; content:"ctx_output.start_log"; nocase; fast_pattern; pcre:"/((\w+)[\r\n\s]*\x3a=[\r\n\s]*(\x27[^\x27]{1024,}\x27|\x22[^\x22]{1024,}\x22)[\r\n\s]*\x3b.*logfile[\r\n\s]*=>[\r\n\s]*\2|logfile\s*=>\s*(\x27[^\x27]{1024,}|\x22[^\x22]{1024,})|\(\s*(\x27[^\x27]{1024,}|\x22[^\x22]{1024,}))/si"; classtype:attempted-user; sid:2102678; rev:4; metadata:created_at 2010_09_23, updated_at 2019_10_07;)" from file /etc/suricata/rules/emerging-sql.rules at line 385
3/2/2022 -- 09:22:40 - <Error> - [ERRCODE: SC_ERR_UNDEFINED_VAR(101)] - Variable "SQL_SERVERS" is not defined in configuration file
3/2/2022 -- 09:22:40 - <Error> - [ERRCODE: SC_ERR_INVALID_SIGNATURE(39)] - error parsing signature "alert tcp $EXTERNAL_NET any -> $SQL_SERVERS $ORACLE_PORTS (msg:"GPL SQL alter file buffer overflow attempt"; flow:to_server,established; content:"alter"; nocase; fast_pattern; pcre:"/ALTER\s.*?FILE\s+((AS|MEMBER|TO)\s+)?(\x27[^\x27]{512}|\x22[^\x22]{512})/smi"; classtype:attempted-user; sid:2102697; rev:4; metadata:created_at 2010_09_23, updated_at 2019_10_07;)" from file /etc/suricata/rules/emerging-sql.rules at line 387
3/2/2022 -- 09:22:40 - <Error> - [ERRCODE: SC_ERR_UNDEFINED_VAR(101)] - Variable "SQL_SERVERS" is not defined in configuration file
3/2/2022 -- 09:22:40 - <Error> - [ERRCODE: SC_ERR_INVALID_SIGNATURE(39)] - error parsing signature "alert tcp $EXTERNAL_NET any -> $SQL_SERVERS $ORACLE_PORTS (msg:"GPL SQL dbms_offline_og.begin_flavor_change buffer overflow attempt"; flow:to_server,established; content:"dbms_offline_og.begin_flavor_change"; nocase; fast_pattern; pcre:"/\(\s*(\x27[^\x27]{1075,}|\x22[^\x22]{1075,})/si"; reference:url,www.appsecinc.com/resources/alerts/oracle/2004-0001/25.html; classtype:attempted-user; sid:2102708; rev:4; metadata:created_at 2010_09_23, updated_at 2019_10_07;)" from file /etc/suricata/rules/emerging-sql.rules at line 389
3/2/2022 -- 09:22:40 - <Error> - [ERRCODE: SC_ERR_UNDEFINED_VAR(101)] - Variable "SQL_SERVERS" is not defined in configuration file
3/2/2022 -- 09:22:40 - <Error> - [ERRCODE: SC_ERR_INVALID_SIGNATURE(39)] - error parsing signature "alert tcp $EXTERNAL_NET any -> $SQL_SERVERS $ORACLE_PORTS (msg:"GPL SQL dbms_offline_og.begin_instantiation buffer overflow attempt"; flow:to_server,established; content:"dbms_offline_og.begin_instantiation"; nocase; fast_pattern; pcre:"/((\w+)[\r\n\s]*\x3a=[\r\n\s]*(\x27[^\x27]{1075,}\x27|\x22[^\x22]{1075,}\x22)[\r\n\s]*\x3b.*gname[\r\n\s]*=>[\r\n\s]*\2|gname\s*=>\s*(\x27[^\x27]{1075,}|\x22[^\x22]{1075,})|\(\s*(\x27[^\x27]{1075,}|\x22[^\x22]{1075,}))/si"; reference:url,www.appsecinc.com/resources/alerts/oracle/2004-0001/25.html; classtype:attempted-user; sid:2102709; rev:4; metadata:created_at 2010_09_23, updated_at 2019_10_07;)" from file /etc/suricata/rules/emerging-sql.rules at line 391
3/2/2022 -- 09:22:40 - <Error> - [ERRCODE: SC_ERR_UNDEFINED_VAR(101)] - Variable "SQL_SERVERS" is not defined in configuration file
3/2/2022 -- 09:22:40 - <Error> - [ERRCODE: SC_ERR_INVALID_SIGNATURE(39)] - error parsing signature "alert tcp $EXTERNAL_NET any -> $SQL_SERVERS $ORACLE_PORTS (msg:"GPL SQL dbms_offline_og.begin_load buffer overflow attempt"; flow:to_server,established; content:"dbms_offline_og.begin_load"; nocase; fast_pattern; pcre:"/((\w+)[\r\n\s]*\x3a=[\r\n\s]*(\x27[^\x27]{1024,}\x27|\x22[^\x22]{1024,}\x22)[\r\n\s]*\x3b.*gname[\r\n\s]*=>[\r\n\s]*\2|gname\s*=>\s*(\x27[^\x27]{1024,}|\x22[^\x22]{1024,})|\(\s*(\x27[^\x27]{1024,}|\x22[^\x22]{1024,}))/si"; reference:url,www.appsecinc.com/Policy/PolicyCheck632.html; classtype:attempted-user; sid:2102652; rev:5; metadata:created_at 2010_09_23, updated_at 2019_10_07;)" from file /etc/suricata/rules/emerging-sql.rules at line 393
3/2/2022 -- 09:22:40 - <Error> - [ERRCODE: SC_ERR_UNDEFINED_VAR(101)] - Variable "SQL_SERVERS" is not defined in configuration file
3/2/2022 -- 09:22:40 - <Error> - [ERRCODE: SC_ERR_INVALID_SIGNATURE(39)] - error parsing signature "alert tcp $EXTERNAL_NET any -> $SQL_SERVERS $ORACLE_PORTS (msg:"GPL SQL dbms_offline_og.end_flavor_change buffer overflow attempt"; flow:to_server,established; content:"dbms_offline_og.end_flavor_change"; nocase; fast_pattern; pcre:"/\(\s*(\x27[^\x27]{1075,}|\x22[^\x22]{1075,})/si"; reference:url,www.appsecinc.com/resources/alerts/oracle/2004-0001/25.html; classtype:attempted-user; sid:2102711; rev:4; metadata:created_at 2010_09_23, updated_at 2019_10_07;)" from file /etc/suricata/rules/emerging-sql.rules at line 395
3/2/2022 -- 09:22:40 - <Error> - [ERRCODE: SC_ERR_UNDEFINED_VAR(101)] - Variable "SQL_SERVERS" is not defined in configuration file
3/2/2022 -- 09:22:40 - <Error> - [ERRCODE: SC_ERR_INVALID_SIGNATURE(39)] - error parsing signature "alert tcp $EXTERNAL_NET any -> $SQL_SERVERS $ORACLE_PORTS (msg:"GPL SQL dbms_offline_og.end_instantiation buffer overflow attempt"; flow:to_server,established; content:"dbms_offline_og.end_instantiation"; nocase; fast_pattern; pcre:"/((\w+)[\r\n\s]*\x3a=[\r\n\s]*(\x27[^\x27]{1075,}\x27|\x22[^\x22]{1075,}\x22)[\r\n\s]*\x3b.*gname[\r\n\s]*=>[\r\n\s]*\2|gname\s*=>\s*(\x27[^\x27]{1075,}|\x22[^\x22]{1075,})|\(\s*(\x27[^\x27]{1075,}|\x22[^\x22]{1075,}))/si"; reference:url,www.appsecinc.com/resources/alerts/oracle/2004-0001/25.html; classtype:attempted-user; sid:2102712; rev:4; metadata:created_at 2010_09_23, updated_at 2019_10_07;)" from file /etc/suricata/rules/emerging-sql.rules at line 397
3/2/2022 -- 09:22:40 - <Error> - [ERRCODE: SC_ERR_UNDEFINED_VAR(101)] - Variable "SQL_SERVERS" is not defined in configuration file
3/2/2022 -- 09:22:40 - <Error> - [ERRCODE: SC_ERR_INVALID_SIGNATURE(39)] - error parsing signature "alert tcp $EXTERNAL_NET any -> $SQL_SERVERS $ORACLE_PORTS (msg:"GPL SQL dbms_offline_og.end_load buffer overflow attempt"; flow:to_server,established; content:"dbms_offline_og.end_load"; nocase; fast_pattern; pcre:"/((\w+)[\r\n\s]*\x3a=[\r\n\s]*(\x27[^\x27]{1075,}\x27|\x22[^\x22]{1075,}\x22)[\r\n\s]*\x3b.*gname[\r\n\s]*=>[\r\n\s]*\2|gname\s*=>\s*(\x27[^\x27]{1075,}|\x22[^\x22]{1075,})|\(\s*(\x27[^\x27]{1075,}|\x22[^\x22]{1075,}))/si"; reference:url,www.appsecinc.com/resources/alerts/oracle/2004-0001/25.html; classtype:attempted-user; sid:2102713; rev:4; metadata:created_at 2010_09_23, updated_at 2019_10_07;)" from file /etc/suricata/rules/emerging-sql.rules at line 399
3/2/2022 -- 09:22:40 - <Error> - [ERRCODE: SC_ERR_UNDEFINED_VAR(101)] - Variable "SQL_SERVERS" is not defined in configuration file
3/2/2022 -- 09:22:40 - <Error> - [ERRCODE: SC_ERR_INVALID_SIGNATURE(39)] - error parsing signature "alert tcp $EXTERNAL_NET any -> $SQL_SERVERS $ORACLE_PORTS (msg:"GPL SQL dbms_offline_og.resume_subset_of_masters buffer overflow attempt"; flow:to_server,established; content:"dbms_offline_og.resume_subset_of_masters"; nocase; fast_pattern; pcre:"/((\w+)[\r\n\s]*\x3a=[\r\n\s]*(\x27[^\x27]{1075,}\x27|\x22[^\x22]{1075,}\x22)[\r\n\s]*\x3b.*gname[\r\n\s]*=>[\r\n\s]*\2|gname\s*=>\s*(\x27[^\x27]{1075,}|\x22[^\x22]{1075,})|\(\s*(\x27[^\x27]{1075,}|\x22[^\x22]{1075,}))/si"; reference:url,www.appsecinc.com/resources/alerts/oracle/2004-0001/25.html; classtype:attempted-user; sid:2102714; rev:4; metadata:created_at 2010_09_23, updated_at 2019_10_07;)" from file /etc/suricata/rules/emerging-sql.rules at line 401
3/2/2022 -- 09:22:40 - <Error> - [ERRCODE: SC_ERR_UNDEFINED_VAR(101)] - Variable "SQL_SERVERS" is not defined in configuration file
3/2/2022 -- 09:22:40 - <Error> - [ERRCODE: SC_ERR_INVALID_SIGNATURE(39)] - error parsing signature "alert tcp $EXTERNAL_NET any -> $SQL_SERVERS $ORACLE_PORTS (msg:"GPL SQL dbms_offline_snapshot.begin_load buffer overflow attempt"; flow:to_server,established; content:"dbms_offline_snapshot.begin_load"; nocase; fast_pattern; pcre:"/((\w+)[\r\n\s]*\x3a=[\r\n\s]*(\x27[^\x27]{1075,}\x27|\x22[^\x22]{1075,}\x22)[\r\n\s]*\x3b.*gname[\r\n\s]*=>[\r\n\s]*\2|gname\s*=>\s*(\x27[^\x27]{1075,}|\x22[^\x22]{1075,})|\(\s*(\x27[^\x27]{1075,}|\x22[^\x22]{1075,}))/si"; reference:url,www.appsecinc.com/resources/alerts/oracle/2004-0001/25.html; classtype:attempted-user; sid:2102715; rev:4; metadata:created_at 2010_09_23, updated_at 2019_10_07;)" from file /etc/suricata/rules/emerging-sql.rules at line 403
3/2/2022 -- 09:22:40 - <Error> - [ERRCODE: SC_ERR_UNDEFINED_VAR(101)] - Variable "SQL_SERVERS" is not defined in configuration file
3/2/2022 -- 09:22:40 - <Error> - [ERRCODE: SC_ERR_INVALID_SIGNATURE(39)] - error parsing signature "alert tcp $EXTERNAL_NET any -> $SQL_SERVERS $ORACLE_PORTS (msg:"GPL SQL dbms_offline_snapshot.end_load buffer overflow attempt"; flow:to_server,established; content:"dbms_offline_snapshot.end_load"; nocase; fast_pattern; pcre:"/((\w+)[\r\n\s]*\x3a=[\r\n\s]*(\x27[^\x27]{1024,}\x27|\x22[^\x22]{1024,}\x22)[\r\n\s]*\x3b.*gname[\r\n\s]*=>[\r\n\s]*\2|gname\s*=>\s*(\x27[^\x27]{1024,}|\x22[^\x22]{1024,})|\(\s*(\x27[^\x27]{1024,}|\x22[^\x22]{1024,}))/si"; reference:url,www.appsecinc.com/Policy/PolicyCheck632.html; classtype:attempted-user; sid:2102635; rev:5; metadata:created_at 2010_09_23, updated_at 2019_10_07;)" from file /etc/suricata/rules/emerging-sql.rules at line 405
3/2/2022 -- 09:22:40 - <Error> - [ERRCODE: SC_ERR_UNDEFINED_VAR(101)] - Variable "SQL_SERVERS" is not defined in configuration file
3/2/2022 -- 09:22:40 - <Error> - [ERRCODE: SC_ERR_INVALID_SIGNATURE(39)] - error parsing signature "alert tcp $EXTERNAL_NET any -> $SQL_SERVERS $ORACLE_PORTS (msg:"GPL SQL dbms_rectifier_diff.differences buffer overflow attempt"; flow:to_server,established; content:"dbms_rectifier_diff.differences"; nocase; fast_pattern; pcre:"/((\w+)[\r\n\s]*\x3a=[\r\n\s]*(\x27[^\x27]{1075,}\x27|\x22[^\x22]{1075,}\x22)[\r\n\s]*\x3b.*(missing_rows_oname1|missing_rows_oname2)[\r\n\s]*=>[\r\n\s]*\2|(missing_rows_oname1|missing_rows_oname2)\s*=>\s*(\x27[^\x27]{1075,}|\x22[^\x22]{1075,})|\(\s*((\x27[^\x27]*\x27|\x22[^\x22]+\x22)\s*,\s*){9}(\x27[^\x27]{1075,}|\x22[^\x22]{1075,})|\(\s*((\x27[^\x27]*\x27|\x22[^\x22]+\x22)\s*,\s*){10}(\x27[^\x27]{1075,}|\x22[^\x22]{1075,}))/si"; reference:url,www.appsecinc.com/resources/alerts/oracle/2004-0001/25.html; classtype:attempted-user; sid:2102717; rev:4; metadata:created_at 2010_09_23, updated_at 2019_10_07;)" from file /etc/suricata/rules/emerging-sql.rules at line 407
3/2/2022 -- 09:22:40 - <Error> - [ERRCODE: SC_ERR_UNDEFINED_VAR(101)] - Variable "SQL_SERVERS" is not defined in configuration file
3/2/2022 -- 09:22:40 - <Error> - [ERRCODE: SC_ERR_INVALID_SIGNATURE(39)] - error parsing signature "alert tcp $EXTERNAL_NET any -> $SQL_SERVERS $ORACLE_PORTS (msg:"GPL SQL dbms_rectifier_diff.rectify buffer overflow attempt"; flow:to_server,established; content:"dbms_rectifier_diff.rectify"; nocase; fast_pattern; pcre:"/((\w+)[\r\n\s]*\x3a=[\r\n\s]*(\x27[^\x27]{1075,}\x27|\x22[^\x22]{1075,}\x22)[\r\n\s]*\x3b.*(missing_rows_oname1|missing_rows_oname2)[\r\n\s]*=>[\r\n\s]*\2|(missing_rows_oname1|missing_rows_oname2)\s*=>\s*(\x27[^\x27]{1075,}|\x22[^\x22]{1075,})|\(\s*((\x27[^\x27]*\x27|\x22[^\x22]+\x22)\s*,\s*){8}(\x27[^\x27]{1075,}|\x22[^\x22]{1075,})|\(\s*((\x27[^\x27]*\x27|\x22[^\x22]+\x22)\s*,\s*){9}(\x27[^\x27]{1075,}|\x22[^\x22]{1075,}))/si"; reference:url,www.appsecinc.com/resources/alerts/oracle/2004-0001/25.html; classtype:attempted-user; sid:2102718; rev:3; metadata:created_at 2010_09_23, updated_at 2019_10_07;)" from file /etc/suricata/rules/emerging-sql.rules at line 409
3/2/2022 -- 09:22:40 - <Error> - [ERRCODE: SC_ERR_UNDEFINED_VAR(101)] - Variable "SQL_SERVERS" is not defined in configuration file
3/2/2022 -- 09:22:40 - <Error> - [ERRCODE: SC_ERR_INVALID_SIGNATURE(39)] - error parsing signature "alert tcp $EXTERNAL_NET any -> $SQL_SERVERS $ORACLE_PORTS (msg:"GPL SQL dbms_repcat.abort_flavor_definition buffer overflow attempt"; flow:to_server,established; content:"dbms_repcat.abort_flavor_definition"; nocase; fast_pattern; pcre:"/((\w+)[\r\n\s]*\x3a=[\r\n\s]*(\x27[^\x27]{1075,}\x27|\x22[^\x22]{1075,}\x22)[\r\n\s]*\x3b.*gname[\r\n\s]*=>[\r\n\s]*\2|gname\s*=>\s*(\x27[^\x27]{1075,}|\x22[^\x22]{1075,})|\(\s*(\x27[^\x27]{1075,}|\x22[^\x22]{1075,}))/si"; reference:url,www.appsecinc.com/resources/alerts/oracle/2004-0001/25.html; classtype:attempted-user; sid:2102719; rev:4; metadata:created_at 2010_09_23, updated_at 2019_10_07;)" from file /etc/suricata/rules/emerging-sql.rules at line 411
3/2/2022 -- 09:22:40 - <Error> - [ERRCODE: SC_ERR_UNDEFINED_VAR(101)] - Variable "SQL_SERVERS" is not defined in configuration file
3/2/2022 -- 09:22:40 - <Error> - [ERRCODE: SC_ERR_INVALID_SIGNATURE(39)] - error parsing signature "alert tcp $EXTERNAL_NET any -> $SQL_SERVERS $ORACLE_PORTS (msg:"GPL SQL dbms_repcat.add_column_group_to_flavor buffer overflow attempt"; flow:to_server,established; content:"dbms_repcat.add_column_group_to_flavor"; nocase; fast_pattern; pcre:"/((\w+)[\r\n\s]*\x3a=[\r\n\s]*(\x27[^\x27]{1075,}\x27|\x22[^\x22]{1075,}\x22)[\r\n\s]*\x3b.*gname[\r\n\s]*=>[\r\n\s]*\2|gname\s*=>\s*(\x27[^\x27]{1075,}|\x22[^\x22]{1075,})|\(\s*(\x27[^\x27]{1075,}|\x22[^\x22]{1075,}))/si"; reference:url,www.appsecinc.com/resources/alerts/oracle/2004-0001/25.html; classtype:attempted-user; sid:2102720; rev:4; metadata:created_at 2010_09_23, updated_at 2019_10_07;)" from file /etc/suricata/rules/emerging-sql.rules at line 413
3/2/2022 -- 09:22:40 - <Error> - [ERRCODE: SC_ERR_UNDEFINED_VAR(101)] - Variable "SQL_SERVERS" is not defined in configuration file
3/2/2022 -- 09:22:40 - <Error> - [ERRCODE: SC_ERR_INVALID_SIGNATURE(39)] - error parsing signature "alert tcp $EXTERNAL_NET any -> $SQL_SERVERS $ORACLE_PORTS (msg:"GPL SQL dbms_repcat.add_columns_to_flavor buffer overflow attempt"; flow:to_server,established; content:"dbms_repcat.add_columns_to_flavor"; nocase; fast_pattern; pcre:"/((\w+)[\r\n\s]*\x3a=[\r\n\s]*(\x27[^\x27]{1075,}\x27|\x22[^\x22]{1075,}\x22)[\r\n\s]*\x3b.*gname[\r\n\s]*=>[\r\n\s]*\2|gname\s*=>\s*(\x27[^\x27]{1075,}|\x22[^\x22]{1075,})|\(\s*(\x27[^\x27]{1075,}|\x22[^\x22]{1075,}))/si"; reference:url,www.appsecinc.com/resources/alerts/oracle/2004-0001/25.html; classtype:attempted-user; sid:2102721; rev:4; metadata:created_at 2010_09_23, updated_at 2019_10_07;)" from file /etc/suricata/rules/emerging-sql.rules at line 415
3/2/2022 -- 09:22:40 - <Error> - [ERRCODE: SC_ERR_UNDEFINED_VAR(101)] - Variable "SQL_SERVERS" is not defined in configuration file
3/2/2022 -- 09:22:40 - <Error> - [ERRCODE: SC_ERR_INVALID_SIGNATURE(39)] - error parsing signature "alert tcp $EXTERNAL_NET any -> $SQL_SERVERS $ORACLE_PORTS (msg:"GPL SQL dbms_repcat.add_delete_resolution buffer overflow attempt"; flow:to_server,established; content:"dbms_repcat.add_delete_resolution"; nocase; fast_pattern; pcre:"/((\w+)[\r\n\s]*\x3a=[\r\n\s]*(\x27[^\x27]{1024,}\x27|\x22[^\x22]{1024,}\x22)[\r\n\s]*\x3b.*sname[\r\n\s]*=>[\r\n\s]*\2|sname\s*=>\s*(\x27[^\x27]{1024,}|\x22[^\x22]{1024,})|(\w+)[\r\n\s]*\x3a=[\r\n\s]*(\x27[^\x27]{1024,}\x27|\x22[^\x22]{1024,}\x22)[\r\n\s]*\x3b.*oname[\r\n\s]*=>[\r\n\s]*\2|oname\s*=>\s*(\x27[^\x27]{1024,}|\x22[^\x22]{1024,})|\(\s*(\x27[^\x27]{1024,}|\x22[^\x22]{1024,})|\(\s*(\x27[^\x27]*\x27|\x22[^\x22]+\x22)\s*,\s*(\x27[^\x27]{1024,}|\x22[^\x22]{1024,}))/si"; classtype:attempted-user; sid:2102674; rev:3; metadata:created_at 2010_09_23, updated_at 2019_10_07;)" from file /etc/suricata/rules/emerging-sql.rules at line 417
3/2/2022 -- 09:22:40 - <Error> - [ERRCODE: SC_ERR_UNDEFINED_VAR(101)] - Variable "SQL_SERVERS" is not defined in configuration file
3/2/2022 -- 09:22:40 - <Error> - [ERRCODE: SC_ERR_INVALID_SIGNATURE(39)] - error parsing signature "alert tcp $EXTERNAL_NET any -> $SQL_SERVERS $ORACLE_PORTS (msg:"GPL SQL dbms_repcat.add_object_to_flavor buffer overflow attempt"; flow:to_server,established; content:"dbms_repcat.add_object_to_flavor"; nocase; fast_pattern; pcre:"/((\w+)[\r\n\s]*\x3a=[\r\n\s]*(\x27[^\x27]{1075,}\x27|\x22[^\x22]{1075,}\x22)[\r\n\s]*\x3b.*gname[\r\n\s]*=>[\r\n\s]*\2|gname\s*=>\s*(\x27[^\x27]{1075,}|\x22[^\x22]{1075,})|\(\s*(\x27[^\x27]{1075,}|\x22[^\x22]{1075,}))/si"; reference:url,www.appsecinc.com/resources/alerts/oracle/2004-0001/25.html; classtype:attempted-user; sid:2102722; rev:3; metadata:created_at 2010_09_23, updated_at 2019_10_07;)" from file /etc/suricata/rules/emerging-sql.rules at line 419
3/2/2022 -- 09:22:40 - <Error> - [ERRCODE: SC_ERR_UNDEFINED_VAR(101)] - Variable "SQL_SERVERS" is not defined in configuration file
3/2/2022 -- 09:22:40 - <Error> - [ERRCODE: SC_ERR_INVALID_SIGNATURE(39)] - error parsing signature "alert tcp $EXTERNAL_NET any -> $SQL_SERVERS $ORACLE_PORTS (msg:"GPL SQL dbms_repcat.add_priority_char buffer overflow attempt"; flow:to_server,established; content:"dbms_repcat.add_priority_char"; nocase; fast_pattern; pcre:"/((\w+)[\r\n\s]*\x3a=[\r\n\s]*(\x27[^\x27]{1075,}\x27|\x22[^\x22]{1075,}\x22)[\r\n\s]*\x3b.*gname[\r\n\s]*=>[\r\n\s]*\2|gname\s*=>\s*(\x27[^\x27]{1075,}|\x22[^\x22]{1075,})|\(\s*(\x27[^\x27]{1075,}|\x22[^\x22]{1075,}))/si"; reference:url,www.appsecinc.com/resources/alerts/oracle/2004-0001/25.html; classtype:attempted-user; sid:2102723; rev:4; metadata:created_at 2010_09_23, updated_at 2019_10_07;)" from file /etc/suricata/rules/emerging-sql.rules at line 421
3/2/2022 -- 09:22:40 - <Error> - [ERRCODE: SC_ERR_UNDEFINED_VAR(101)] - Variable "SQL_SERVERS" is not defined in configuration file
3/2/2022 -- 09:22:40 - <Error> - [ERRCODE: SC_ERR_INVALID_SIGNATURE(39)] - error parsing signature "alert tcp $EXTERNAL_NET any -> $SQL_SERVERS $ORACLE_PORTS (msg:"GPL SQL dbms_repcat.add_priority_date buffer overflow attempt"; flow:to_server,established; content:"dbms_repcat.add_priority_date"; nocase; fast_pattern; pcre:"/((\w+)[\r\n\s]*\x3a=[\r\n\s]*(\x27[^\x27]{1075,}\x27|\x22[^\x22]{1075,}\x22)[\r\n\s]*\x3b.*gname[\r\n\s]*=>[\r\n\s]*\2|gname\s*=>\s*(\x27[^\x27]{1075,}|\x22[^\x22]{1075,})|\(\s*(\x27[^\x27]{1075,}|\x22[^\x22]{1075,}))/si"; reference:url,www.appsecinc.com/resources/alerts/oracle/2004-0001/25.html; classtype:attempted-user; sid:2102724; rev:4; metadata:created_at 2010_09_23, updated_at 2019_10_07;)" from file /etc/suricata/rules/emerging-sql.rules at line 423
3/2/2022 -- 09:22:40 - <Error> - [ERRCODE: SC_ERR_UNDEFINED_VAR(101)] - Variable "SQL_SERVERS" is not defined in configuration file
3/2/2022 -- 09:22:40 - <Error> - [ERRCODE: SC_ERR_INVALID_SIGNATURE(39)] - error parsing signature "alert tcp $EXTERNAL_NET any -> $SQL_SERVERS $ORACLE_PORTS (msg:"GPL SQL dbms_repcat.add_priority_nchar buffer overflow attempt"; flow:to_server,established; content:"dbms_repcat.add_priority_nchar"; nocase; fast_pattern; pcre:"/((\w+)[\r\n\s]*\x3a=[\r\n\s]*(\x27[^\x27]{1075,}\x27|\x22[^\x22]{1075,}\x22)[\r\n\s]*\x3b.*gname[\r\n\s]*=>[\r\n\s]*\2|gname\s*=>\s*(\x27[^\x27]{1075,}|\x22[^\x22]{1075,})|\(\s*(\x27[^\x27]{1075,}|\x22[^\x22]{1075,}))/si"; reference:url,www.appsecinc.com/resources/alerts/oracle/2004-0001/25.html; classtype:attempted-user; sid:2102725; rev:4; metadata:created_at 2010_09_23, updated_at 2019_10_07;)" from file /etc/suricata/rules/emerging-sql.rules at line 425
3/2/2022 -- 09:22:40 - <Error> - [ERRCODE: SC_ERR_UNDEFINED_VAR(101)] - Variable "SQL_SERVERS" is not defined in configuration file
3/2/2022 -- 09:22:40 - <Error> - [ERRCODE: SC_ERR_INVALID_SIGNATURE(39)] - error parsing signature "alert tcp $EXTERNAL_NET any -> $SQL_SERVERS $ORACLE_PORTS (msg:"GPL SQL dbms_repcat.add_priority_nvarchar2 buffer overflow attempt"; flow:to_server,established; content:"dbms_repcat.add_priority_nvarchar2"; nocase; fast_pattern; pcre:"/((\w+)[\r\n\s]*\x3a=[\r\n\s]*(\x27[^\x27]{1075,}\x27|\x22[^\x22]{1075,}\x22)[\r\n\s]*\x3b.*gname[\r\n\s]*=>[\r\n\s]*\2|gname\s*=>\s*(\x27[^\x27]{1075,}|\x22[^\x22]{1075,})|\(\s*(\x27[^\x27]{1075,}|\x22[^\x22]{1075,}))/si"; reference:url,www.appsecinc.com/resources/alerts/oracle/2004-0001/25.html; classtype:attempted-user; sid:2102727; rev:4; metadata:created_at 2010_09_23, updated_at 2019_10_07;)" from file /etc/suricata/rules/emerging-sql.rules at line 427
3/2/2022 -- 09:22:40 - <Error> - [ERRCODE: SC_ERR_UNDEFINED_VAR(101)] - Variable "SQL_SERVERS" is not defined in configuration file
3/2/2022 -- 09:22:40 - <Error> - [ERRCODE: SC_ERR_INVALID_SIGNATURE(39)] - error parsing signature "alert tcp $EXTERNAL_NET any -> $SQL_SERVERS $ORACLE_PORTS (msg:"GPL SQL dbms_repcat.add_priority_raw buffer overflow attempt"; flow:to_server,established; content:"dbms_repcat.add_priority_raw"; nocase; fast_pattern; pcre:"/((\w+)[\r\n\s]*\x3a=[\r\n\s]*(\x27[^\x27]{1075,}\x27|\x22[^\x22]{1075,}\x22)[\r\n\s]*\x3b.*gname[\r\n\s]*=>[\r\n\s]*\2|gname\s*=>\s*(\x27[^\x27]{1075,}|\x22[^\x22]{1075,})|\(\s*(\x27[^\x27]{1075,}|\x22[^\x22]{1075,}))/si"; reference:url,www.appsecinc.com/resources/alerts/oracle/2004-0001/25.html; classtype:attempted-user; sid:2102728; rev:4; metadata:created_at 2010_09_23, updated_at 2019_10_07;)" from file /etc/suricata/rules/emerging-sql.rules at line 429
3/2/2022 -- 09:22:40 - <Error> - [ERRCODE: SC_ERR_UNDEFINED_VAR(101)] - Variable "SQL_SERVERS" is not defined in configuration file
3/2/2022 -- 09:22:40 - <Error> - [ERRCODE: SC_ERR_INVALID_SIGNATURE(39)] - error parsing signature "alert tcp $EXTERNAL_NET any -> $SQL_SERVERS $ORACLE_PORTS (msg:"GPL SQL dbms_repcat.add_priority_varchar2 buffer overflow attempt"; flow:to_server,established; content:"dbms_repcat.add_priority_varchar2"; nocase; fast_pattern; pcre:"/((\w+)[\r\n\s]*\x3a=[\r\n\s]*(\x27[^\x27]{1075,}\x27|\x22[^\x22]{1075,}\x22)[\r\n\s]*\x3b.*gname[\r\n\s]*=>[\r\n\s]*\2|gname\s*=>\s*(\x27[^\x27]{1075,}|\x22[^\x22]{1075,})|\(\s*(\x27[^\x27]{1075,}|\x22[^\x22]{1075,}))/si"; reference:url,www.appsecinc.com/resources/alerts/oracle/2004-0001/25.html; classtype:attempted-user; sid:2102729; rev:4; metadata:created_at 2010_09_23, updated_at 2019_10_07;)" from file /etc/suricata/rules/emerging-sql.rules at line 431
3/2/2022 -- 09:22:40 - <Error> - [ERRCODE: SC_ERR_UNDEFINED_VAR(101)] - Variable "SQL_SERVERS" is not defined in configuration file
3/2/2022 -- 09:22:40 - <Error> - [ERRCODE: SC_ERR_INVALID_SIGNATURE(39)] - error parsing signature "alert tcp $EXTERNAL_NET any -> $SQL_SERVERS $ORACLE_PORTS (msg:"GPL SQL dbms_repcat.add_site_priority_site buffer overflow attempt"; flow:to_server,established; content:"dbms_repcat.add_site_priority_site"; nocase; fast_pattern; pcre:"/((\w+)[\r\n\s]*\x3a=[\r\n\s]*(\x27[^\x27]{1075,}\x27|\x22[^\x22]{1075,}\x22)[\r\n\s]*\x3b.*gname[\r\n\s]*=>[\r\n\s]*\2|gname\s*=>\s*(\x27[^\x27]{1075,}|\x22[^\x22]{1075,})|\(\s*(\x27[^\x27]{1075,}|\x22[^\x22]{1075,}))/si"; reference:url,www.appsecinc.com/resources/alerts/oracle/2004-0001/25.html; classtype:attempted-user; sid:2102730; rev:4; metadata:created_at 2010_09_23, updated_at 2019_10_07;)" from file /etc/suricata/rules/emerging-sql.rules at line 433
3/2/2022 -- 09:22:40 - <Error> - [ERRCODE: SC_ERR_UNDEFINED_VAR(101)] - Variable "SQL_SERVERS" is not defined in configuration file
3/2/2022 -- 09:22:40 - <Error> - [ERRCODE: SC_ERR_INVALID_SIGNATURE(39)] - error parsing signature "alert tcp $EXTERNAL_NET any -> $SQL_SERVERS $ORACLE_PORTS (msg:"GPL SQL dbms_repcat.add_unique_resolution buffer overflow attempt"; flow:to_server,established; content:"dbms_repcat.add_unique_resolution"; nocase; fast_pattern; pcre:"/((\w+)[\r\n\s]*\x3a=[\r\n\s]*(\x27[^\x27]{1075,}\x27|\x22[^\x22]{1075,}\x22)[\r\n\s]*\x3b.*(sname|oname)[\r\n\s]*=>[\r\n\s]*\2|(sname|oname)\s*=>\s*(\x27[^\x27]{1075,}|\x22[^\x22]{1075,})|\(\s*(\x27[^\x27]{1075,}|\x22[^\x22]{1075,})|\(\s*(\x27[^\x27]*\x27|\x22[^\x22]+\x22)\s*,\s*(\x27[^\x27]{1075,}|\x22[^\x22]{1075,}))/si"; reference:url,www.appsecinc.com/resources/alerts/oracle/2004-0001/25.html; classtype:attempted-user; sid:2102731; rev:4; metadata:created_at 2010_09_23, updated_at 2019_10_07;)" from file /etc/suricata/rules/emerging-sql.rules at line 435
3/2/2022 -- 09:22:40 - <Error> - [ERRCODE: SC_ERR_UNDEFINED_VAR(101)] - Variable "SQL_SERVERS" is not defined in configuration file
3/2/2022 -- 09:22:40 - <Error> - [ERRCODE: SC_ERR_INVALID_SIGNATURE(39)] - error parsing signature "alert tcp $EXTERNAL_NET any -> $SQL_SERVERS $ORACLE_PORTS (msg:"GPL SQL dbms_repcat.add_update_resolution buffer overflow attempt"; flow:to_server,established; content:"dbms_repcat.add_update_resolution"; nocase; fast_pattern; pcre:"/((\w+)[\r\n\s]*\x3a=[\r\n\s]*(\x27[^\x27]{1075,}\x27|\x22[^\x22]{1075,}\x22)[\r\n\s]*\x3b.*(sname|oname)[\r\n\s]*=>[\r\n\s]*\2|(sname|oname)\s*=>\s*(\x27[^\x27]{1075,}|\x22[^\x22]{1075,})|\(\s*(\x27[^\x27]{1075,}|\x22[^\x22]{1075,})|\(\s*(\x27[^\x27]*\x27|\x22[^\x22]+\x22)\s*,\s*(\x27[^\x27]{1075,}|\x22[^\x22]{1075,}))/si"; reference:url,www.appsecinc.com/resources/alerts/oracle/2004-0001/25.html; classtype:attempted-user; sid:2102732; rev:4; metadata:created_at 2010_09_23, updated_at 2019_10_07;)" from file /etc/suricata/rules/emerging-sql.rules at line 437
3/2/2022 -- 09:22:40 - <Error> - [ERRCODE: SC_ERR_UNDEFINED_VAR(101)] - Variable "SQL_SERVERS" is not defined in configuration file
3/2/2022 -- 09:22:40 - <Error> - [ERRCODE: SC_ERR_INVALID_SIGNATURE(39)] - error parsing signature "alert tcp $EXTERNAL_NET any -> $SQL_SERVERS $ORACLE_PORTS (msg:"GPL SQL dbms_repcat.alter_master_propagation buffer overflow attempt"; flow:to_server,established; content:"dbms_repcat.alter_master_propagation"; nocase; fast_pattern; pcre:"/((\w+)[\r\n\s]*\x3a=[\r\n\s]*(\x27[^\x27]{1075,}\x27|\x22[^\x22]{1075,}\x22)[\r\n\s]*\x3b.*gname[\r\n\s]*=>[\r\n\s]*\2|gname\s*=>\s*(\x27[^\x27]{1075,}|\x22[^\x22]{1075,})|\(\s*(\x27[^\x27]{1075,}|\x22[^\x22]{1075,}))/si"; reference:url,www.appsecinc.com/resources/alerts/oracle/2004-0001/25.html; classtype:attempted-user; sid:2102733; rev:4; metadata:created_at 2010_09_23, updated_at 2019_10_07;)" from file /etc/suricata/rules/emerging-sql.rules at line 439
3/2/2022 -- 09:22:40 - <Error> - [ERRCODE: SC_ERR_UNDEFINED_VAR(101)] - Variable "SQL_SERVERS" is not defined in configuration file
3/2/2022 -- 09:22:40 - <Error> - [ERRCODE: SC_ERR_INVALID_SIGNATURE(39)] - error parsing signature "alert tcp $EXTERNAL_NET any -> $SQL_SERVERS $ORACLE_PORTS (msg:"GPL SQL dbms_repcat.alter_master_repobject buffer overflow attempt"; flow:to_server,established; content:"dbms_repcat.alter_master_repobject"; nocase; fast_pattern; pcre:"/((\w+)[\r\n\s]*\x3a=[\r\n\s]*(\x27[^\x27]{1024,}\x27|\x22[^\x22]{1024,}\x22)[\r\n\s]*\x3b.*type[\r\n\s]*=>[\r\n\s]*\2|type\s*=>\s*(\x27[^\x27]{1024,}|\x22[^\x22]{1024,})|\(\s*(\x27[^\x27]*\x27|\x22[^\x22]+\x22)\s*,\s*(\x27[^\x27]*\x27|\x22[^\x22]+\x22)\s*,\s*(\x27[^\x27]{1024,}|\x22[^\x22]{1024,}))/si"; reference:url,www.appsecinc.com/Policy/PolicyCheck634.html; classtype:attempted-user; sid:2102619; rev:5; metadata:created_at 2010_09_23, updated_at 2019_10_07;)" from file /etc/suricata/rules/emerging-sql.rules at line 441
3/2/2022 -- 09:22:40 - <Error> - [ERRCODE: SC_ERR_UNDEFINED_VAR(101)] - Variable "SQL_SERVERS" is not defined in configuration file
3/2/2022 -- 09:22:40 - <Error> - [ERRCODE: SC_ERR_INVALID_SIGNATURE(39)] - error parsing signature "alert tcp $EXTERNAL_NET any -> $SQL_SERVERS $ORACLE_PORTS (msg:"GPL SQL dbms_repcat.alter_mview_propagation buffer overflow attempt"; flow:to_server,established; content:"dbms_repcat.alter_mview_propagation"; nocase; fast_pattern; pcre:"/((\w+)[\r\n\s]*\x3a=[\r\n\s]*(\x27[^\x27]{1075,}\x27|\x22[^\x22]{1075,}\x22)[\r\n\s]*\x3b.*(gname|gowner)[\r\n\s]*=>[\r\n\s]*\2|(gname|gowner)\s*=>\s*(\x27[^\x27]{1075,}|\x22[^\x22]{1075,})|\(\s*(\x27[^\x27]{1075,}|\x22[^\x22]{1075,})|\(\s*((\x27[^\x27]*\x27|\x22[^\x22]+\x22)\s*,\s*){3}(\x27[^\x27]{1075,}|\x22[^\x22]{1075,}))/si"; reference:url,www.appsecinc.com/resources/alerts/oracle/2004-0001/25.html; classtype:attempted-user; sid:2102734; rev:4; metadata:created_at 2010_09_23, updated_at 2019_10_07;)" from file /etc/suricata/rules/emerging-sql.rules at line 443
3/2/2022 -- 09:22:40 - <Error> - [ERRCODE: SC_ERR_UNDEFINED_VAR(101)] - Variable "SQL_SERVERS" is not defined in configuration file
3/2/2022 -- 09:22:40 - <Error> - [ERRCODE: SC_ERR_INVALID_SIGNATURE(39)] - error parsing signature "alert tcp $EXTERNAL_NET any -> $SQL_SERVERS $ORACLE_PORTS (msg:"GPL SQL dbms_repcat.alter_priority buffer overflow attempt"; flow:to_server,established; content:"dbms_repcat.alter_priority"; nocase; fast_pattern; pcre:"/((\w+)[\r\n\s]*\x3a=[\r\n\s]*(\x27[^\x27]{1075,}\x27|\x22[^\x22]{1075,}\x22)[\r\n\s]*\x3b.*gname[\r\n\s]*=>[\r\n\s]*\2|gname\s*=>\s*(\x27[^\x27]{1075,}|\x22[^\x22]{1075,})|\(\s*(\x27[^\x27]{1075,}|\x22[^\x22]{1075,}))/si"; reference:url,www.appsecinc.com/resources/alerts/oracle/2004-0001/25.html; classtype:attempted-user; sid:2102741; rev:4; metadata:created_at 2010_09_23, updated_at 2019_10_07;)" from file /etc/suricata/rules/emerging-sql.rules at line 445
3/2/2022 -- 09:22:40 - <Error> - [ERRCODE: SC_ERR_UNDEFINED_VAR(101)] - Variable "SQL_SERVERS" is not defined in configuration file
3/2/2022 -- 09:22:40 - <Error> - [ERRCODE: SC_ERR_INVALID_SIGNATURE(39)] - error parsing signature "alert tcp $EXTERNAL_NET any -> $SQL_SERVERS $ORACLE_PORTS (msg:"GPL SQL dbms_repcat.alter_priority_char buffer overflow attempt"; flow:to_server,established; content:"dbms_repcat.alter_priority_char"; nocase; fast_pattern; pcre:"/((\w+)[\r\n\s]*\x3a=[\r\n\s]*(\x27[^\x27]{1075,}\x27|\x22[^\x22]{1075,}\x22)[\r\n\s]*\x3b.*gname[\r\n\s]*=>[\r\n\s]*\2|gname\s*=>\s*(\x27[^\x27]{1075,}|\x22[^\x22]{1075,})|\(\s*(\x27[^\x27]{1075,}|\x22[^\x22]{1075,}))/si"; reference:url,www.appsecinc.com/resources/alerts/oracle/2004-0001/25.html; classtype:attempted-user; sid:2102735; rev:4; metadata:created_at 2010_09_23, updated_at 2019_10_07;)" from file /etc/suricata/rules/emerging-sql.rules at line 447
3/2/2022 -- 09:22:40 - <Error> - [ERRCODE: SC_ERR_UNDEFINED_VAR(101)] - Variable "SQL_SERVERS" is not defined in configuration file
3/2/2022 -- 09:22:40 - <Error> - [ERRCODE: SC_ERR_INVALID_SIGNATURE(39)] - error parsing signature "alert tcp $EXTERNAL_NET any -> $SQL_SERVERS $ORACLE_PORTS (msg:"GPL SQL dbms_repcat.alter_priority_date buffer overflow attempt"; flow:to_server,established; content:"dbms_repcat.alter_priority_date"; nocase; fast_pattern; pcre:"/((\w+)[\r\n\s]*\x3a=[\r\n\s]*(\x27[^\x27]{1075,}\x27|\x22[^\x22]{1075,}\x22)[\r\n\s]*\x3b.*gname[\r\n\s]*=>[\r\n\s]*\2|gname\s*=>\s*(\x27[^\x27]{1075,}|\x22[^\x22]{1075,})|\(\s*(\x27[^\x27]{1075,}|\x22[^\x22]{1075,}))/si"; reference:url,www.appsecinc.com/resources/alerts/oracle/2004-0001/25.html; classtype:attempted-user; sid:2102736; rev:4; metadata:created_at 2010_09_23, updated_at 2019_10_07;)" from file /etc/suricata/rules/emerging-sql.rules at line 449
3/2/2022 -- 09:22:40 - <Error> - [ERRCODE: SC_ERR_UNDEFINED_VAR(101)] - Variable "SQL_SERVERS" is not defined in configuration file
3/2/2022 -- 09:22:40 - <Error> - [ERRCODE: SC_ERR_INVALID_SIGNATURE(39)] - error parsing signature "alert tcp $EXTERNAL_NET any -> $SQL_SERVERS $ORACLE_PORTS (msg:"GPL SQL dbms_repcat.alter_priority_nchar buffer overflow attempt"; flow:to_server,established; content:"dbms_repcat.alter_priority_nchar"; nocase; fast_pattern; pcre:"/((\w+)[\r\n\s]*\x3a=[\r\n\s]*(\x27[^\x27]{1075,}\x27|\x22[^\x22]{1075,}\x22)[\r\n\s]*\x3b.*gname[\r\n\s]*=>[\r\n\s]*\2|gname\s*=>\s*(\x27[^\x27]{1075,}|\x22[^\x22]{1075,})|\(\s*(\x27[^\x27]{1075,}|\x22[^\x22]{1075,}))/si"; reference:url,www.appsecinc.com/resources/alerts/oracle/2004-0001/25.html; classtype:attempted-user; sid:2102737; rev:4; metadata:created_at 2010_09_23, updated_at 2019_10_07;)" from file /etc/suricata/rules/emerging-sql.rules at line 451
3/2/2022 -- 09:22:40 - <Error> - [ERRCODE: SC_ERR_UNDEFINED_VAR(101)] - Variable "SQL_SERVERS" is not defined in configuration file
3/2/2022 -- 09:22:40 - <Error> - [ERRCODE: SC_ERR_INVALID_SIGNATURE(39)] - error parsing signature "alert tcp $EXTERNAL_NET any -> $SQL_SERVERS $ORACLE_PORTS (msg:"GPL SQL dbms_repcat.alter_priority_number buffer overflow attempt"; flow:to_server,established; content:"dbms_repcat.alter_priority_number"; nocase; fast_pattern; pcre:"/((\w+)[\r\n\s]*\x3a=[\r\n\s]*(\x27[^\x27]{1075,}\x27|\x22[^\x22]{1075,}\x22)[\r\n\s]*\x3b.*gname[\r\n\s]*=>[\r\n\s]*\2|gname\s*=>\s*(\x27[^\x27]{1075,}|\x22[^\x22]{1075,})|\(\s*(\x27[^\x27]{1075,}|\x22[^\x22]{1075,}))/si"; reference:url,www.appsecinc.com/resources/alerts/oracle/2004-0001/25.html; classtype:attempted-user; sid:2102738; rev:4; metadata:created_at 2010_09_23, updated_at 2019_10_07;)" from file /etc/suricata/rules/emerging-sql.rules at line 453
3/2/2022 -- 09:22:40 - <Error> - [ERRCODE: SC_ERR_UNDEFINED_VAR(101)] - Variable "SQL_SERVERS" is not defined in configuration file
3/2/2022 -- 09:22:40 - <Error> - [ERRCODE: SC_ERR_INVALID_SIGNATURE(39)] - error parsing signature "alert tcp $EXTERNAL_NET any -> $SQL_SERVERS $ORACLE_PORTS (msg:"GPL SQL dbms_repcat.alter_priority_nvarchar2 buffer overflow attempt"; flow:to_server,established; content:"dbms_repcat.alter_priority_nvarchar2"; nocase; fast_pattern; pcre:"/((\w+)[\r\n\s]*\x3a=[\r\n\s]*(\x27[^\x27]{1075,}\x27|\x22[^\x22]{1075,}\x22)[\r\n\s]*\x3b.*gname[\r\n\s]*=>[\r\n\s]*\2|gname\s*=>\s*(\x27[^\x27]{1075,}|\x22[^\x22]{1075,})|\(\s*(\x27[^\x27]{1075,}|\x22[^\x22]{1075,}))/si"; reference:url,www.appsecinc.com/resources/alerts/oracle/2004-0001/25.html; classtype:attempted-user; sid:2102739; rev:4; metadata:created_at 2010_09_23, updated_at 2019_10_07;)" from file /etc/suricata/rules/emerging-sql.rules at line 455
3/2/2022 -- 09:22:40 - <Error> - [ERRCODE: SC_ERR_UNDEFINED_VAR(101)] - Variable "SQL_SERVERS" is not defined in configuration file
3/2/2022 -- 09:22:40 - <Error> - [ERRCODE: SC_ERR_INVALID_SIGNATURE(39)] - error parsing signature "alert tcp $EXTERNAL_NET any -> $SQL_SERVERS $ORACLE_PORTS (msg:"GPL SQL dbms_repcat.alter_priority_raw buffer overflow attempt"; flow:to_server,established; content:"dbms_repcat.alter_priority_raw"; nocase; fast_pattern; pcre:"/((\w+)[\r\n\s]*\x3a=[\r\n\s]*(\x27[^\x27]{1075,}\x27|\x22[^\x22]{1075,}\x22)[\r\n\s]*\x3b.*gname[\r\n\s]*=>[\r\n\s]*\2|gname\s*=>\s*(\x27[^\x27]{1075,}|\x22[^\x22]{1075,})|\(\s*(\x27[^\x27]{1075,}|\x22[^\x22]{1075,}))/si"; reference:url,www.appsecinc.com/resources/alerts/oracle/2004-0001/25.html; classtype:attempted-user; sid:2102740; rev:4; metadata:created_at 2010_09_23, updated_at 2019_10_07;)" from file /etc/suricata/rules/emerging-sql.rules at line 457
3/2/2022 -- 09:22:40 - <Error> - [ERRCODE: SC_ERR_UNDEFINED_VAR(101)] - Variable "SQL_SERVERS" is not defined in configuration file
3/2/2022 -- 09:22:40 - <Error> - [ERRCODE: SC_ERR_INVALID_SIGNATURE(39)] - error parsing signature "alert tcp $EXTERNAL_NET any -> $SQL_SERVERS $ORACLE_PORTS (msg:"GPL SQL dbms_repcat.alter_priority_varchar2 buffer overflow attempt"; flow:to_server,established; content:"dbms_repcat.alter_priority_varchar2"; nocase; fast_pattern; pcre:"/((\w+)[\r\n\s]*\x3a=[\r\n\s]*(\x27[^\x27]{1075,}\x27|\x22[^\x22]{1075,}\x22)[\r\n\s]*\x3b.*gname[\r\n\s]*=>[\r\n\s]*\2|gname\s*=>\s*(\x27[^\x27]{1075,}|\x22[^\x22]{1075,})|\(\s*(\x27[^\x27]{1075,}|\x22[^\x22]{1075,}))/si"; reference:url,www.appsecinc.com/resources/alerts/oracle/2004-0001/25.html; classtype:attempted-user; sid:2102742; rev:4; metadata:created_at 2010_09_23, updated_at 2019_10_07;)" from file /etc/suricata/rules/emerging-sql.rules at line 459
3/2/2022 -- 09:22:40 - <Error> - [ERRCODE: SC_ERR_UNDEFINED_VAR(101)] - Variable "SQL_SERVERS" is not defined in configuration file
3/2/2022 -- 09:22:40 - <Error> - [ERRCODE: SC_ERR_INVALID_SIGNATURE(39)] - error parsing signature "alert tcp $EXTERNAL_NET any -> $SQL_SERVERS $ORACLE_PORTS (msg:"GPL SQL dbms_repcat.alter_site_priority buffer overflow attempt"; flow:to_server,established; content:"dbms_repcat.alter_site_priority"; nocase; fast_pattern; pcre:"/((\w+)[\r\n\s]*\x3a=[\r\n\s]*(\x27[^\x27]{1075,}\x27|\x22[^\x22]{1075,}\x22)[\r\n\s]*\x3b.*gname[\r\n\s]*=>[\r\n\s]*\2|gname\s*=>\s*(\x27[^\x27]{1075,}|\x22[^\x22]{1075,})|\(\s*(\x27[^\x27]{1075,}|\x22[^\x22]{1075,}))/si"; reference:url,www.appsecinc.com/resources/alerts/oracle/2004-0001/25.html; classtype:attempted-user; sid:2102744; rev:4; metadata:created_at 2010_09_23, updated_at 2019_10_07;)" from file /etc/suricata/rules/emerging-sql.rules at line 461
3/2/2022 -- 09:22:40 - <Error> - [ERRCODE: SC_ERR_UNDEFINED_VAR(101)] - Variable "SQL_SERVERS" is not defined in configuration file
3/2/2022 -- 09:22:40 - <Error> - [ERRCODE: SC_ERR_INVALID_SIGNATURE(39)] - error parsing signature "alert tcp $EXTERNAL_NET any -> $SQL_SERVERS $ORACLE_PORTS (msg:"GPL SQL dbms_repcat.alter_site_priority_site buffer overflow attempt"; flow:to_server,established; content:"dbms_repcat.alter_site_priority_site"; nocase; fast_pattern; pcre:"/((\w+)[\r\n\s]*\x3a=[\r\n\s]*(\x27[^\x27]{1075,}\x27|\x22[^\x22]{1075,}\x22)[\r\n\s]*\x3b.*gname[\r\n\s]*=>[\r\n\s]*\2|gname\s*=>\s*(\x27[^\x27]{1075,}|\x22[^\x22]{1075,})|\(\s*(\x27[^\x27]{1075,}|\x22[^\x22]{1075,}))/si"; reference:url,www.appsecinc.com/resources/alerts/oracle/2004-0001/25.html; classtype:attempted-user; sid:2102743; rev:4; metadata:created_at 2010_09_23, updated_at 2019_10_07;)" from file /etc/suricata/rules/emerging-sql.rules at line 463
3/2/2022 -- 09:22:40 - <Error> - [ERRCODE: SC_ERR_UNDEFINED_VAR(101)] - Variable "SQL_SERVERS" is not defined in configuration file
3/2/2022 -- 09:22:40 - <Error> - [ERRCODE: SC_ERR_INVALID_SIGNATURE(39)] - error parsing signature "alert tcp $EXTERNAL_NET any -> $SQL_SERVERS $ORACLE_PORTS (msg:"GPL SQL dbms_repcat.alter_snapshot_propagation buffer overflow attempt"; flow:to_server,established; content:"dbms_repcat.alter_snapshot_propagation"; nocase; fast_pattern; pcre:"/((\w+)[\r\n\s]*\x3a=[\r\n\s]*(\x27[^\x27]{1075,}\x27|\x22[^\x22]{1075,}\x22)[\r\n\s]*\x3b.*gname[\r\n\s]*=>[\r\n\s]*\2|gname\s*=>\s*(\x27[^\x27]{1075,}|\x22[^\x22]{1075,})|\(\s*(\x27[^\x27]{1075,}|\x22[^\x22]{1075,}))/si"; reference:url,www.appsecinc.com/resources/alerts/oracle/2004-0001/25.html; classtype:attempted-user; sid:2102745; rev:4; metadata:created_at 2010_09_23, updated_at 2019_10_07;)" from file /etc/suricata/rules/emerging-sql.rules at line 465
3/2/2022 -- 09:22:40 - <Error> - [ERRCODE: SC_ERR_UNDEFINED_VAR(101)] - Variable "SQL_SERVERS" is not defined in configuration file
3/2/2022 -- 09:22:40 - <Error> - [ERRCODE: SC_ERR_INVALID_SIGNATURE(39)] - error parsing signature "alert tcp $EXTERNAL_NET any -> $SQL_SERVERS $ORACLE_PORTS (msg:"GPL SQL dbms_repcat.begin_flavor_definition buffer overflow attempt"; flow:to_server,established; content:"dbms_repcat.begin_flavor_definition"; nocase; fast_pattern; pcre:"/((\w+)[\r\n\s]*\x3a=[\r\n\s]*(\x27[^\x27]{1075,}\x27|\x22[^\x22]{1075,}\x22)[\r\n\s]*\x3b.*gname[\r\n\s]*=>[\r\n\s]*\2|gname\s*=>\s*(\x27[^\x27]{1075,}|\x22[^\x22]{1075,})|\(\s*(\x27[^\x27]{1075,}|\x22[^\x22]{1075,}))/si"; reference:url,www.appsecinc.com/resources/alerts/oracle/2004-0001/25.html; classtype:attempted-user; sid:2102747; rev:4; metadata:created_at 2010_09_23, updated_at 2019_10_07;)" from file /etc/suricata/rules/emerging-sql.rules at line 467
3/2/2022 -- 09:22:40 - <Error> - [ERRCODE: SC_ERR_UNDEFINED_VAR(101)] - Variable "SQL_SERVERS" is not defined in configuration file
3/2/2022 -- 09:22:40 - <Error> - [ERRCODE: SC_ERR_INVALID_SIGNATURE(39)] - error parsing signature "alert tcp $EXTERNAL_NET any -> $SQL_SERVERS $ORACLE_PORTS (msg:"GPL SQL dbms_repcat.cancel_statistics buffer overflow attempt"; flow:to_server,established; content:"dbms_repcat.cancel_statistics"; nocase; fast_pattern; pcre:"/((\w+)[\r\n\s]*\x3a=[\r\n\s]*(\x27[^\x27]{1024,}\x27|\x22[^\x22]{1024,}\x22)[\r\n\s]*\x3b.*sname[\r\n\s]*=>[\r\n\s]*\2|sname\s*=>\s*(\x27[^\x27]{1024,}|\x22[^\x22]{1024,})|(\w+)[\r\n\s]*\x3a=[\r\n\s]*(\x27[^\x27]{1024,}\x27|\x22[^\x22]{1024,}\x22)[\r\n\s]*\x3b.*oname[\r\n\s]*=>[\r\n\s]*\2|oname\s*=>\s*(\x27[^\x27]{1024,}|\x22[^\x22]{1024,})|\(\s*(\x27[^\x27]{1024,}|\x22[^\x22]{1024,})|\(\s*(\x27[^\x27]*\x27|\x22[^\x22]+\x22)\s*,\s*(\x27[^\x27]{1024,}|\x22[^\x22]{1024,}))/si"; classtype:attempted-user; sid:2102609; rev:5; metadata:created_at 2010_09_23, updated_at 2019_10_07;)" from file /etc/suricata/rules/emerging-sql.rules at line 469
3/2/2022 -- 09:22:40 - <Error> - [ERRCODE: SC_ERR_UNDEFINED_VAR(101)] - Variable "SQL_SERVERS" is not defined in configuration file
3/2/2022 -- 09:22:40 - <Error> - [ERRCODE: SC_ERR_INVALID_SIGNATURE(39)] - error parsing signature "alert tcp $EXTERNAL_NET any -> $SQL_SERVERS $ORACLE_PORTS (msg:"GPL SQL dbms_repcat.comment_on_column_group buffer overflow attempt"; flow:to_server,established; content:"dbms_repcat.comment_on_column_group"; nocase; fast_pattern; pcre:"/((\w+)[\r\n\s]*\x3a=[\r\n\s]*(\x27[^\x27]{1075,}\x27|\x22[^\x22]{1075,}\x22)[\r\n\s]*\x3b.*(sname|oname)[\r\n\s]*=>[\r\n\s]*\2|(sname|oname)\s*=>\s*(\x27[^\x27]{1075,}|\x22[^\x22]{1075,})|\(\s*(\x27[^\x27]{1075,}|\x22[^\x22]{1075,})|\(\s*(\x27[^\x27]*\x27|\x22[^\x22]+\x22)\s*,\s*(\x27[^\x27]{1075,}|\x22[^\x22]{1075,}))/si"; reference:url,www.appsecinc.com/resources/alerts/oracle/2004-0001/25.html; classtype:attempted-user; sid:2102748; rev:4; metadata:created_at 2010_09_23, updated_at 2019_10_07;)" from file /etc/suricata/rules/emerging-sql.rules at line 471
3/2/2022 -- 09:22:40 - <Error> - [ERRCODE: SC_ERR_UNDEFINED_VAR(101)] - Variable "SQL_SERVERS" is not defined in configuration file
3/2/2022 -- 09:22:40 - <Error> - [ERRCODE: SC_ERR_INVALID_SIGNATURE(39)] - error parsing signature "alert tcp $EXTERNAL_NET any -> $SQL_SERVERS $ORACLE_PORTS (msg:"GPL SQL dbms_repcat.comment_on_delete_resolution buffer overflow attempt"; flow:to_server,established; content:"dbms_repcat.comment_on_delete_resolution"; nocase; fast_pattern; pcre:"/((\w+)[\r\n\s]*\x3a=[\r\n\s]*(\x27[^\x27]{1075,}\x27|\x22[^\x22]{1075,}\x22)[\r\n\s]*\x3b.*(sname|oname)[\r\n\s]*=>[\r\n\s]*\2|(sname|oname)\s*=>\s*(\x27[^\x27]{1075,}|\x22[^\x22]{1075,})|\(\s*(\x27[^\x27]{1075,}|\x22[^\x22]{1075,})|\(\s*(\x27[^\x27]*\x27|\x22[^\x22]+\x22)\s*,\s*(\x27[^\x27]{1075,}|\x22[^\x22]{1075,}))/si"; reference:url,www.appsecinc.com/resources/alerts/oracle/2004-0001/25.html; classtype:attempted-user; sid:2102749; rev:4; metadata:created_at 2010_09_23, updated_at 2019_10_07;)" from file /etc/suricata/rules/emerging-sql.rules at line 473
3/2/2022 -- 09:22:40 - <Error> - [ERRCODE: SC_ERR_UNDEFINED_VAR(101)] - Variable "SQL_SERVERS" is not defined in configuration file
3/2/2022 -- 09:22:40 - <Error> - [ERRCODE: SC_ERR_INVALID_SIGNATURE(39)] - error parsing signature "alert tcp $EXTERNAL_NET any -> $SQL_SERVERS $ORACLE_PORTS (msg:"GPL SQL dbms_repcat.comment_on_mview_repsites buffer overflow attempt"; flow:to_server,established; content:"dbms_repcat.comment_on_mview_repsites"; nocase; fast_pattern; pcre:"/((\w+)[\r\n\s]*\x3a=[\r\n\s]*(\x27[^\x27]{1075,}\x27|\x22[^\x22]{1075,}\x22)[\r\n\s]*\x3b.*(gowner|gname)[\r\n\s]*=>[\r\n\s]*\2|(gowner|gname)\s*=>\s*(\x27[^\x27]{1075,}|\x22[^\x22]{1075,})|\(\s*(\x27[^\x27]{1075,}|\x22[^\x22]{1075,})|\(\s*(\x27[^\x27]*\x27|\x22[^\x22]+\x22)\s*,\s*(\x27[^\x27]{1075,}|\x22[^\x22]{1075,}))/si"; reference:url,www.appsecinc.com/resources/alerts/oracle/2004-0001/25.html; classtype:attempted-user; sid:2102750; rev:4; metadata:created_at 2010_09_23, updated_at 2019_10_07;)" from file /etc/suricata/rules/emerging-sql.rules at line 475
3/2/2022 -- 09:22:40 - <Error> - [ERRCODE: SC_ERR_UNDEFINED_VAR(101)] - Variable "SQL_SERVERS" is not defined in configuration file
3/2/2022 -- 09:22:40 - <Error> - [ERRCODE: SC_ERR_INVALID_SIGNATURE(39)] - error parsing signature "alert tcp $EXTERNAL_NET any -> $SQL_SERVERS $ORACLE_PORTS (msg:"GPL SQL dbms_repcat.comment_on_priority_group buffer overflow attempt"; flow:to_server,established; content:"dbms_repcat.comment_on_priority_group"; nocase; fast_pattern; pcre:"/((\w+)[\r\n\s]*\x3a=[\r\n\s]*(\x27[^\x27]{1075,}\x27|\x22[^\x22]{1075,}\x22)[\r\n\s]*\x3b.*gname[\r\n\s]*=>[\r\n\s]*\2|gname\s*=>\s*(\x27[^\x27]{1075,}|\x22[^\x22]{1075,})|\(\s*(\x27[^\x27]{1075,}|\x22[^\x22]{1075,}))/si"; reference:url,www.appsecinc.com/resources/alerts/oracle/2004-0001/25.html; classtype:attempted-user; sid:2102751; rev:4; metadata:created_at 2010_09_23, updated_at 2019_10_07;)" from file /etc/suricata/rules/emerging-sql.rules at line 477
3/2/2022 -- 09:22:40 - <Error> - [ERRCODE: SC_ERR_UNDEFINED_VAR(101)] - Variable "SQL_SERVERS" is not defined in configuration file
3/2/2022 -- 09:22:40 - <Error> - [ERRCODE: SC_ERR_INVALID_SIGNATURE(39)] - error parsing signature "alert tcp $EXTERNAL_NET any -> $SQL_SERVERS $ORACLE_PORTS (msg:"GPL SQL dbms_repcat.comment_on_repgroup buffer overflow attempt"; flow:to_server,established; content:"dbms_repcat.comment_on_repgroup"; nocase; fast_pattern; pcre:"/((\w+)[\r\n\s]*\x3a=[\r\n\s]*(\x27[^\x27]{1075,}\x27|\x22[^\x22]{1075,}\x22)[\r\n\s]*\x3b.*gname[\r\n\s]*=>[\r\n\s]*\2|gname\s*=>\s*(\x27[^\x27]{1075,}|\x22[^\x22]{1075,})|\(\s*(\x27[^\x27]{1075,}|\x22[^\x22]{1075,}))/si"; reference:url,www.appsecinc.com/resources/alerts/oracle/2004-0001/25.html; classtype:attempted-user; sid:2102752; rev:4; metadata:created_at 2010_09_23, updated_at 2019_10_07;)" from file /etc/suricata/rules/emerging-sql.rules at line 479
3/2/2022 -- 09:22:40 - <Error> - [ERRCODE: SC_ERR_UNDEFINED_VAR(101)] - Variable "SQL_SERVERS" is not defined in configuration file
3/2/2022 -- 09:22:40 - <Error> - [ERRCODE: SC_ERR_INVALID_SIGNATURE(39)] - error parsing signature "alert tcp $EXTERNAL_NET any -> $SQL_SERVERS $ORACLE_PORTS (msg:"GPL SQL dbms_repcat.comment_on_repobject buffer overflow attempt"; flow:to_server,established; content:"dbms_repcat.comment_on_repobject"; nocase; fast_pattern; pcre:"/((\w+)[\r\n\s]*\x3a=[\r\n\s]*(\x27[^\x27]{1024,}\x27|\x22[^\x22]{1024,}\x22)[\r\n\s]*\x3b.*type[\r\n\s]*=>[\r\n\s]*\2|type\s*=>\s*(\x27[^\x27]{1024,}|\x22[^\x22]{1024,})|\(\s*(\x27[^\x27]*\x27|\x22[^\x22]+\x22)\s*,\s*(\x27[^\x27]*\x27|\x22[^\x22]+\x22)\s*,\s*(\x27[^\x27]{1024,}|\x22[^\x22]{1024,}))/si"; reference:url,www.appsecinc.com/Policy/PolicyCheck634.html; classtype:attempted-user; sid:2102606; rev:5; metadata:created_at 2010_09_23, updated_at 2019_10_07;)" from file /etc/suricata/rules/emerging-sql.rules at line 481
3/2/2022 -- 09:22:40 - <Error> - [ERRCODE: SC_ERR_UNDEFINED_VAR(101)] - Variable "SQL_SERVERS" is not defined in configuration file
3/2/2022 -- 09:22:40 - <Error> - [ERRCODE: SC_ERR_INVALID_SIGNATURE(39)] - error parsing signature "alert tcp $EXTERNAL_NET any -> $SQL_SERVERS $ORACLE_PORTS (msg:"GPL SQL dbms_repcat.comment_on_repsites buffer overflow attempt"; flow:to_server,established; content:"dbms_repcat.comment_on_repsites"; nocase; fast_pattern; pcre:"/((\w+)[\r\n\s]*\x3a=[\r\n\s]*(\x27[^\x27]{1075,}\x27|\x22[^\x22]{1075,}\x22)[\r\n\s]*\x3b.*gname[\r\n\s]*=>[\r\n\s]*\2|gname\s*=>\s*(\x27[^\x27]{1075,}|\x22[^\x22]{1075,})|\(\s*(\x27[^\x27]{1075,}|\x22[^\x22]{1075,}))/si"; reference:url,www.appsecinc.com/resources/alerts/oracle/2004-0001/25.html; classtype:attempted-user; sid:2102753; rev:4; metadata:created_at 2010_09_23, updated_at 2019_10_07;)" from file /etc/suricata/rules/emerging-sql.rules at line 483
3/2/2022 -- 09:22:40 - <Error> - [ERRCODE: SC_ERR_UNDEFINED_VAR(101)] - Variable "SQL_SERVERS" is not defined in configuration file
3/2/2022 -- 09:22:40 - <Error> - [ERRCODE: SC_ERR_INVALID_SIGNATURE(39)] - error parsing signature "alert tcp $EXTERNAL_NET any -> $SQL_SERVERS $ORACLE_PORTS (msg:"GPL SQL dbms_repcat.comment_on_site_priority buffer overflow attempt"; flow:to_server,established; content:"dbms_repcat.comment_on_site_priority"; nocase; fast_pattern; pcre:"/((\w+)[\r\n\s]*\x3a=[\r\n\s]*(\x27[^\x27]{1075,}\x27|\x22[^\x22]{1075,}\x22)[\r\n\s]*\x3b.*gname[\r\n\s]*=>[\r\n\s]*\2|gname\s*=>\s*(\x27[^\x27]{1075,}|\x22[^\x22]{1075,})|\(\s*(\x27[^\x27]{1075,}|\x22[^\x22]{1075,}))/si"; reference:url,www.appsecinc.com/resources/alerts/oracle/2004-0001/25.html; classtype:attempted-user; sid:2102754; rev:4; metadata:created_at 2010_09_23, updated_at 2019_10_07;)" from file /etc/suricata/rules/emerging-sql.rules at line 485
3/2/2022 -- 09:22:40 - <Error> - [ERRCODE: SC_ERR_UNDEFINED_VAR(101)] - Variable "SQL_SERVERS" is not defined in configuration file
3/2/2022 -- 09:22:40 - <Error> - [ERRCODE: SC_ERR_INVALID_SIGNATURE(39)] - error parsing signature "alert tcp $EXTERNAL_NET any -> $SQL_SERVERS $ORACLE_PORTS (msg:"GPL SQL dbms_repcat.comment_on_unique_resolution buffer overflow attempt"; flow:to_server,established; content:"dbms_repcat.comment_on_unique_resolution"; nocase; fast_pattern; pcre:"/((\w+)[\r\n\s]*\x3a=[\r\n\s]*(\x27[^\x27]{1075,}\x27|\x22[^\x22]{1075,}\x22)[\r\n\s]*\x3b.*(sname|oname)[\r\n\s]*=>[\r\n\s]*\2|(sname|oname)\s*=>\s*(\x27[^\x27]{1075,}|\x22[^\x22]{1075,})|\(\s*(\x27[^\x27]{1075,}|\x22[^\x22]{1075,})|\(\s*(\x27[^\x27]*\x27|\x22[^\x22]+\x22)\s*,\s*(\x27[^\x27]{1075,}|\x22[^\x22]{1075,}))/si"; reference:url,www.appsecinc.com/resources/alerts/oracle/2004-0001/25.html; classtype:attempted-user; sid:2102755; rev:4; metadata:created_at 2010_09_23, updated_at 2019_10_07;)" from file /etc/suricata/rules/emerging-sql.rules at line 487
3/2/2022 -- 09:22:40 - <Error> - [ERRCODE: SC_ERR_UNDEFINED_VAR(101)] - Variable "SQL_SERVERS" is not defined in configuration file
3/2/2022 -- 09:22:40 - <Error> - [ERRCODE: SC_ERR_INVALID_SIGNATURE(39)] - error parsing signature "alert tcp $EXTERNAL_NET any -> $SQL_SERVERS $ORACLE_PORTS (msg:"GPL SQL dbms_repcat.comment_on_update_resolution buffer overflow attempt"; flow:to_server,established; content:"dbms_repcat.comment_on_update_resolution"; nocase; fast_pattern; pcre:"/((\w+)[\r\n\s]*\x3a=[\r\n\s]*(\x27[^\x27]{1075,}\x27|\x22[^\x22]{1075,}\x22)[\r\n\s]*\x3b.*(sname|oname)[\r\n\s]*=>[\r\n\s]*\2|(sname|oname)\s*=>\s*(\x27[^\x27]{1075,}|\x22[^\x22]{1075,})|\(\s*(\x27[^\x27]{1075,}|\x22[^\x22]{1075,})|\(\s*(\x27[^\x27]*\x27|\x22[^\x22]+\x22)\s*,\s*(\x27[^\x27]{1075,}|\x22[^\x22]{1075,}))/si"; reference:url,www.appsecinc.com/resources/alerts/oracle/2004-0001/25.html; classtype:attempted-user; sid:2102756; rev:4; metadata:created_at 2010_09_23, updated_at 2019_10_07;)" from file /etc/suricata/rules/emerging-sql.rules at line 489
3/2/2022 -- 09:22:40 - <Error> - [ERRCODE: SC_ERR_UNDEFINED_VAR(101)] - Variable "SQL_SERVERS" is not defined in configuration file
3/2/2022 -- 09:22:40 - <Error> - [ERRCODE: SC_ERR_INVALID_SIGNATURE(39)] - error parsing signature "alert tcp $EXTERNAL_NET any -> $SQL_SERVERS $ORACLE_PORTS (msg:"GPL SQL dbms_repcat.compare_old_values buffer overflow attempt"; flow:to_server,established; content:"dbms_repcat.compare_old_values"; nocase; fast_pattern; pcre:"/((\w+)[\r\n\s]*\x3a=[\r\n\s]*(\x27[^\x27]{1024,}\x27|\x22[^\x22]{1024,}\x22)[\r\n\s]*\x3b.*operation[\r\n\s]*=>[\r\n\s]*\2|operation\s*=>\s*(\x27[^\x27]{1024,}|\x22[^\x22]{1024,})|\(\s*(\x27[^\x27]*\x27|\x22[^\x22]+\x22)\s*,\s*(\x27[^\x27]*\x27|\x22[^\x22]+\x22)\s*,\s*(\x27[^\x27]*\x27|\x22[^\x22]+\x22)\s*,\s*(\x27[^\x27]{1024,}|\x22[^\x22]{1024,}))/si"; reference:url,www.appsecinc.com/Policy/PolicyCheck91.html; classtype:attempted-user; sid:2102605; rev:5; metadata:created_at 2010_09_23, updated_at 2019_10_07;)" from file /etc/suricata/rules/emerging-sql.rules at line 491
3/2/2022 -- 09:22:40 - <Error> - [ERRCODE: SC_ERR_UNDEFINED_VAR(101)] - Variable "SQL_SERVERS" is not defined in configuration file
3/2/2022 -- 09:22:40 - <Error> - [ERRCODE: SC_ERR_INVALID_SIGNATURE(39)] - error parsing signature "alert tcp $EXTERNAL_NET any -> $SQL_SERVERS $ORACLE_PORTS (msg:"GPL SQL dbms_repcat.create_master_repgroup buffer overflow attempt"; flow:to_server,established; content:"dbms_repcat.create_master_repgroup"; nocase; fast_pattern; pcre:"/((\w+)[\r\n\s]*\x3a=[\r\n\s]*(\x27[^\x27]{1075,}\x27|\x22[^\x22]{1075,}\x22)[\r\n\s]*\x3b.*gname[\r\n\s]*=>[\r\n\s]*\2|gname\s*=>\s*(\x27[^\x27]{1075,}|\x22[^\x22]{1075,})|\(\s*(\x27[^\x27]{1075,}|\x22[^\x22]{1075,}))/si"; reference:url,www.appsecinc.com/resources/alerts/oracle/2004-0001/25.html; classtype:attempted-user; sid:2102757; rev:4; metadata:created_at 2010_09_23, updated_at 2019_10_07;)" from file /etc/suricata/rules/emerging-sql.rules at line 493
3/2/2022 -- 09:22:40 - <Error> - [ERRCODE: SC_ERR_UNDEFINED_VAR(101)] - Variable "SQL_SERVERS" is not defined in configuration file
3/2/2022 -- 09:22:40 - <Error> - [ERRCODE: SC_ERR_INVALID_SIGNATURE(39)] - error parsing signature "alert tcp $EXTERNAL_NET any -> $SQL_SERVERS $ORACLE_PORTS (msg:"GPL SQL dbms_repcat.create_master_repobject buffer overflow attempt"; flow:to_server,established; content:"dbms_repcat.create_master_repobject"; nocase; fast_pattern; pcre:"/((\w+)[\r\n\s]*\x3a=[\r\n\s]*(\x27[^\x27]{1075,}\x27|\x22[^\x22]{1075,}\x22)[\r\n\s]*\x3b.*gname[\r\n\s]*=>[\r\n\s]*\2|gname\s*=>\s*(\x27[^\x27]{1075,}|\x22[^\x22]{1075,})|\(\s*((\x27[^\x27]*\x27|\x22[^\x22]+\x22)\s*,\s*){5}(\x27[^\x27]{1075,}|\x22[^\x22]{1075,}))/si"; reference:url,www.appsecinc.com/resources/alerts/oracle/2004-0001/25.html; classtype:attempted-user; sid:2102758; rev:4; metadata:created_at 2010_09_23, updated_at 2019_10_07;)" from file /etc/suricata/rules/emerging-sql.rules at line 495
3/2/2022 -- 09:22:40 - <Error> - [ERRCODE: SC_ERR_UNDEFINED_VAR(101)] - Variable "SQL_SERVERS" is not defined in configuration file
3/2/2022 -- 09:22:40 - <Error> - [ERRCODE: SC_ERR_INVALID_SIGNATURE(39)] - error parsing signature "alert tcp $EXTERNAL_NET any -> $SQL_SERVERS $ORACLE_PORTS (msg:"GPL SQL dbms_repcat.create_mview_repgroup buffer overflow attempt"; flow:to_server,established; content:"dbms_repcat.create_mview_repgroup"; nocase; fast_pattern; pcre:"/((\w+)[\r\n\s]*\x3a=[\r\n\s]*(\x27[^\x27]{1024,}\x27|\x22[^\x22]{1024,}\x22)[\r\n\s]*\x3b.*fname[\r\n\s]*=>[\r\n\s]*\2|fname\s*=>\s*(\x27[^\x27]{1024,}|\x22[^\x22]{1024,})|\(\s*(\x27[^\x27]*\x27|\x22[^\x22]+\x22)\s*,\s*(\x27[^\x27]*\x27|\x22[^\x22]+\x22)\s*,\s*(\x27[^\x27]*\x27|\x22[^\x22]+\x22)\s*,\s*(\x27[^\x27]*\x27|\x22[^\x22]+\x22)\s*,\s*(\x27[^\x27]{1024,}|\x22[^\x22]{1024,}))/si"; reference:url,www.appsecinc.com/Policy/PolicyCheck633.html; classtype:attempted-user; sid:2102603; rev:5; metadata:created_at 2010_09_23, updated_at 2019_10_07;)" from file /etc/suricata/rules/emerging-sql.rules at line 497
3/2/2022 -- 09:22:40 - <Error> - [ERRCODE: SC_ERR_UNDEFINED_VAR(101)] - Variable "SQL_SERVERS" is not defined in configuration file
3/2/2022 -- 09:22:40 - <Error> - [ERRCODE: SC_ERR_INVALID_SIGNATURE(39)] - error parsing signature "alert tcp $EXTERNAL_NET any -> $SQL_SERVERS $ORACLE_PORTS (msg:"GPL SQL dbms_repcat.create_mview_repobject buffer overflow attempt"; flow:to_server,established; content:"dbms_repcat.create_mview_repobject"; nocase; fast_pattern; pcre:"/((\w+)[\r\n\s]*\x3a=[\r\n\s]*(\x27[^\x27]{1075,}\x27|\x22[^\x22]{1075,}\x22)[\r\n\s]*\x3b.*(sname|oname|type|gname|gowner)[\r\n\s]*=>[\r\n\s]*\2|(sname|oname|type|gname|gowner)\s*=>\s*(\x27[^\x27]{1075,}|\x22[^\x22]{1075,})|\(\s*((\x27[^\x27]*\x27|\x22[^\x22]+\x22)\s*,\s*){7}(\x27[^\x27]{1075,}|\x22[^\x22]{1075,})|\(\s*((\x27[^\x27]*\x27|\x22[^\x22]+\x22)\s*,\s*){2}(\x27[^\x27]{1075,}|\x22[^\x22]{1075,})|\(\s*(\x27[^\x27]{1075,}|\x22[^\x22]{1075,})|\(\s*((\x27[^\x27]*\x27|\x22[^\x22]+\x22)\s*,\s*){5}(\x27[^\x27]{1075,}|\x22[^\x22]{1075,})|\(\s*(\x27[^\x27]*\x27|\x22[^\x22]+\x22)\s*,\s*(\x27[^\x27]{1075,}|\x22[^\x22]{1075,}))/si"; reference:url,www.appsecinc.com/resources/alerts/oracle/2004-0001/25.html; classtype:attempted-user; sid:2102850; rev:4; metadata:created_at 2010_09_23, updated_at 2019_10_07;)" from file /etc/suricata/rules/emerging-sql.rules at line 499
3/2/2022 -- 09:22:40 - <Error> - [ERRCODE: SC_ERR_UNDEFINED_VAR(101)] - Variable "SQL_SERVERS" is not defined in configuration file
3/2/2022 -- 09:22:40 - <Error> - [ERRCODE: SC_ERR_INVALID_SIGNATURE(39)] - error parsing signature "alert tcp $EXTERNAL_NET any -> $SQL_SERVERS $ORACLE_PORTS (msg:"GPL SQL dbms_repcat.create_snapshot_repgroup buffer overflow attempt"; flow:to_server,established; content:"dbms_repcat.create_snapshot_repgroup"; nocase; fast_pattern; pcre:"/((\w+)[\r\n\s]*\x3a=[\r\n\s]*(\x27[^\x27]{1075,}\x27|\x22[^\x22]{1075,}\x22)[\r\n\s]*\x3b.*(gname|fname)[\r\n\s]*=>[\r\n\s]*\2|(gname|fname)\s*=>\s*(\x27[^\x27]{1075,}|\x22[^\x22]{1075,})|\(\s*(\x27[^\x27]{1075,}|\x22[^\x22]{1075,})|\(\s*((\x27[^\x27]*\x27|\x22[^\x22]+\x22)\s*,\s*){4}(\x27[^\x27]{1075,}|\x22[^\x22]{1075,}))/si"; reference:url,www.appsecinc.com/resources/alerts/oracle/2004-0001/25.html; classtype:attempted-user; sid:2102759; rev:4; metadata:created_at 2010_09_23, updated_at 2019_10_07;)" from file /etc/suricata/rules/emerging-sql.rules at line 501
3/2/2022 -- 09:22:40 - <Error> - [ERRCODE: SC_ERR_UNDEFINED_VAR(101)] - Variable "SQL_SERVERS" is not defined in configuration file
3/2/2022 -- 09:22:40 - <Error> - [ERRCODE: SC_ERR_INVALID_SIGNATURE(39)] - error parsing signature "alert tcp $EXTERNAL_NET any -> $SQL_SERVERS $ORACLE_PORTS (msg:"GPL SQL dbms_repcat.create_snapshot_repobject buffer overflow attempt"; flow:to_server,established; content:"dbms_repcat.create_snapshot_repobject"; nocase; fast_pattern; pcre:"/((\w+)[\r\n\s]*\x3a=[\r\n\s]*(\x27[^\x27]{1075,}\x27|\x22[^\x22]{1075,}\x22)[\r\n\s]*\x3b.*(sname|oname|type|gname)[\r\n\s]*=>[\r\n\s]*\2|(sname|oname|type|gname)\s*=>\s*(\x27[^\x27]{1075,}|\x22[^\x22]{1075,})|\(\s*((\x27[^\x27]*\x27|\x22[^\x22]+\x22)\s*,\s*){2}(\x27[^\x27]{1075,}|\x22[^\x22]{1075,})|\(\s*(\x27[^\x27]{1075,}|\x22[^\x22]{1075,})|\(\s*((\x27[^\x27]*\x27|\x22[^\x22]+\x22)\s*,\s*){5}(\x27[^\x27]{1075,}|\x22[^\x22]{1075,})|\(\s*(\x27[^\x27]*\x27|\x22[^\x22]+\x22)\s*,\s*(\x27[^\x27]{1075,}|\x22[^\x22]{1075,}))/si"; reference:url,www.appsecinc.com/resources/alerts/oracle/2004-0001/25.html; classtype:attempted-user; sid:2102851; rev:4; metadata:created_at 2010_09_23, updated_at 2019_10_07;)" from file /etc/suricata/rules/emerging-sql.rules at line 503
3/2/2022 -- 09:22:40 - <Error> - [ERRCODE: SC_ERR_UNDEFINED_VAR(101)] - Variable "SQL_SERVERS" is not defined in configuration file
3/2/2022 -- 09:22:40 - <Error> - [ERRCODE: SC_ERR_INVALID_SIGNATURE(39)] - error parsing signature "alert tcp $EXTERNAL_NET any -> $SQL_SERVERS $ORACLE_PORTS (msg:"GPL SQL dbms_repcat.define_column_group buffer overflow attempt"; flow:to_server,established; content:"dbms_repcat.define_column_group"; nocase; fast_pattern; pcre:"/((\w+)[\r\n\s]*\x3a=[\r\n\s]*(\x27[^\x27]{1075,}\x27|\x22[^\x22]{1075,}\x22)[\r\n\s]*\x3b.*(sname|oname)[\r\n\s]*=>[\r\n\s]*\2|(sname|oname)\s*=>\s*(\x27[^\x27]{1075,}|\x22[^\x22]{1075,})|\(\s*(\x27[^\x27]{1075,}|\x22[^\x22]{1075,})|\(\s*(\x27[^\x27]*\x27|\x22[^\x22]+\x22)\s*,\s*(\x27[^\x27]{1075,}|\x22[^\x22]{1075,}))/si"; reference:url,www.appsecinc.com/resources/alerts/oracle/2004-0001/25.html; classtype:attempted-user; sid:2102760; rev:4; metadata:created_at 2010_09_23, updated_at 2019_10_07;)" from file /etc/suricata/rules/emerging-sql.rules at line 505
3/2/2022 -- 09:22:40 - <Error> - [ERRCODE: SC_ERR_UNDEFINED_VAR(101)] - Variable "SQL_SERVERS" is not defined in configuration file
3/2/2022 -- 09:22:40 - <Error> - [ERRCODE: SC_ERR_INVALID_SIGNATURE(39)] - error parsing signature "alert tcp $EXTERNAL_NET any -> $SQL_SERVERS $ORACLE_PORTS (msg:"GPL SQL dbms_repcat.define_priority_group buffer overflow attempt"; flow:to_server,established; content:"dbms_repcat.define_priority_group"; nocase; fast_pattern; pcre:"/((\w+)[\r\n\s]*\x3a=[\r\n\s]*(\x27[^\x27]{1075,}\x27|\x22[^\x22]{1075,}\x22)[\r\n\s]*\x3b.*gname[\r\n\s]*=>[\r\n\s]*\2|gname\s*=>\s*(\x27[^\x27]{1075,}|\x22[^\x22]{1075,})|\(\s*(\x27[^\x27]{1075,}|\x22[^\x22]{1075,}))/si"; reference:url,www.appsecinc.com/resources/alerts/oracle/2004-0001/25.html; classtype:attempted-user; sid:2102761; rev:4; metadata:created_at 2010_09_23, updated_at 2019_10_07;)" from file /etc/suricata/rules/emerging-sql.rules at line 507
3/2/2022 -- 09:22:40 - <Error> - [ERRCODE: SC_ERR_UNDEFINED_VAR(101)] - Variable "SQL_SERVERS" is not defined in configuration file
3/2/2022 -- 09:22:40 - <Error> - [ERRCODE: SC_ERR_INVALID_SIGNATURE(39)] - error parsing signature "alert tcp $EXTERNAL_NET any -> $SQL_SERVERS $ORACLE_PORTS (msg:"GPL SQL dbms_repcat.define_site_priority buffer overflow attempt"; flow:to_server,established; content:"dbms_repcat.define_site_priority"; nocase; fast_pattern; pcre:"/((\w+)[\r\n\s]*\x3a=[\r\n\s]*(\x27[^\x27]{1075,}\x27|\x22[^\x22]{1075,}\x22)[\r\n\s]*\x3b.*gname[\r\n\s]*=>[\r\n\s]*\2|gname\s*=>\s*(\x27[^\x27]{1075,}|\x22[^\x22]{1075,})|\(\s*(\x27[^\x27]{1075,}|\x22[^\x22]{1075,}))/si"; reference:url,www.appsecinc.com/resources/alerts/oracle/2004-0001/25.html; classtype:attempted-user; sid:2102762; rev:4; metadata:created_at 2010_09_23, updated_at 2019_10_07;)" from file /etc/suricata/rules/emerging-sql.rules at line 509
3/2/2022 -- 09:22:40 - <Error> - [ERRCODE: SC_ERR_UNDEFINED_VAR(101)] - Variable "SQL_SERVERS" is not defined in configuration file
3/2/2022 -- 09:22:40 - <Error> - [ERRCODE: SC_ERR_INVALID_SIGNATURE(39)] - error parsing signature "alert tcp $EXTERNAL_NET any -> $SQL_SERVERS $ORACLE_PORTS (msg:"GPL SQL dbms_repcat.do_deferred_repcat_admin buffer overflow attempt"; flow:to_server,established; content:"dbms_repcat.do_deferred_repcat_admin"; nocase; fast_pattern; pcre:"/((\w+)[\r\n\s]*\x3a=[\r\n\s]*(\x27[^\x27]{1075,}\x27|\x22[^\x22]{1075,}\x22)[\r\n\s]*\x3b.*gname[\r\n\s]*=>[\r\n\s]*\2|gname\s*=>\s*(\x27[^\x27]{1075,}|\x22[^\x22]{1075,})|\(\s*(\x27[^\x27]{1075,}|\x22[^\x22]{1075,}))/si"; reference:url,www.appsecinc.com/resources/alerts/oracle/2004-0001/25.html; classtype:attempted-user; sid:2102763; rev:4; metadata:created_at 2010_09_23, updated_at 2019_10_07;)" from file /etc/suricata/rules/emerging-sql.rules at line 511
3/2/2022 -- 09:22:40 - <Error> - [ERRCODE: SC_ERR_UNDEFINED_VAR(101)] - Variable "SQL_SERVERS" is not defined in configuration file
3/2/2022 -- 09:22:40 - <Error> - [ERRCODE: SC_ERR_INVALID_SIGNATURE(39)] - error parsing signature "alert tcp $EXTERNAL_NET any -> $SQL_SERVERS $ORACLE_PORTS (msg:"GPL SQL dbms_repcat.drop_column_group_from_flavor buffer overflow attempt"; flow:to_server,established; content:"dbms_repcat.drop_column_group_from_flavor"; nocase; fast_pattern; pcre:"/((\w+)[\r\n\s]*\x3a=[\r\n\s]*(\x27[^\x27]{1075,}\x27|\x22[^\x22]{1075,}\x22)[\r\n\s]*\x3b.*gname[\r\n\s]*=>[\r\n\s]*\2|gname\s*=>\s*(\x27[^\x27]{1075,}|\x22[^\x22]{1075,})|\(\s*(\x27[^\x27]{1075,}|\x22[^\x22]{1075,}))/si"; reference:url,www.appsecinc.com/resources/alerts/oracle/2004-0001/25.html; classtype:attempted-user; sid:2102764; rev:4; metadata:created_at 2010_09_23, updated_at 2019_10_07;)" from file /etc/suricata/rules/emerging-sql.rules at line 513
3/2/2022 -- 09:22:40 - <Error> - [ERRCODE: SC_ERR_UNDEFINED_VAR(101)] - Variable "SQL_SERVERS" is not defined in configuration file
3/2/2022 -- 09:22:40 - <Error> - [ERRCODE: SC_ERR_INVALID_SIGNATURE(39)] - error parsing signature "alert tcp $EXTERNAL_NET any -> $SQL_SERVERS $ORACLE_PORTS (msg:"GPL SQL dbms_repcat.drop_column_group buffer overflow attempt"; flow:to_server,established; content:"dbms_repcat.drop_column_group"; nocase; fast_pattern; pcre:"/((\w+)[\r\n\s]*\x3a=[\r\n\s]*(\x27[^\x27]{1075,}\x27|\x22[^\x22]{1075,}\x22)[\r\n\s]*\x3b.*(sname|oname)[\r\n\s]*=>[\r\n\s]*\2|(sname|oname)\s*=>\s*(\x27[^\x27]{1075,}|\x22[^\x22]{1075,})|\(\s*(\x27[^\x27]{1075,}|\x22[^\x22]{1075,})|\(\s*(\x27[^\x27]*\x27|\x22[^\x22]+\x22)\s*,\s*(\x27[^\x27]{1075,}|\x22[^\x22]{1075,}))/si"; reference:url,www.appsecinc.com/resources/alerts/oracle/2004-0001/25.html; classtype:attempted-user; sid:2102765; rev:4; metadata:created_at 2010_09_23, updated_at 2019_10_07;)" from file /etc/suricata/rules/emerging-sql.rules at line 515
3/2/2022 -- 09:22:40 - <Error> - [ERRCODE: SC_ERR_UNDEFINED_VAR(101)] - Variable "SQL_SERVERS" is not defined in configuration file
3/2/2022 -- 09:22:40 - <Error> - [ERRCODE: SC_ERR_INVALID_SIGNATURE(39)] - error parsing signature "alert tcp $EXTERNAL_NET any -> $SQL_SERVERS $ORACLE_PORTS (msg:"GPL SQL dbms_repcat.drop_columns_from_flavor buffer overflow attempt"; flow:to_server,established; content:"dbms_repcat.drop_columns_from_flavor"; nocase; fast_pattern; pcre:"/((\w+)[\r\n\s]*\x3a=[\r\n\s]*(\x27[^\x27]{1075,}\x27|\x22[^\x22]{1075,}\x22)[\r\n\s]*\x3b.*gname[\r\n\s]*=>[\r\n\s]*\2|gname\s*=>\s*(\x27[^\x27]{1075,}|\x22[^\x22]{1075,})|\(\s*(\x27[^\x27]{1075,}|\x22[^\x22]{1075,}))/si"; reference:url,www.appsecinc.com/resources/alerts/oracle/2004-0001/25.html; classtype:attempted-user; sid:2102766; rev:4; metadata:created_at 2010_09_23, updated_at 2019_10_07;)" from file /etc/suricata/rules/emerging-sql.rules at line 517
3/2/2022 -- 09:22:40 - <Error> - [ERRCODE: SC_ERR_UNDEFINED_VAR(101)] - Variable "SQL_SERVERS" is not defined in configuration file
3/2/2022 -- 09:22:40 - <Error> - [ERRCODE: SC_ERR_INVALID_SIGNATURE(39)] - error parsing signature "alert tcp $EXTERNAL_NET any -> $SQL_SERVERS $ORACLE_PORTS (msg:"GPL SQL dbms_repcat.drop_delete_resolution buffer overflow attempt"; flow:to_server,established; content:"dbms_repcat.drop_delete_resolution"; nocase; fast_pattern; pcre:"/((\w+)[\r\n\s]*\x3a=[\r\n\s]*(\x27[^\x27]{1075,}\x27|\x22[^\x22]{1075,}\x22)[\r\n\s]*\x3b.*(sname|oname)[\r\n\s]*=>[\r\n\s]*\2|(sname|oname)\s*=>\s*(\x27[^\x27]{1075,}|\x22[^\x22]{1075,})|\(\s*(\x27[^\x27]{1075,}|\x22[^\x22]{1075,})|\(\s*(\x27[^\x27]*\x27|\x22[^\x22]+\x22)\s*,\s*(\x27[^\x27]{1075,}|\x22[^\x22]{1075,}))/si"; reference:url,www.appsecinc.com/resources/alerts/oracle/2004-0001/25.html; classtype:attempted-user; sid:2102767; rev:4; metadata:created_at 2010_09_23, updated_at 2019_10_07;)" from file /etc/suricata/rules/emerging-sql.rules at line 519
3/2/2022 -- 09:22:40 - <Error> - [ERRCODE: SC_ERR_UNDEFINED_VAR(101)] - Variable "SQL_SERVERS" is not defined in configuration file
3/2/2022 -- 09:22:40 - <Error> - [ERRCODE: SC_ERR_INVALID_SIGNATURE(39)] - error parsing signature "alert tcp $EXTERNAL_NET any -> $SQL_SERVERS $ORACLE_PORTS (msg:"GPL SQL dbms_repcat.drop_master_repgroup buffer overflow attempt"; flow:to_server,established; content:"dbms_repcat.drop_master_repgroup"; nocase; fast_pattern; pcre:"/((\w+)[\r\n\s]*\x3a=[\r\n\s]*(\x27[^\x27]{1024,}\x27|\x22[^\x22]{1024,}\x22)[\r\n\s]*\x3b.*gname[\r\n\s]*=>[\r\n\s]*\2|gname\s*=>\s*(\x27[^\x27]{1024,}|\x22[^\x22]{1024,})|\(\s*(\x27[^\x27]{1024,}|\x22[^\x22]{1024,}))/si"; classtype:attempted-user; sid:2102601; rev:5; metadata:created_at 2010_09_23, updated_at 2019_10_07;)" from file /etc/suricata/rules/emerging-sql.rules at line 521
3/2/2022 -- 09:22:40 - <Error> - [ERRCODE: SC_ERR_UNDEFINED_VAR(101)] - Variable "SQL_SERVERS" is not defined in configuration file
3/2/2022 -- 09:22:40 - <Error> - [ERRCODE: SC_ERR_INVALID_SIGNATURE(39)] - error parsing signature "alert tcp $EXTERNAL_NET any -> $SQL_SERVERS $ORACLE_PORTS (msg:"GPL SQL dbms_repcat.drop_master_repobject buffer overflow attempt"; flow:to_server,established; content:"dbms_repcat.drop_master_repobject"; nocase; fast_pattern; pcre:"/((\w+)[\r\n\s]*\x3a=[\r\n\s]*(\x27[^\x27]{1024,}\x27|\x22[^\x22]{1024,}\x22)[\r\n\s]*\x3b.*type[\r\n\s]*=>[\r\n\s]*\2|type\s*=>\s*(\x27[^\x27]{1024,}|\x22[^\x22]{1024,})|\(\s*(\x27[^\x27]*\x27|\x22[^\x22]+\x22)\s*,\s*(\x27[^\x27]*\x27|\x22[^\x22]+\x22)\s*,\s*(\x27[^\x27]{1024,}|\x22[^\x22]{1024,}))/si"; reference:url,www.appsecinc.com/Policy/PolicyCheck634.html; classtype:attempted-user; sid:2102637; rev:5; metadata:created_at 2010_09_23, updated_at 2019_10_07;)" from file /etc/suricata/rules/emerging-sql.rules at line 523
3/2/2022 -- 09:22:40 - <Error> - [ERRCODE: SC_ERR_UNDEFINED_VAR(101)] - Variable "SQL_SERVERS" is not defined in configuration file
3/2/2022 -- 09:22:40 - <Error> - [ERRCODE: SC_ERR_INVALID_SIGNATURE(39)] - error parsing signature "alert tcp $EXTERNAL_NET any -> $SQL_SERVERS $ORACLE_PORTS (msg:"GPL SQL dbms_repcat.drop_mview_repgroup buffer overflow attempt"; flow:to_server,established; content:"dbms_repcat.drop_mview_repgroup"; nocase; fast_pattern; pcre:"/((\w+)[\r\n\s]*\x3a=[\r\n\s]*(\x27[^\x27]{1024,}\x27|\x22[^\x22]{1024,}\x22)[\r\n\s]*\x3b.*gowner[\r\n\s]*=>[\r\n\s]*\2|gowner\s*=>\s*(\x27[^\x27]{1024,}|\x22[^\x22]{1024,})|\(\s*(\x27[^\x27]*\x27|\x22[^\x22]+\x22)\s*,\s*(true|false)\s*,\s*(\x27[^\x27]{1024,}|\x22[^\x22]{1024,}))/si"; reference:url,www.appsecinc.com/Policy/PolicyCheck90.html; classtype:attempted-user; sid:2102639; rev:5; metadata:created_at 2010_09_23, updated_at 2019_10_07;)" from file /etc/suricata/rules/emerging-sql.rules at line 525
3/2/2022 -- 09:22:40 - <Error> - [ERRCODE: SC_ERR_UNDEFINED_VAR(101)] - Variable "SQL_SERVERS" is not defined in configuration file
3/2/2022 -- 09:22:40 - <Error> - [ERRCODE: SC_ERR_INVALID_SIGNATURE(39)] - error parsing signature "alert tcp $EXTERNAL_NET any -> $SQL_SERVERS $ORACLE_PORTS (msg:"GPL SQL dbms_repcat.drop_mview_repobject buffer overflow attempt"; flow:to_server,established; content:"dbms_repcat.drop_mview_repobject"; nocase; fast_pattern; pcre:"/((\w+)[\r\n\s]*\x3a=[\r\n\s]*(\x27[^\x27]{1075,}\x27|\x22[^\x22]{1075,}\x22)[\r\n\s]*\x3b.*(sname|oname|type)[\r\n\s]*=>[\r\n\s]*\2|(sname|oname|type)\s*=>\s*(\x27[^\x27]{1075,}|\x22[^\x22]{1075,})|\(\s*((\x27[^\x27]*\x27|\x22[^\x22]+\x22)\s*,\s*){2}(\x27[^\x27]{1075,}|\x22[^\x22]{1075,})|\(\s*(\x27[^\x27]{1075,}|\x22[^\x22]{1075,})|\(\s*(\x27[^\x27]*\x27|\x22[^\x22]+\x22)\s*,\s*(\x27[^\x27]{1075,}|\x22[^\x22]{1075,}))/si"; reference:url,www.appsecinc.com/resources/alerts/oracle/2004-0001/25.html; classtype:attempted-user; sid:2102769; rev:4; metadata:created_at 2010_09_23, updated_at 2019_10_07;)" from file /etc/suricata/rules/emerging-sql.rules at line 527
3/2/2022 -- 09:22:40 - <Error> - [ERRCODE: SC_ERR_UNDEFINED_VAR(101)] - Variable "SQL_SERVERS" is not defined in configuration file
3/2/2022 -- 09:22:40 - <Error> - [ERRCODE: SC_ERR_INVALID_SIGNATURE(39)] - error parsing signature "alert tcp $EXTERNAL_NET any -> $SQL_SERVERS $ORACLE_PORTS (msg:"GPL SQL dbms_repcat.drop_object_from_flavor buffer overflow attempt"; flow:to_server,established; content:"dbms_repcat.drop_object_from_flavor"; nocase; fast_pattern; pcre:"/((\w+)[\r\n\s]*\x3a=[\r\n\s]*(\x27[^\x27]{1075,}\x27|\x22[^\x22]{1075,}\x22)[\r\n\s]*\x3b.*gname[\r\n\s]*=>[\r\n\s]*\2|gname\s*=>\s*(\x27[^\x27]{1075,}|\x22[^\x22]{1075,})|\(\s*(\x27[^\x27]{1075,}|\x22[^\x22]{1075,}))/si"; reference:url,www.appsecinc.com/resources/alerts/oracle/2004-0001/25.html; classtype:attempted-user; sid:2102770; rev:4; metadata:created_at 2010_09_23, updated_at 2019_10_07;)" from file /etc/suricata/rules/emerging-sql.rules at line 529
3/2/2022 -- 09:22:40 - <Error> - [ERRCODE: SC_ERR_UNDEFINED_VAR(101)] - Variable "SQL_SERVERS" is not defined in configuration file
3/2/2022 -- 09:22:40 - <Error> - [ERRCODE: SC_ERR_INVALID_SIGNATURE(39)] - error parsing signature "alert tcp $EXTERNAL_NET any -> $SQL_SERVERS $ORACLE_PORTS (msg:"GPL SQL dbms_repcat.drop_priority buffer overflow attempt"; flow:to_server,established; content:"dbms_repcat.drop_priority"; nocase; fast_pattern; pcre:"/((\w+)[\r\n\s]*\x3a=[\r\n\s]*(\x27[^\x27]{1075,}\x27|\x22[^\x22]{1075,}\x22)[\r\n\s]*\x3b.*gname[\r\n\s]*=>[\r\n\s]*\2|gname\s*=>\s*(\x27[^\x27]{1075,}|\x22[^\x22]{1075,})|\(\s*(\x27[^\x27]{1075,}|\x22[^\x22]{1075,}))/si"; reference:url,www.appsecinc.com/resources/alerts/oracle/2004-0001/25.html; classtype:attempted-user; sid:2102777; rev:4; metadata:created_at 2010_09_23, updated_at 2019_10_07;)" from file /etc/suricata/rules/emerging-sql.rules at line 531
3/2/2022 -- 09:22:40 - <Error> - [ERRCODE: SC_ERR_UNDEFINED_VAR(101)] - Variable "SQL_SERVERS" is not defined in configuration file
3/2/2022 -- 09:22:40 - <Error> - [ERRCODE: SC_ERR_INVALID_SIGNATURE(39)] - error parsing signature "alert tcp $EXTERNAL_NET any -> $SQL_SERVERS $ORACLE_PORTS (msg:"GPL SQL dbms_repcat.drop_priority_char buffer overflow attempt"; flow:to_server,established; content:"dbms_repcat.drop_priority_char"; nocase; fast_pattern; pcre:"/((\w+)[\r\n\s]*\x3a=[\r\n\s]*(\x27[^\x27]{1075,}\x27|\x22[^\x22]{1075,}\x22)[\r\n\s]*\x3b.*gname[\r\n\s]*=>[\r\n\s]*\2|gname\s*=>\s*(\x27[^\x27]{1075,}|\x22[^\x22]{1075,})|\(\s*(\x27[^\x27]{1075,}|\x22[^\x22]{1075,}))/si"; reference:url,www.appsecinc.com/resources/alerts/oracle/2004-0001/25.html; classtype:attempted-user; sid:2102771; rev:4; metadata:created_at 2010_09_23, updated_at 2019_10_07;)" from file /etc/suricata/rules/emerging-sql.rules at line 533
3/2/2022 -- 09:22:40 - <Error> - [ERRCODE: SC_ERR_UNDEFINED_VAR(101)] - Variable "SQL_SERVERS" is not defined in configuration file
3/2/2022 -- 09:22:40 - <Error> - [ERRCODE: SC_ERR_INVALID_SIGNATURE(39)] - error parsing signature "alert tcp $EXTERNAL_NET any -> $SQL_SERVERS $ORACLE_PORTS (msg:"GPL SQL dbms_repcat.drop_site_priority_site buffer overflow attempt"; flow:to_server,established; content:"dbms_repcat.drop_site_priority_site"; nocase; fast_pattern; pcre:"/((\w+)[\r\n\s]*\x3a=[\r\n\s]*(\x27[^\x27]{1075,}\x27|\x22[^\x22]{1075,}\x22)[\r\n\s]*\x3b.*gname[\r\n\s]*=>[\r\n\s]*\2|gname\s*=>\s*(\x27[^\x27]{1075,}|\x22[^\x22]{1075,})|\(\s*(\x27[^\x27]{1075,}|\x22[^\x22]{1075,}))/si"; reference:url,www.appsecinc.com/resources/alerts/oracle/2004-0001/25.html; classtype:attempted-user; sid:2102779; rev:4; metadata:created_at 2010_09_23, updated_at 2019_10_07;)" from file /etc/suricata/rules/emerging-sql.rules at line 535
3/2/2022 -- 09:22:40 - <Error> - [ERRCODE: SC_ERR_UNDEFINED_VAR(101)] - Variable "SQL_SERVERS" is not defined in configuration file
3/2/2022 -- 09:22:40 - <Error> - [ERRCODE: SC_ERR_INVALID_SIGNATURE(39)] - error parsing signature "alert tcp $EXTERNAL_NET any -> $SQL_SERVERS $ORACLE_PORTS (msg:"GPL SQL dbms_repcat.drop_priority_date buffer overflow attempt"; flow:to_server,established; content:"dbms_repcat.drop_priority_date"; nocase; fast_pattern; pcre:"/((\w+)[\r\n\s]*\x3a=[\r\n\s]*(\x27[^\x27]{1075,}\x27|\x22[^\x22]{1075,}\x22)[\r\n\s]*\x3b.*gname[\r\n\s]*=>[\r\n\s]*\2|gname\s*=>\s*(\x27[^\x27]{1075,}|\x22[^\x22]{1075,})|\(\s*(\x27[^\x27]{1075,}|\x22[^\x22]{1075,}))/si"; reference:url,www.appsecinc.com/resources/alerts/oracle/2004-0001/25.html; classtype:attempted-user; sid:2102772; rev:4; metadata:created_at 2010_09_23, updated_at 2019_10_07;)" from file /etc/suricata/rules/emerging-sql.rules at line 537
3/2/2022 -- 09:22:40 - <Error> - [ERRCODE: SC_ERR_UNDEFINED_VAR(101)] - Variable "SQL_SERVERS" is not defined in configuration file
3/2/2022 -- 09:22:40 - <Error> - [ERRCODE: SC_ERR_INVALID_SIGNATURE(39)] - error parsing signature "alert tcp $EXTERNAL_NET any -> $SQL_SERVERS $ORACLE_PORTS (msg:"GPL SQL dbms_repcat.drop_priority_nchar buffer overflow attempt"; flow:to_server,established; content:"dbms_repcat.drop_priority_nchar"; nocase; fast_pattern; pcre:"/((\w+)[\r\n\s]*\x3a=[\r\n\s]*(\x27[^\x27]{1075,}\x27|\x22[^\x22]{1075,}\x22)[\r\n\s]*\x3b.*gname[\r\n\s]*=>[\r\n\s]*\2|gname\s*=>\s*(\x27[^\x27]{1075,}|\x22[^\x22]{1075,})|\(\s*(\x27[^\x27]{1075,}|\x22[^\x22]{1075,}))/si"; reference:url,www.appsecinc.com/resources/alerts/oracle/2004-0001/25.html; classtype:attempted-user; sid:2102773; rev:4; metadata:created_at 2010_09_23, updated_at 2019_10_07;)" from file /etc/suricata/rules/emerging-sql.rules at line 539
3/2/2022 -- 09:22:40 - <Error> - [ERRCODE: SC_ERR_UNDEFINED_VAR(101)] - Variable "SQL_SERVERS" is not defined in configuration file
3/2/2022 -- 09:22:40 - <Error> - [ERRCODE: SC_ERR_INVALID_SIGNATURE(39)] - error parsing signature "alert tcp $EXTERNAL_NET any -> $SQL_SERVERS $ORACLE_PORTS (msg:"GPL SQL dbms_repcat.drop_priority_number buffer overflow attempt"; flow:to_server,established; content:"dbms_repcat.drop_priority_number"; nocase; fast_pattern; pcre:"/((\w+)[\r\n\s]*\x3a=[\r\n\s]*(\x27[^\x27]{1075,}\x27|\x22[^\x22]{1075,}\x22)[\r\n\s]*\x3b.*gname[\r\n\s]*=>[\r\n\s]*\2|gname\s*=>\s*(\x27[^\x27]{1075,}|\x22[^\x22]{1075,})|\(\s*(\x27[^\x27]{1075,}|\x22[^\x22]{1075,}))/si"; reference:url,www.appsecinc.com/resources/alerts/oracle/2004-0001/25.html; classtype:attempted-user; sid:2102774; rev:4; metadata:created_at 2010_09_23, updated_at 2019_10_07;)" from file /etc/suricata/rules/emerging-sql.rules at line 541
3/2/2022 -- 09:22:40 - <Error> - [ERRCODE: SC_ERR_UNDEFINED_VAR(101)] - Variable "SQL_SERVERS" is not defined in configuration file
3/2/2022 -- 09:22:40 - <Error> - [ERRCODE: SC_ERR_INVALID_SIGNATURE(39)] - error parsing signature "alert tcp $EXTERNAL_NET any -> $SQL_SERVERS $ORACLE_PORTS (msg:"GPL SQL dbms_repcat.drop_priority_nvarchar2 buffer overflow attempt"; flow:to_server,established; content:"dbms_repcat.drop_priority_nvarchar2"; nocase; fast_pattern; pcre:"/((\w+)[\r\n\s]*\x3a=[\r\n\s]*(\x27[^\x27]{1075,}\x27|\x22[^\x22]{1075,}\x22)[\r\n\s]*\x3b.*gname[\r\n\s]*=>[\r\n\s]*\2|gname\s*=>\s*(\x27[^\x27]{1075,}|\x22[^\x22]{1075,})|\(\s*(\x27[^\x27]{1075,}|\x22[^\x22]{1075,}))/si"; reference:url,www.appsecinc.com/resources/alerts/oracle/2004-0001/25.html; classtype:attempted-user; sid:2102775; rev:4; metadata:created_at 2010_09_23, updated_at 2019_10_07;)" from file /etc/suricata/rules/emerging-sql.rules at line 543
3/2/2022 -- 09:22:40 - <Error> - [ERRCODE: SC_ERR_UNDEFINED_VAR(101)] - Variable "SQL_SERVERS" is not defined in configuration file
3/2/2022 -- 09:22:40 - <Error> - [ERRCODE: SC_ERR_INVALID_SIGNATURE(39)] - error parsing signature "alert tcp $EXTERNAL_NET any -> $SQL_SERVERS $ORACLE_PORTS (msg:"GPL SQL dbms_repcat.drop_priority_raw buffer overflow attempt"; flow:to_server,established; content:"dbms_repcat.drop_priority_raw"; nocase; fast_pattern; pcre:"/((\w+)[\r\n\s]*\x3a=[\r\n\s]*(\x27[^\x27]{1075,}\x27|\x22[^\x22]{1075,}\x22)[\r\n\s]*\x3b.*gname[\r\n\s]*=>[\r\n\s]*\2|gname\s*=>\s*(\x27[^\x27]{1075,}|\x22[^\x22]{1075,})|\(\s*(\x27[^\x27]{1075,}|\x22[^\x22]{1075,}))/si"; reference:url,www.appsecinc.com/resources/alerts/oracle/2004-0001/25.html; classtype:attempted-user; sid:2102776; rev:4; metadata:created_at 2010_09_23, updated_at 2019_10_07;)" from file /etc/suricata/rules/emerging-sql.rules at line 545
3/2/2022 -- 09:22:40 - <Error> - [ERRCODE: SC_ERR_UNDEFINED_VAR(101)] - Variable "SQL_SERVERS" is not defined in configuration file
3/2/2022 -- 09:22:40 - <Error> - [ERRCODE: SC_ERR_INVALID_SIGNATURE(39)] - error parsing signature "alert tcp $EXTERNAL_NET any -> $SQL_SERVERS $ORACLE_PORTS (msg:"GPL SQL dbms_repcat.drop_priority_varchar2 buffer overflow attempt"; flow:to_server,established; content:"dbms_repcat.drop_priority_varchar2"; nocase; fast_pattern; pcre:"/((\w+)[\r\n\s]*\x3a=[\r\n\s]*(\x27[^\x27]{1075,}\x27|\x22[^\x22]{1075,}\x22)[\r\n\s]*\x3b.*gname[\r\n\s]*=>[\r\n\s]*\2|gname\s*=>\s*(\x27[^\x27]{1075,}|\x22[^\x22]{1075,})|\(\s*(\x27[^\x27]{1075,}|\x22[^\x22]{1075,}))/si"; reference:url,www.appsecinc.com/resources/alerts/oracle/2004-0001/25.html; classtype:attempted-user; sid:2102778; rev:4; metadata:created_at 2010_09_23, updated_at 2019_10_07;)" from file /etc/suricata/rules/emerging-sql.rules at line 547
3/2/2022 -- 09:22:40 - <Error> - [ERRCODE: SC_ERR_UNDEFINED_VAR(101)] - Variable "SQL_SERVERS" is not defined in configuration file
3/2/2022 -- 09:22:40 - <Error> - [ERRCODE: SC_ERR_INVALID_SIGNATURE(39)] - error parsing signature "alert tcp $EXTERNAL_NET any -> $SQL_SERVERS $ORACLE_PORTS (msg:"GPL SQL dbms_repcat.drop_site_priority buffer overflow attempt"; flow:to_server,established; content:"dbms_repcat.drop_site_priority"; nocase; fast_pattern; pcre:"/((\w+)[\r\n\s]*\x3a=[\r\n\s]*(\x27[^\x27]{1075,}\x27|\x22[^\x22]{1075,}\x22)[\r\n\s]*\x3b.*gname[\r\n\s]*=>[\r\n\s]*\2|gname\s*=>\s*(\x27[^\x27]{1075,}|\x22[^\x22]{1075,})|\(\s*(\x27[^\x27]{1075,}|\x22[^\x22]{1075,}))/si"; reference:url,www.appsecinc.com/resources/alerts/oracle/2004-0001/25.html; classtype:attempted-user; sid:2102780; rev:4; metadata:created_at 2010_09_23, updated_at 2019_10_07;)" from file /etc/suricata/rules/emerging-sql.rules at line 549
3/2/2022 -- 09:22:40 - <Error> - [ERRCODE: SC_ERR_UNDEFINED_VAR(101)] - Variable "SQL_SERVERS" is not defined in configuration file
3/2/2022 -- 09:22:40 - <Error> - [ERRCODE: SC_ERR_INVALID_SIGNATURE(39)] - error parsing signature "alert tcp $EXTERNAL_NET any -> $SQL_SERVERS $ORACLE_PORTS (msg:"GPL SQL dbms_repcat.drop_snapshot_repgroup buffer overflow attempt"; flow:to_server,established; content:"dbms_repcat.drop_snapshot_repgroup"; nocase; fast_pattern; pcre:"/((\w+)[\r\n\s]*\x3a=[\r\n\s]*(\x27[^\x27]{1075,}\x27|\x22[^\x22]{1075,}\x22)[\r\n\s]*\x3b.*gname[\r\n\s]*=>[\r\n\s]*\2|gname\s*=>\s*(\x27[^\x27]{1075,}|\x22[^\x22]{1075,})|\(\s*(\x27[^\x27]{1075,}|\x22[^\x22]{1075,}))/si"; reference:url,www.appsecinc.com/resources/alerts/oracle/2004-0001/25.html; classtype:attempted-user; sid:2102781; rev:4; metadata:created_at 2010_09_23, updated_at 2019_10_07;)" from file /etc/suricata/rules/emerging-sql.rules at line 551
3/2/2022 -- 09:22:40 - <Error> - [ERRCODE: SC_ERR_UNDEFINED_VAR(101)] - Variable "SQL_SERVERS" is not defined in configuration file
3/2/2022 -- 09:22:40 - <Error> - [ERRCODE: SC_ERR_INVALID_SIGNATURE(39)] - error parsing signature "alert tcp $EXTERNAL_NET any -> $SQL_SERVERS $ORACLE_PORTS (msg:"GPL SQL dbms_repcat.drop_snapshot_repobject buffer overflow attempt"; flow:to_server,established; content:"dbms_repcat.drop_snapshot_repobject"; nocase; fast_pattern; pcre:"/((\w+)[\r\n\s]*\x3a=[\r\n\s]*(\x27[^\x27]{1075,}\x27|\x22[^\x22]{1075,}\x22)[\r\n\s]*\x3b.*(sname|oname|type)[\r\n\s]*=>[\r\n\s]*\2|(sname|oname|type)\s*=>\s*(\x27[^\x27]{1075,}|\x22[^\x22]{1075,})|\(\s*((\x27[^\x27]*\x27|\x22[^\x22]+\x22)\s*,\s*){2}(\x27[^\x27]{1075,}|\x22[^\x22]{1075,})|\(\s*(\x27[^\x27]{1075,}|\x22[^\x22]{1075,})|\(\s*(\x27[^\x27]*\x27|\x22[^\x22]+\x22)\s*,\s*(\x27[^\x27]{1075,}|\x22[^\x22]{1075,}))/si"; reference:url,www.appsecinc.com/resources/alerts/oracle/2004-0001/25.html; classtype:attempted-user; sid:2102782; rev:4; metadata:created_at 2010_09_23, updated_at 2019_10_07;)" from file /etc/suricata/rules/emerging-sql.rules at line 553
3/2/2022 -- 09:22:40 - <Error> - [ERRCODE: SC_ERR_UNDEFINED_VAR(101)] - Variable "SQL_SERVERS" is not defined in configuration file
3/2/2022 -- 09:22:40 - <Error> - [ERRCODE: SC_ERR_INVALID_SIGNATURE(39)] - error parsing signature "alert tcp $EXTERNAL_NET any -> $SQL_SERVERS $ORACLE_PORTS (msg:"GPL SQL dbms_repcat.drop_unique_resolution buffer overflow attempt"; flow:to_server,established; content:"dbms_repcat.drop_unique_resolution"; nocase; fast_pattern; pcre:"/((\w+)[\r\n\s]*\x3a=[\r\n\s]*(\x27[^\x27]{1075,}\x27|\x22[^\x22]{1075,}\x22)[\r\n\s]*\x3b.*(sname|oname)[\r\n\s]*=>[\r\n\s]*\2|(sname|oname)\s*=>\s*(\x27[^\x27]{1075,}|\x22[^\x22]{1075,})|\(\s*(\x27[^\x27]{1075,}|\x22[^\x22]{1075,})|\(\s*(\x27[^\x27]*\x27|\x22[^\x22]+\x22)\s*,\s*(\x27[^\x27]{1075,}|\x22[^\x22]{1075,}))/si"; reference:url,www.appsecinc.com/resources/alerts/oracle/2004-0001/25.html; classtype:attempted-user; sid:2102783; rev:4; metadata:created_at 2010_09_23, updated_at 2019_10_07;)" from file /etc/suricata/rules/emerging-sql.rules at line 555
3/2/2022 -- 09:22:40 - <Error> - [ERRCODE: SC_ERR_UNDEFINED_VAR(101)] - Variable "SQL_SERVERS" is not defined in configuration file
3/2/2022 -- 09:22:40 - <Error> - [ERRCODE: SC_ERR_INVALID_SIGNATURE(39)] - error parsing signature "alert tcp $EXTERNAL_NET any -> $SQL_SERVERS $ORACLE_PORTS (msg:"GPL SQL dbms_repcat.drop_update_resolution buffer overflow attempt"; flow:to_server,established; content:"dbms_repcat.drop_update_resolution"; nocase; fast_pattern; pcre:"/((\w+)[\r\n\s]*\x3a=[\r\n\s]*(\x27[^\x27]{1075,}\x27|\x22[^\x22]{1075,}\x22)[\r\n\s]*\x3b.*(sname|oname)[\r\n\s]*=>[\r\n\s]*\2|(sname|oname)\s*=>\s*(\x27[^\x27]{1075,}|\x22[^\x22]{1075,})|\(\s*(\x27[^\x27]{1075,}|\x22[^\x22]{1075,})|\(\s*(\x27[^\x27]*\x27|\x22[^\x22]+\x22)\s*,\s*(\x27[^\x27]{1075,}|\x22[^\x22]{1075,}))/si"; reference:url,www.appsecinc.com/resources/alerts/oracle/2004-0001/25.html; classtype:attempted-user; sid:2102784; rev:4; metadata:created_at 2010_09_23, updated_at 2019_10_07;)" from file /etc/suricata/rules/emerging-sql.rules at line 557
3/2/2022 -- 09:22:40 - <Error> - [ERRCODE: SC_ERR_UNDEFINED_VAR(101)] - Variable "SQL_SERVERS" is not defined in configuration file
3/2/2022 -- 09:22:40 - <Error> - [ERRCODE: SC_ERR_INVALID_SIGNATURE(39)] - error parsing signature "alert tcp $EXTERNAL_NET any -> $SQL_SERVERS $ORACLE_PORTS (msg:"GPL SQL dbms_repcat.execute_ddl buffer overflow attempt"; flow:to_server,established; content:"dbms_repcat.execute_ddl"; nocase; fast_pattern; pcre:"/((\w+)[\r\n\s]*\x3a=[\r\n\s]*(\x27[^\x27]{1075,}\x27|\x22[^\x22]{1075,}\x22)[\r\n\s]*\x3b.*gname[\r\n\s]*=>[\r\n\s]*\2|gname\s*=>\s*(\x27[^\x27]{1075,}|\x22[^\x22]{1075,})|\(\s*(\x27[^\x27]{1075,}|\x22[^\x22]{1075,}))/si"; reference:url,www.appsecinc.com/resources/alerts/oracle/2004-0001/25.html; classtype:attempted-user; sid:2102785; rev:4; metadata:created_at 2010_09_23, updated_at 2019_10_07;)" from file /etc/suricata/rules/emerging-sql.rules at line 559
3/2/2022 -- 09:22:40 - <Error> - [ERRCODE: SC_ERR_UNDEFINED_VAR(101)] - Variable "SQL_SERVERS" is not defined in configuration file
3/2/2022 -- 09:22:40 - <Error> - [ERRCODE: SC_ERR_INVALID_SIGNATURE(39)] - error parsing signature "alert tcp $EXTERNAL_NET any -> $SQL_SERVERS $ORACLE_PORTS (msg:"GPL SQL dbms_repcat.generate_mview_support buffer overflow attempt"; flow:to_server,established; content:"dbms_repcat.generate_mview_support"; nocase; fast_pattern; pcre:"/((\w+)[\r\n\s]*\x3a=[\r\n\s]*(\x27[^\x27]{1075,}\x27|\x22[^\x22]{1075,}\x22)[\r\n\s]*\x3b.*(sname|oname|type)[\r\n\s]*=>[\r\n\s]*\2|(sname|oname|type)\s*=>\s*(\x27[^\x27]{1075,}|\x22[^\x22]{1075,})|\(\s*((\x27[^\x27]*\x27|\x22[^\x22]+\x22)\s*,\s*){2}(\x27[^\x27]{1075,}|\x22[^\x22]{1075,})|\(\s*(\x27[^\x27]{1075,}|\x22[^\x22]{1075,})|\(\s*(\x27[^\x27]*\x27|\x22[^\x22]+\x22)\s*,\s*(\x27[^\x27]{1075,}|\x22[^\x22]{1075,}))/si"; reference:url,www.appsecinc.com/resources/alerts/oracle/2004-0001/25.html; classtype:attempted-user; sid:2102852; rev:4; metadata:created_at 2010_09_23, updated_at 2019_10_07;)" from file /etc/suricata/rules/emerging-sql.rules at line 561
3/2/2022 -- 09:22:40 - <Error> - [ERRCODE: SC_ERR_UNDEFINED_VAR(101)] - Variable "SQL_SERVERS" is not defined in configuration file
3/2/2022 -- 09:22:40 - <Error> - [ERRCODE: SC_ERR_INVALID_SIGNATURE(39)] - error parsing signature "alert tcp $EXTERNAL_NET any -> $SQL_SERVERS $ORACLE_PORTS (msg:"GPL SQL dbms_repcat.generate_replication_package buffer overflow attempt"; flow:to_server,established; content:"dbms_repcat.generate_replication_package"; nocase; fast_pattern; pcre:"/((\w+)[\r\n\s]*\x3a=[\r\n\s]*(\x27[^\x27]{1075,}\x27|\x22[^\x22]{1075,}\x22)[\r\n\s]*\x3b.*(sname|oname)[\r\n\s]*=>[\r\n\s]*\2|(sname|oname)\s*=>\s*(\x27[^\x27]{1075,}|\x22[^\x22]{1075,})|\(\s*(\x27[^\x27]{1075,}|\x22[^\x22]{1075,})|\(\s*(\x27[^\x27]*\x27|\x22[^\x22]+\x22)\s*,\s*(\x27[^\x27]{1075,}|\x22[^\x22]{1075,}))/si"; reference:url,www.appsecinc.com/resources/alerts/oracle/2004-0001/25.html; classtype:attempted-user; sid:2102786; rev:4; metadata:created_at 2010_09_23, updated_at 2019_10_07;)" from file /etc/suricata/rules/emerging-sql.rules at line 563
3/2/2022 -- 09:22:40 - <Error> - [ERRCODE: SC_ERR_UNDEFINED_VAR(101)] - Variable "SQL_SERVERS" is not defined in configuration file
3/2/2022 -- 09:22:40 - <Error> - [ERRCODE: SC_ERR_INVALID_SIGNATURE(39)] - error parsing signature "alert tcp $EXTERNAL_NET any -> $SQL_SERVERS $ORACLE_PORTS (msg:"GPL SQL dbms_repcat.generate_replication_trigger buffer overflow attempt"; flow:to_server,established; content:"dbms_repcat.generate_replication_trigger"; nocase; fast_pattern; pcre:"/((\w+)[\r\n\s]*\x3a=[\r\n\s]*(\x27[^\x27]{1075,}\x27|\x22[^\x22]{1075,}\x22)[\r\n\s]*\x3b.*(sname|oname|gname)[\r\n\s]*=>[\r\n\s]*\2|(sname|oname|gname)\s*=>\s*(\x27[^\x27]{1075,}|\x22[^\x22]{1075,})|\(\s*(\x27[^\x27]{1075,}|\x22[^\x22]{1075,})|\(\s*(\x27[^\x27]*\x27|\x22[^\x22]+\x22)\s*,\s*(\x27[^\x27]{1075,}|\x22[^\x22]{1075,}))/si"; reference:url,www.appsecinc.com/resources/alerts/oracle/2004-0001/25.html; classtype:attempted-user; sid:2102853; rev:4; metadata:created_at 2010_09_23, updated_at 2019_10_07;)" from file /etc/suricata/rules/emerging-sql.rules at line 565
3/2/2022 -- 09:22:40 - <Error> - [ERRCODE: SC_ERR_UNDEFINED_VAR(101)] - Variable "SQL_SERVERS" is not defined in configuration file
3/2/2022 -- 09:22:40 - <Error> - [ERRCODE: SC_ERR_INVALID_SIGNATURE(39)] - error parsing signature "alert tcp $EXTERNAL_NET any -> $SQL_SERVERS $ORACLE_PORTS (msg:"GPL SQL dbms_repcat.generate_snapshot_support buffer overflow attempt"; flow:to_server,established; content:"dbms_repcat.generate_snapshot_support"; nocase; fast_pattern; pcre:"/((\w+)[\r\n\s]*\x3a=[\r\n\s]*(\x27[^\x27]{1075,}\x27|\x22[^\x22]{1075,}\x22)[\r\n\s]*\x3b.*(sname|oname|type)[\r\n\s]*=>[\r\n\s]*\2|(sname|oname|type)\s*=>\s*(\x27[^\x27]{1075,}|\x22[^\x22]{1075,})|\(\s*((\x27[^\x27]*\x27|\x22[^\x22]+\x22)\s*,\s*){2}(\x27[^\x27]{1075,}|\x22[^\x22]{1075,})|\(\s*(\x27[^\x27]{1075,}|\x22[^\x22]{1075,})|\(\s*(\x27[^\x27]*\x27|\x22[^\x22]+\x22)\s*,\s*(\x27[^\x27]{1075,}|\x22[^\x22]{1075,}))/si"; reference:url,www.appsecinc.com/resources/alerts/oracle/2004-0001/25.html; classtype:attempted-user; sid:2102854; rev:4; metadata:created_at 2010_09_23, updated_at 2019_10_07;)" from file /etc/suricata/rules/emerging-sql.rules at line 567
3/2/2022 -- 09:22:40 - <Error> - [ERRCODE: SC_ERR_UNDEFINED_VAR(101)] - Variable "SQL_SERVERS" is not defined in configuration file
3/2/2022 -- 09:22:40 - <Error> - [ERRCODE: SC_ERR_INVALID_SIGNATURE(39)] - error parsing signature "alert tcp $EXTERNAL_NET any -> $SQL_SERVERS $ORACLE_PORTS (msg:"GPL SQL dbms_repcat.make_column_group buffer overflow attempt"; flow:to_server,established; content:"dbms_repcat.make_column_group"; nocase; fast_pattern; pcre:"/((\w+)[\r\n\s]*\x3a=[\r\n\s]*(\x27[^\x27]{1075,}\x27|\x22[^\x22]{1075,}\x22)[\r\n\s]*\x3b.*(sname|oname)[\r\n\s]*=>[\r\n\s]*\2|(sname|oname)\s*=>\s*(\x27[^\x27]{1075,}|\x22[^\x22]{1075,})|\(\s*(\x27[^\x27]{1075,}|\x22[^\x22]{1075,})|\(\s*(\x27[^\x27]*\x27|\x22[^\x22]+\x22)\s*,\s*(\x27[^\x27]{1075,}|\x22[^\x22]{1075,}))/si"; reference:url,www.appsecinc.com/resources/alerts/oracle/2004-0001/25.html; classtype:attempted-user; sid:2102788; rev:4; metadata:created_at 2010_09_23, updated_at 2019_10_07;)" from file /etc/suricata/rules/emerging-sql.rules at line 569
3/2/2022 -- 09:22:40 - <Error> - [ERRCODE: SC_ERR_UNDEFINED_VAR(101)] - Variable "SQL_SERVERS" is not defined in configuration file
3/2/2022 -- 09:22:40 - <Error> - [ERRCODE: SC_ERR_INVALID_SIGNATURE(39)] - error parsing signature "alert tcp $EXTERNAL_NET any -> $SQL_SERVERS $ORACLE_PORTS (msg:"GPL SQL dbms_repcat.obsolete_flavor_definition buffer overflow attempt"; flow:to_server,established; content:"dbms_repcat.obsolete_flavor_definition"; nocase; fast_pattern; pcre:"/((\w+)[\r\n\s]*\x3a=[\r\n\s]*(\x27[^\x27]{1075,}\x27|\x22[^\x22]{1075,}\x22)[\r\n\s]*\x3b.*gname[\r\n\s]*=>[\r\n\s]*\2|gname\s*=>\s*(\x27[^\x27]{1075,}|\x22[^\x22]{1075,})|\(\s*(\x27[^\x27]{1075,}|\x22[^\x22]{1075,}))/si"; reference:url,www.appsecinc.com/resources/alerts/oracle/2004-0001/25.html; classtype:attempted-user; sid:2102789; rev:4; metadata:created_at 2010_09_23, updated_at 2019_10_07;)" from file /etc/suricata/rules/emerging-sql.rules at line 571
3/2/2022 -- 09:22:40 - <Error> - [ERRCODE: SC_ERR_UNDEFINED_VAR(101)] - Variable "SQL_SERVERS" is not defined in configuration file
3/2/2022 -- 09:22:40 - <Error> - [ERRCODE: SC_ERR_INVALID_SIGNATURE(39)] - error parsing signature "alert tcp $EXTERNAL_NET any -> $SQL_SERVERS $ORACLE_PORTS (msg:"GPL SQL dbms_repcat.publish_flavor_definition buffer overflow attempt"; flow:to_server,established; content:"dbms_repcat.publish_flavor_definition"; nocase; fast_pattern; pcre:"/((\w+)[\r\n\s]*\x3a=[\r\n\s]*(\x27[^\x27]{1075,}\x27|\x22[^\x22]{1075,}\x22)[\r\n\s]*\x3b.*gname[\r\n\s]*=>[\r\n\s]*\2|gname\s*=>\s*(\x27[^\x27]{1075,}|\x22[^\x22]{1075,})|\(\s*(\x27[^\x27]{1075,}|\x22[^\x22]{1075,}))/si"; reference:url,www.appsecinc.com/resources/alerts/oracle/2004-0001/25.html; classtype:attempted-user; sid:2102790; rev:4; metadata:created_at 2010_09_23, updated_at 2019_10_07;)" from file /etc/suricata/rules/emerging-sql.rules at line 573
3/2/2022 -- 09:22:40 - <Error> - [ERRCODE: SC_ERR_UNDEFINED_VAR(101)] - Variable "SQL_SERVERS" is not defined in configuration file
3/2/2022 -- 09:22:40 - <Error> - [ERRCODE: SC_ERR_INVALID_SIGNATURE(39)] - error parsing signature "alert tcp $EXTERNAL_NET any -> $SQL_SERVERS $ORACLE_PORTS (msg:"GPL SQL dbms_repcat.purge_flavor_definition buffer overflow attempt"; flow:to_server,established; content:"dbms_repcat.purge_flavor_definition"; nocase; fast_pattern; pcre:"/((\w+)[\r\n\s]*\x3a=[\r\n\s]*(\x27[^\x27]{1075,}\x27|\x22[^\x22]{1075,}\x22)[\r\n\s]*\x3b.*gname[\r\n\s]*=>[\r\n\s]*\2|gname\s*=>\s*(\x27[^\x27]{1075,}|\x22[^\x22]{1075,})|\(\s*(\x27[^\x27]{1075,}|\x22[^\x22]{1075,}))/si"; reference:url,www.appsecinc.com/resources/alerts/oracle/2004-0001/25.html; classtype:attempted-user; sid:2102791; rev:4; metadata:created_at 2010_09_23, updated_at 2019_10_07;)" from file /etc/suricata/rules/emerging-sql.rules at line 575
3/2/2022 -- 09:22:40 - <Error> - [ERRCODE: SC_ERR_UNDEFINED_VAR(101)] - Variable "SQL_SERVERS" is not defined in configuration file
3/2/2022 -- 09:22:40 - <Error> - [ERRCODE: SC_ERR_INVALID_SIGNATURE(39)] - error parsing signature "alert tcp $EXTERNAL_NET any -> $SQL_SERVERS $ORACLE_PORTS (msg:"GPL SQL dbms_repcat.purge_master_log buffer overflow attempt"; flow:to_server,established; content:"dbms_repcat.purge_master_log"; nocase; fast_pattern; pcre:"/((\w+)[\r\n\s]*\x3a=[\r\n\s]*(\x27[^\x27]{1075,}\x27|\x22[^\x22]{1075,}\x22)[\r\n\s]*\x3b.*gname[\r\n\s]*=>[\r\n\s]*\2|gname\s*=>\s*(\x27[^\x27]{1075,}|\x22[^\x22]{1075,})|\(\s*(\x27[^\x27]*\x27|\x22[^\x22]+\x22)\s*,\s*(\x27[^\x27]{1075,}|\x22[^\x22]{1075,}))/si"; reference:url,www.appsecinc.com/resources/alerts/oracle/2004-0001/25.html; classtype:attempted-user; sid:2102792; rev:4; metadata:created_at 2010_09_23, updated_at 2019_10_07;)" from file /etc/suricata/rules/emerging-sql.rules at line 577
3/2/2022 -- 09:22:40 - <Error> - [ERRCODE: SC_ERR_UNDEFINED_VAR(101)] - Variable "SQL_SERVERS" is not defined in configuration file
3/2/2022 -- 09:22:40 - <Error> - [ERRCODE: SC_ERR_INVALID_SIGNATURE(39)] - error parsing signature "alert tcp $EXTERNAL_NET any -> $SQL_SERVERS $ORACLE_PORTS (msg:"GPL SQL dbms_repcat.purge_statistics buffer overflow attempt"; flow:to_server,established; content:"dbms_repcat.purge_statistics"; nocase; fast_pattern; pcre:"/((\w+)[\r\n\s]*\x3a=[\r\n\s]*(\x27[^\x27]{1075,}\x27|\x22[^\x22]{1075,}\x22)[\r\n\s]*\x3b.*(sname|oname)[\r\n\s]*=>[\r\n\s]*\2|(sname|oname)\s*=>\s*(\x27[^\x27]{1075,}|\x22[^\x22]{1075,})|\(\s*(\x27[^\x27]{1075,}|\x22[^\x22]{1075,})|\(\s*(\x27[^\x27]*\x27|\x22[^\x22]+\x22)\s*,\s*(\x27[^\x27]{1075,}|\x22[^\x22]{1075,}))/si"; reference:url,www.appsecinc.com/resources/alerts/oracle/2004-0001/25.html; classtype:attempted-user; sid:2102793; rev:4; metadata:created_at 2010_09_23, updated_at 2019_10_07;)" from file /etc/suricata/rules/emerging-sql.rules at line 579
3/2/2022 -- 09:22:40 - <Error> - [ERRCODE: SC_ERR_UNDEFINED_VAR(101)] - Variable "SQL_SERVERS" is not defined in configuration file
3/2/2022 -- 09:22:40 - <Error> - [ERRCODE: SC_ERR_INVALID_SIGNATURE(39)] - error parsing signature "alert tcp $EXTERNAL_NET any -> $SQL_SERVERS $ORACLE_PORTS (msg:"GPL SQL dbms_repcat.refresh_mview_repgroup buffer overflow attempt"; flow:to_server,established; content:"dbms_repcat.refresh_mview_repgroup"; nocase; fast_pattern; pcre:"/((\w+)[\r\n\s]*\x3a=[\r\n\s]*(\x27[^\x27]{1024,}\x27|\x22[^\x22]{1024,}\x22)[\r\n\s]*\x3b.*gowner[\r\n\s]*=>[\r\n\s]*\2|gowner\s*=>\s*(\x27[^\x27]{1024,}|\x22[^\x22]{1024,})|\(\s*(\x27[^\x27]*\x27|\x22[^\x22]+\x22)\s*,\s*(true|false)\s*,\s*(true|false)\s*,\s*(true|false)\s*,\s*(\x27[^\x27]{1024,}|\x22[^\x22]{1024,}))/si"; reference:url,www.appsecinc.com/Policy/PolicyCheck90.html; classtype:attempted-user; sid:2102631; rev:5; metadata:created_at 2010_09_23, updated_at 2019_10_07;)" from file /etc/suricata/rules/emerging-sql.rules at line 581
3/2/2022 -- 09:22:40 - <Error> - [ERRCODE: SC_ERR_UNDEFINED_VAR(101)] - Variable "SQL_SERVERS" is not defined in configuration file
3/2/2022 -- 09:22:40 - <Error> - [ERRCODE: SC_ERR_INVALID_SIGNATURE(39)] - error parsing signature "alert tcp $EXTERNAL_NET any -> $SQL_SERVERS $ORACLE_PORTS (msg:"GPL SQL dbms_repcat.refresh_snapshot_repgroup buffer overflow attempt"; flow:to_server,established; content:"dbms_repcat.refresh_snapshot_repgroup"; nocase; fast_pattern; pcre:"/((\w+)[\r\n\s]*\x3a=[\r\n\s]*(\x27[^\x27]{1075,}\x27|\x22[^\x22]{1075,}\x22)[\r\n\s]*\x3b.*gname[\r\n\s]*=>[\r\n\s]*\2|gname\s*=>\s*(\x27[^\x27]{1075,}|\x22[^\x22]{1075,})|\(\s*(\x27[^\x27]{1075,}|\x22[^\x22]{1075,}))/si"; reference:url,www.appsecinc.com/resources/alerts/oracle/2004-0001/25.html; classtype:attempted-user; sid:2102795; rev:4; metadata:created_at 2010_09_23, updated_at 2019_10_07;)" from file /etc/suricata/rules/emerging-sql.rules at line 583
3/2/2022 -- 09:22:40 - <Error> - [ERRCODE: SC_ERR_UNDEFINED_VAR(101)] - Variable "SQL_SERVERS" is not defined in configuration file
3/2/2022 -- 09:22:40 - <Error> - [ERRCODE: SC_ERR_INVALID_SIGNATURE(39)] - error parsing signature "alert tcp $EXTERNAL_NET any -> $SQL_SERVERS $ORACLE_PORTS (msg:"GPL SQL dbms_repcat.register_mview_repgroup buffer overflow attempt"; flow:to_server,established; content:"dbms_repcat.register_mview_repgroup"; nocase; fast_pattern; pcre:"/((\w+)[\r\n\s]*\x3a=[\r\n\s]*(\x27[^\x27]{1075,}\x27|\x22[^\x22]{1075,}\x22)[\r\n\s]*\x3b.*(gname|gowner)[\r\n\s]*=>[\r\n\s]*\2|(gname|gowner)\s*=>\s*(\x27[^\x27]{1075,}|\x22[^\x22]{1075,})|\(\s*(\x27[^\x27]{1075,}|\x22[^\x22]{1075,})|\(\s*((\x27[^\x27]*\x27|\x22[^\x22]+\x22)\s*,\s*){4}(\x27[^\x27]{1075,}|\x22[^\x22]{1075,}))/si"; reference:url,www.appsecinc.com/resources/alerts/oracle/2004-0001/25.html; classtype:attempted-user; sid:2102796; rev:4; metadata:created_at 2010_09_23, updated_at 2019_10_07;)" from file /etc/suricata/rules/emerging-sql.rules at line 585
3/2/2022 -- 09:22:40 - <Error> - [ERRCODE: SC_ERR_UNDEFINED_VAR(101)] - Variable "SQL_SERVERS" is not defined in configuration file
3/2/2022 -- 09:22:40 - <Error> - [ERRCODE: SC_ERR_INVALID_SIGNATURE(39)] - error parsing signature "alert tcp $EXTERNAL_NET any -> $SQL_SERVERS $ORACLE_PORTS (msg:"GPL SQL dbms_repcat.register_snapshot_repgroup buffer overflow attempt"; flow:to_server,established; content:"dbms_repcat.register_snapshot_repgroup"; nocase; fast_pattern; pcre:"/((\w+)[\r\n\s]*\x3a=[\r\n\s]*(\x27[^\x27]{1075,}\x27|\x22[^\x22]{1075,}\x22)[\r\n\s]*\x3b.*gname[\r\n\s]*=>[\r\n\s]*\2|gname\s*=>\s*(\x27[^\x27]{1075,}|\x22[^\x22]{1075,})|\(\s*(\x27[^\x27]{1075,}|\x22[^\x22]{1075,}))/si"; reference:url,www.appsecinc.com/resources/alerts/oracle/2004-0001/25.html; classtype:attempted-user; sid:2102797; rev:4; metadata:created_at 2010_09_23, updated_at 2019_10_07;)" from file /etc/suricata/rules/emerging-sql.rules at line 587
3/2/2022 -- 09:22:40 - <Error> - [ERRCODE: SC_ERR_UNDEFINED_VAR(101)] - Variable "SQL_SERVERS" is not defined in configuration file
3/2/2022 -- 09:22:40 - <Error> - [ERRCODE: SC_ERR_INVALID_SIGNATURE(39)] - error parsing signature "alert tcp $EXTERNAL_NET any -> $SQL_SERVERS $ORACLE_PORTS (msg:"GPL SQL dbms_repcat.register_statistics buffer overflow attempt"; flow:to_server,established; content:"dbms_repcat.register_statistics"; nocase; fast_pattern; pcre:"/((\w+)[\r\n\s]*\x3a=[\r\n\s]*(\x27[^\x27]{1075,}\x27|\x22[^\x22]{1075,}\x22)[\r\n\s]*\x3b.*(sname|oname)[\r\n\s]*=>[\r\n\s]*\2|(sname|oname)\s*=>\s*(\x27[^\x27]{1075,}|\x22[^\x22]{1075,})|\(\s*(\x27[^\x27]{1075,}|\x22[^\x22]{1075,})|\(\s*(\x27[^\x27]*\x27|\x22[^\x22]+\x22)\s*,\s*(\x27[^\x27]{1075,}|\x22[^\x22]{1075,}))/si"; reference:url,www.appsecinc.com/resources/alerts/oracle/2004-0001/25.html; classtype:attempted-user; sid:2102798; rev:4; metadata:created_at 2010_09_23, updated_at 2019_10_07;)" from file /etc/suricata/rules/emerging-sql.rules at line 589
3/2/2022 -- 09:22:40 - <Error> - [ERRCODE: SC_ERR_UNDEFINED_VAR(101)] - Variable "SQL_SERVERS" is not defined in configuration file
3/2/2022 -- 09:22:40 - <Error> - [ERRCODE: SC_ERR_INVALID_SIGNATURE(39)] - error parsing signature "alert tcp $EXTERNAL_NET any -> $SQL_SERVERS $ORACLE_PORTS (msg:"GPL SQL dbms_repcat.relocate_masterdef buffer overflow attempt"; flow:to_server,established; content:"dbms_repcat.relocate_masterdef"; nocase; fast_pattern; pcre:"/((\w+)[\r\n\s]*\x3a=[\r\n\s]*(\x27[^\x27]{1075,}\x27|\x22[^\x22]{1075,}\x22)[\r\n\s]*\x3b.*gname[\r\n\s]*=>[\r\n\s]*\2|gname\s*=>\s*(\x27[^\x27]{1075,}|\x22[^\x22]{1075,})|\(\s*(\x27[^\x27]{1075,}|\x22[^\x22]{1075,}))/si"; reference:url,www.appsecinc.com/resources/alerts/oracle/2004-0001/25.html; classtype:attempted-user; sid:2102799; rev:4; metadata:created_at 2010_09_23, updated_at 2019_10_07;)" from file /etc/suricata/rules/emerging-sql.rules at line 591
3/2/2022 -- 09:22:40 - <Error> - [ERRCODE: SC_ERR_UNDEFINED_VAR(101)] - Variable "SQL_SERVERS" is not defined in configuration file
3/2/2022 -- 09:22:40 - <Error> - [ERRCODE: SC_ERR_INVALID_SIGNATURE(39)] - error parsing signature "alert tcp $EXTERNAL_NET any -> $SQL_SERVERS $ORACLE_PORTS (msg:"GPL SQL dbms_repcat.remove_master_databases buffer overflow attempt"; flow:to_server,established; content:"dbms_repcat.remove_master_databases"; nocase; fast_pattern; pcre:"/((\w+)[\r\n\s]*\x3a=[\r\n\s]*(\x27[^\x27]{1075,}\x27|\x22[^\x22]{1075,}\x22)[\r\n\s]*\x3b.*gname[\r\n\s]*=>[\r\n\s]*\2|gname\s*=>\s*(\x27[^\x27]{1075,}|\x22[^\x22]{1075,})|\(\s*(\x27[^\x27]{1075,}|\x22[^\x22]{1075,}))/si"; reference:url,www.appsecinc.com/resources/alerts/oracle/2004-0001/25.html; classtype:attempted-user; sid:2102855; rev:4; metadata:created_at 2010_09_23, updated_at 2019_10_07;)" from file /etc/suricata/rules/emerging-sql.rules at line 593
3/2/2022 -- 09:22:40 - <Error> - [ERRCODE: SC_ERR_UNDEFINED_VAR(101)] - Variable "SQL_SERVERS" is not defined in configuration file
3/2/2022 -- 09:22:40 - <Error> - [ERRCODE: SC_ERR_INVALID_SIGNATURE(39)] - error parsing signature "alert tcp $EXTERNAL_NET any -> $SQL_SERVERS $ORACLE_PORTS (msg:"GPL SQL dbms_repcat.rename_shadow_column_group buffer overflow attempt"; flow:to_server,established; content:"dbms_repcat.rename_shadow_column_group"; nocase; fast_pattern; pcre:"/((\w+)[\r\n\s]*\x3a=[\r\n\s]*(\x27[^\x27]{1075,}\x27|\x22[^\x22]{1075,}\x22)[\r\n\s]*\x3b.*(sname|oname)[\r\n\s]*=>[\r\n\s]*\2|(sname|oname)\s*=>\s*(\x27[^\x27]{1075,}|\x22[^\x22]{1075,})|\(\s*(\x27[^\x27]{1075,}|\x22[^\x22]{1075,})|\(\s*(\x27[^\x27]*\x27|\x22[^\x22]+\x22)\s*,\s*(\x27[^\x27]{1075,}|\x22[^\x22]{1075,}))/si"; reference:url,www.appsecinc.com/resources/alerts/oracle/2004-0001/25.html; classtype:attempted-user; sid:2102800; rev:4; metadata:created_at 2010_09_23, updated_at 2019_10_07;)" from file /etc/suricata/rules/emerging-sql.rules at line 595
3/2/2022 -- 09:22:40 - <Error> - [ERRCODE: SC_ERR_UNDEFINED_VAR(101)] - Variable "SQL_SERVERS" is not defined in configuration file
3/2/2022 -- 09:22:40 - <Error> - [ERRCODE: SC_ERR_INVALID_SIGNATURE(39)] - error parsing signature "alert tcp $EXTERNAL_NET any -> $SQL_SERVERS $ORACLE_PORTS (msg:"GPL SQL dbms_repcat.repcat_import_check buffer overflow attempt"; flow:to_server,established; content:"dbms_repcat.repcat_import_check"; nocase; fast_pattern; pcre:"/((\w+)[\r\n\s]*\x3a=[\r\n\s]*(\x27[^\x27]{1024,}\x27|\x22[^\x22]{1024,}\x22)[\r\n\s]*\x3b.*gname[\r\n\s]*=>[\r\n\s]*\2|gname\s*=>\s*(\x27[^\x27]{1024,}|\x22[^\x22]{1024,})|(\w+)[\r\n\s]*\x3a=[\r\n\s]*(\x27[^\x27]{1024,}\x27|\x22[^\x22]{1024,}\x22)[\r\n\s]*\x3b.*gowner[\r\n\s]*=>[\r\n\s]*\2|gowner\s*=>\s*(\x27[^\x27]{1024,}|\x22[^\x22]{1024,})|\(\s*(\x27[^\x27]{1024,}|\x22[^\x22]{1024,})|\(\s*(\x27[^\x27]*\x27|\x22[^\x22]+\x22)\s*,\s*(true|false)\s*,\s*(\x27[^\x27]{1024,}|\x22[^\x22]{1024,}))/si"; reference:url,www.appsecinc.com/Policy/PolicyCheck90.html; classtype:attempted-user; sid:2102627; rev:5; metadata:created_at 2010_09_23, updated_at 2019_10_07;)" from file /etc/suricata/rules/emerging-sql.rules at line 597
3/2/2022 -- 09:22:40 - <Error> - [ERRCODE: SC_ERR_UNDEFINED_VAR(101)] - Variable "SQL_SERVERS" is not defined in configuration file
3/2/2022 -- 09:22:40 - <Error> - [ERRCODE: SC_ERR_INVALID_SIGNATURE(39)] - error parsing signature "alert tcp $EXTERNAL_NET any -> $SQL_SERVERS $ORACLE_PORTS (msg:"GPL SQL dbms_repcat.resume_master_activity buffer overflow attempt"; flow:to_server,established; content:"dbms_repcat.resume_master_activity"; nocase; fast_pattern; pcre:"/((\w+)[\r\n\s]*\x3a=[\r\n\s]*(\x27[^\x27]{1075,}\x27|\x22[^\x22]{1075,}\x22)[\r\n\s]*\x3b.*gname[\r\n\s]*=>[\r\n\s]*\2|gname\s*=>\s*(\x27[^\x27]{1075,}|\x22[^\x22]{1075,})|\(\s*(\x27[^\x27]{1075,}|\x22[^\x22]{1075,}))/si"; reference:url,www.appsecinc.com/resources/alerts/oracle/2004-0001/25.html; classtype:attempted-user; sid:2102801; rev:4; metadata:created_at 2010_09_23, updated_at 2019_10_07;)" from file /etc/suricata/rules/emerging-sql.rules at line 599
3/2/2022 -- 09:22:40 - <Error> - [ERRCODE: SC_ERR_UNDEFINED_VAR(101)] - Variable "SQL_SERVERS" is not defined in configuration file
3/2/2022 -- 09:22:40 - <Error> - [ERRCODE: SC_ERR_INVALID_SIGNATURE(39)] - error parsing signature "alert tcp $EXTERNAL_NET any -> $SQL_SERVERS $ORACLE_PORTS (msg:"GPL SQL dbms_repcat.send_and_compare_old_values buffer overflow attempt"; flow:to_server,established; content:"dbms_repcat.send_and_compare_old_values"; nocase; fast_pattern; pcre:"/((\w+)[\r\n\s]*\x3a=[\r\n\s]*(\x27[^\x27]{1075,}\x27|\x22[^\x22]{1075,}\x22)[\r\n\s]*\x3b.*(sname|oname)[\r\n\s]*=>[\r\n\s]*\2|(sname|oname)\s*=>\s*(\x27[^\x27]{1075,}|\x22[^\x22]{1075,})|\(\s*(\x27[^\x27]{1075,}|\x22[^\x22]{1075,})|\(\s*(\x27[^\x27]*\x27|\x22[^\x22]+\x22)\s*,\s*(\x27[^\x27]{1075,}|\x22[^\x22]{1075,}))/si"; reference:url,www.appsecinc.com/resources/alerts/oracle/2004-0001/25.html; classtype:attempted-user; sid:2102804; rev:4; metadata:created_at 2010_09_23, updated_at 2019_10_07;)" from file /etc/suricata/rules/emerging-sql.rules at line 601
3/2/2022 -- 09:22:40 - <Error> - [ERRCODE: SC_ERR_UNDEFINED_VAR(101)] - Variable "SQL_SERVERS" is not defined in configuration file
3/2/2022 -- 09:22:40 - <Error> - [ERRCODE: SC_ERR_INVALID_SIGNATURE(39)] - error parsing signature "alert tcp $EXTERNAL_NET any -> $SQL_SERVERS $ORACLE_PORTS (msg:"GPL SQL dbms_repcat.send_old_values buffer overflow attempt"; flow:to_server,established; content:"dbms_repcat.send_old_values"; nocase; fast_pattern; pcre:"/((\w+)[\r\n\s]*\x3a=[\r\n\s]*(\x27[^\x27]{1024,}\x27|\x22[^\x22]{1024,}\x22)[\r\n\s]*\x3b.*operation[\r\n\s]*=>[\r\n\s]*\2|operation\s*=>\s*(\x27[^\x27]{1024,}|\x22[^\x22]{1024,})|\(\s*(\x27[^\x27]*\x27|\x22[^\x22]+\x22)\s*,\s*(\x27[^\x27]*\x27|\x22[^\x22]+\x22)\s*,\s*(\x27[^\x27]*\x27|\x22[^\x22]+\x22)\s*,\s*(\x27[^\x27]{1024,}|\x22[^\x22]{1024,}))/si"; reference:url,www.appsecinc.com/Policy/PolicyCheck91.html; classtype:attempted-user; sid:2102626; rev:5; metadata:created_at 2010_09_23, updated_at 2019_10_07;)" from file /etc/suricata/rules/emerging-sql.rules at line 603
3/2/2022 -- 09:22:40 - <Error> - [ERRCODE: SC_ERR_UNDEFINED_VAR(101)] - Variable "SQL_SERVERS" is not defined in configuration file
3/2/2022 -- 09:22:40 - <Error> - [ERRCODE: SC_ERR_INVALID_SIGNATURE(39)] - error parsing signature "alert tcp $EXTERNAL_NET any -> $SQL_SERVERS $ORACLE_PORTS (msg:"GPL SQL dbms_repcat.set_columns buffer overflow attempt"; flow:to_server,established; content:"dbms_repcat.set_columns"; nocase; fast_pattern; pcre:"/((\w+)[\r\n\s]*\x3a=[\r\n\s]*(\x27[^\x27]{1075,}\x27|\x22[^\x22]{1075,}\x22)[\r\n\s]*\x3b.*(sname|oname)[\r\n\s]*=>[\r\n\s]*\2|(sname|oname)\s*=>\s*(\x27[^\x27]{1075,}|\x22[^\x22]{1075,})|\(\s*(\x27[^\x27]{1075,}|\x22[^\x22]{1075,})|\(\s*(\x27[^\x27]*\x27|\x22[^\x22]+\x22)\s*,\s*(\x27[^\x27]{1075,}|\x22[^\x22]{1075,}))/si"; reference:url,www.appsecinc.com/resources/alerts/oracle/2004-0001/25.html; classtype:attempted-user; sid:2102805; rev:4; metadata:created_at 2010_09_23, updated_at 2019_10_07;)" from file /etc/suricata/rules/emerging-sql.rules at line 605
3/2/2022 -- 09:22:40 - <Error> - [ERRCODE: SC_ERR_UNDEFINED_VAR(101)] - Variable "SQL_SERVERS" is not defined in configuration file
3/2/2022 -- 09:22:40 - <Error> - [ERRCODE: SC_ERR_INVALID_SIGNATURE(39)] - error parsing signature "alert tcp $EXTERNAL_NET any -> $SQL_SERVERS $ORACLE_PORTS (msg:"GPL SQL dbms_repcat.set_local_flavor buffer overflow attempt"; flow:to_server,established; content:"dbms_repcat.set_local_flavor"; nocase; fast_pattern; pcre:"/((\w+)[\r\n\s]*\x3a=[\r\n\s]*(\x27[^\x27]{1075,}\x27|\x22[^\x22]{1075,}\x22)[\r\n\s]*\x3b.*(gname|fname|gowner)[\r\n\s]*=>[\r\n\s]*\2|(gname|fname|gowner)\s*=>\s*(\x27[^\x27]{1075,}|\x22[^\x22]{1075,})|\(\s*((\x27[^\x27]*\x27|\x22[^\x22]+\x22)\s*,\s*){2}(\x27[^\x27]{1075,}|\x22[^\x22]{1075,})|\(\s*(\x27[^\x27]{1075,}|\x22[^\x22]{1075,})|\(\s*(\x27[^\x27]*\x27|\x22[^\x22]+\x22)\s*,\s*(\x27[^\x27]{1075,}|\x22[^\x22]{1075,}))/si"; reference:url,www.appsecinc.com/resources/alerts/oracle/2004-0001/25.html; classtype:attempted-user; sid:2102806; rev:4; metadata:created_at 2010_09_23, updated_at 2019_10_07;)" from file /etc/suricata/rules/emerging-sql.rules at line 607
3/2/2022 -- 09:22:40 - <Error> - [ERRCODE: SC_ERR_UNDEFINED_VAR(101)] - Variable "SQL_SERVERS" is not defined in configuration file
3/2/2022 -- 09:22:40 - <Error> - [ERRCODE: SC_ERR_INVALID_SIGNATURE(39)] - error parsing signature "alert tcp $EXTERNAL_NET any -> $SQL_SERVERS $ORACLE_PORTS (msg:"GPL SQL dbms_repcat.specify_new_masters buffer overflow attempt"; flow:to_server,established; content:"dbms_repcat.specify_new_masters"; nocase; fast_pattern; pcre:"/((\w+)[\r\n\s]*\x3a=[\r\n\s]*(\x27[^\x27]{1075,}\x27|\x22[^\x22]{1075,}\x22)[\r\n\s]*\x3b.*gname[\r\n\s]*=>[\r\n\s]*\2|gname\s*=>\s*(\x27[^\x27]{1075,}|\x22[^\x22]{1075,})|\(\s*(\x27[^\x27]{1075,}|\x22[^\x22]{1075,}))/si"; reference:url,www.appsecinc.com/resources/alerts/oracle/2004-0001/25.html; classtype:attempted-user; sid:2102807; rev:4; metadata:created_at 2010_09_23, updated_at 2019_10_07;)" from file /etc/suricata/rules/emerging-sql.rules at line 609
3/2/2022 -- 09:22:40 - <Error> - [ERRCODE: SC_ERR_UNDEFINED_VAR(101)] - Variable "SQL_SERVERS" is not defined in configuration file
3/2/2022 -- 09:22:40 - <Error> - [ERRCODE: SC_ERR_INVALID_SIGNATURE(39)] - error parsing signature "alert tcp $EXTERNAL_NET any -> $SQL_SERVERS $ORACLE_PORTS (msg:"GPL SQL dbms_repcat.suspend_master_activity buffer overflow attempt"; flow:to_server,established; content:"dbms_repcat.suspend_master_activity"; nocase; fast_pattern; pcre:"/((\w+)[\r\n\s]*\x3a=[\r\n\s]*(\x27[^\x27]{1075,}\x27|\x22[^\x22]{1075,}\x22)[\r\n\s]*\x3b.*gname[\r\n\s]*=>[\r\n\s]*\2|gname\s*=>\s*(\x27[^\x27]{1075,}|\x22[^\x22]{1075,})|\(\s*(\x27[^\x27]{1075,}|\x22[^\x22]{1075,}))/si"; reference:url,www.appsecinc.com/resources/alerts/oracle/2004-0001/25.html; classtype:attempted-user; sid:2102808; rev:4; metadata:created_at 2010_09_23, updated_at 2019_10_07;)" from file /etc/suricata/rules/emerging-sql.rules at line 611
3/2/2022 -- 09:22:40 - <Error> - [ERRCODE: SC_ERR_UNDEFINED_VAR(101)] - Variable "SQL_SERVERS" is not defined in configuration file
3/2/2022 -- 09:22:40 - <Error> - [ERRCODE: SC_ERR_INVALID_SIGNATURE(39)] - error parsing signature "alert tcp $EXTERNAL_NET any -> $SQL_SERVERS $ORACLE_PORTS (msg:"GPL SQL dbms_repcat.switch_mview_master buffer overflow attempt"; flow:to_server,established; content:"dbms_repcat.switch_mview_master"; nocase; fast_pattern; pcre:"/((\w+)[\r\n\s]*\x3a=[\r\n\s]*(\x27[^\x27]{1075,}\x27|\x22[^\x22]{1075,}\x22)[\r\n\s]*\x3b.*(gname|gowner)[\r\n\s]*=>[\r\n\s]*\2|(gname|gowner)\s*=>\s*(\x27[^\x27]{1075,}|\x22[^\x22]{1075,})|\(\s*(\x27[^\x27]{1075,}|\x22[^\x22]{1075,})|\(\s*((\x27[^\x27]*\x27|\x22[^\x22]+\x22)\s*,\s*){2}(\x27[^\x27]{1075,}|\x22[^\x22]{1075,}))/si"; reference:url,www.appsecinc.com/resources/alerts/oracle/2004-0001/25.html; classtype:attempted-user; sid:2102856; rev:4; metadata:created_at 2010_09_23, updated_at 2019_10_07;)" from file /etc/suricata/rules/emerging-sql.rules at line 613
3/2/2022 -- 09:22:40 - <Error> - [ERRCODE: SC_ERR_UNDEFINED_VAR(101)] - Variable "SQL_SERVERS" is not defined in configuration file
3/2/2022 -- 09:22:40 - <Error> - [ERRCODE: SC_ERR_INVALID_SIGNATURE(39)] - error parsing signature "alert tcp $EXTERNAL_NET any -> $SQL_SERVERS $ORACLE_PORTS (msg:"GPL SQL dbms_repcat.switch_snapshot_master buffer overflow attempt"; flow:to_server,established; content:"dbms_repcat.switch_snapshot_master"; nocase; fast_pattern; pcre:"/((\w+)[\r\n\s]*\x3a=[\r\n\s]*(\x27[^\x27]{1073,}\x27|\x22[^\x22]{1073,}\x22)[\r\n\s]*\x3b.*gname[\r\n\s]*=>[\r\n\s]*\2|gname\s*=>\s*(\x27[^\x27]{1073,}|\x22[^\x22]{1073,})|\(\s*(\x27[^\x27]{1073,}|\x22[^\x22]{1073,}))/si"; reference:url,www.appsecinc.com/resources/alerts/oracle/2004-0001/25.html; classtype:attempted-user; sid:2102857; rev:4; metadata:created_at 2010_09_23, updated_at 2019_10_07;)" from file /etc/suricata/rules/emerging-sql.rules at line 615
3/2/2022 -- 09:22:40 - <Error> - [ERRCODE: SC_ERR_UNDEFINED_VAR(101)] - Variable "SQL_SERVERS" is not defined in configuration file
3/2/2022 -- 09:22:40 - <Error> - [ERRCODE: SC_ERR_INVALID_SIGNATURE(39)] - error parsing signature "alert tcp $EXTERNAL_NET any -> $SQL_SERVERS $ORACLE_PORTS (msg:"GPL SQL dbms_repcat.unregister_mview_repgroup buffer overflow attempt"; flow:to_server,established; content:"dbms_repcat.unregister_mview_repgroup"; nocase; fast_pattern; pcre:"/((\w+)[\r\n\s]*\x3a=[\r\n\s]*(\x27[^\x27]{1075,}\x27|\x22[^\x22]{1075,}\x22)[\r\n\s]*\x3b.*(gname|gowner)[\r\n\s]*=>[\r\n\s]*\2|(gname|gowner)\s*=>\s*(\x27[^\x27]{1075,}|\x22[^\x22]{1075,})|\(\s*(\x27[^\x27]{1075,}|\x22[^\x22]{1075,})|\(\s*((\x27[^\x27]*\x27|\x22[^\x22]+\x22)\s*,\s*){2}(\x27[^\x27]{1075,}|\x22[^\x22]{1075,}))/si"; reference:url,www.appsecinc.com/resources/alerts/oracle/2004-0001/25.html; classtype:attempted-user; sid:2102809; rev:4; metadata:created_at 2010_09_23, updated_at 2019_10_07;)" from file /etc/suricata/rules/emerging-sql.rules at line 617
3/2/2022 -- 09:22:40 - <Error> - [ERRCODE: SC_ERR_UNDEFINED_VAR(101)] - Variable "SQL_SERVERS" is not defined in configuration file
3/2/2022 -- 09:22:40 - <Error> - [ERRCODE: SC_ERR_INVALID_SIGNATURE(39)] - error parsing signature "alert tcp $EXTERNAL_NET any -> $SQL_SERVERS $ORACLE_PORTS (msg:"GPL SQL dbms_repcat.unregister_snapshot_repgroup buffer overflow attempt"; flow:to_server,established; content:"dbms_repcat.unregister_snapshot_repgroup"; nocase; fast_pattern; pcre:"/((\w+)[\r\n\s]*\x3a=[\r\n\s]*(\x27[^\x27]{1075,}\x27|\x22[^\x22]{1075,}\x22)[\r\n\s]*\x3b.*gname[\r\n\s]*=>[\r\n\s]*\2|gname\s*=>\s*(\x27[^\x27]{1075,}|\x22[^\x22]{1075,})|\(\s*(\x27[^\x27]{1075,}|\x22[^\x22]{1075,}))/si"; reference:url,www.appsecinc.com/resources/alerts/oracle/2004-0001/25.html; classtype:attempted-user; sid:2102810; rev:4; metadata:created_at 2010_09_23, updated_at 2019_10_07;)" from file /etc/suricata/rules/emerging-sql.rules at line 619
3/2/2022 -- 09:22:40 - <Error> - [ERRCODE: SC_ERR_UNDEFINED_VAR(101)] - Variable "SQL_SERVERS" is not defined in configuration file
3/2/2022 -- 09:22:40 - <Error> - [ERRCODE: SC_ERR_INVALID_SIGNATURE(39)] - error parsing signature "alert tcp $EXTERNAL_NET any -> $SQL_SERVERS $ORACLE_PORTS (msg:"GPL SQL dbms_repcat.validate_flavor_definition buffer overflow attempt"; flow:to_server,established; content:"dbms_repcat.validate_flavor_definition"; nocase; fast_pattern; pcre:"/((\w+)[\r\n\s]*\x3a=[\r\n\s]*(\x27[^\x27]{1075,}\x27|\x22[^\x22]{1075,}\x22)[\r\n\s]*\x3b.*gname[\r\n\s]*=>[\r\n\s]*\2|gname\s*=>\s*(\x27[^\x27]{1075,}|\x22[^\x22]{1075,})|\(\s*(\x27[^\x27]{1075,}|\x22[^\x22]{1075,}))/si"; reference:url,www.appsecinc.com/resources/alerts/oracle/2004-0001/25.html; classtype:attempted-user; sid:2102811; rev:4; metadata:created_at 2010_09_23, updated_at 2019_10_07;)" from file /etc/suricata/rules/emerging-sql.rules at line 621
3/2/2022 -- 09:22:40 - <Error> - [ERRCODE: SC_ERR_UNDEFINED_VAR(101)] - Variable "SQL_SERVERS" is not defined in configuration file
3/2/2022 -- 09:22:40 - <Error> - [ERRCODE: SC_ERR_INVALID_SIGNATURE(39)] - error parsing signature "alert tcp $EXTERNAL_NET any -> $SQL_SERVERS $ORACLE_PORTS (msg:"GPL SQL dbms_repcat.validate_for_local_flavor buffer overflow attempt"; flow:to_server,established; content:"dbms_repcat.validate_for_local_flavor"; nocase; fast_pattern; pcre:"/((\w+)[\r\n\s]*\x3a=[\r\n\s]*(\x27[^\x27]{1075,}\x27|\x22[^\x22]{1075,}\x22)[\r\n\s]*\x3b.*(gname|gowner)[\r\n\s]*=>[\r\n\s]*\2|(gname|gowner)\s*=>\s*(\x27[^\x27]{1075,}|\x22[^\x22]{1075,})|\(\s*(\x27[^\x27]{1075,}|\x22[^\x22]{1075,})|\(\s*((\x27[^\x27]*\x27|\x22[^\x22]+\x22)\s*,\s*){2}(\x27[^\x27]{1075,}|\x22[^\x22]{1075,}))/si"; reference:url,www.appsecinc.com/resources/alerts/oracle/2004-0001/25.html; classtype:attempted-user; sid:2102812; rev:4; metadata:created_at 2010_09_23, updated_at 2019_10_07;)" from file /etc/suricata/rules/emerging-sql.rules at line 623
3/2/2022 -- 09:22:40 - <Error> - [ERRCODE: SC_ERR_UNDEFINED_VAR(101)] - Variable "SQL_SERVERS" is not defined in configuration file
3/2/2022 -- 09:22:40 - <Error> - [ERRCODE: SC_ERR_INVALID_SIGNATURE(39)] - error parsing signature "alert tcp $EXTERNAL_NET any -> $SQL_SERVERS $ORACLE_PORTS (msg:"GPL SQL dbms_repcat_admin.register_user_repgroup buffer overflow attempt"; flow:to_server,established; content:"dbms_repcat_admin.register_user_repgroup"; nocase; fast_pattern; pcre:"/((\w+)[\r\n\s]*\x3a=[\r\n\s]*(\x27[^\x27]{1024,}\x27|\x22[^\x22]{1024,}\x22)[\r\n\s]*\x3b.*privilege_type[\r\n\s]*=>[\r\n\s]*\2|privilege_type\s*=>\s*(\x27[^\x27]{1024,}|\x22[^\x22]{1024,})|\(\s*(\x27[^\x27]*\x27|\x22[^\x22]+\x22)\s*,\s*(\x27[^\x27]{1024,}|\x22[^\x22]{1024,}))/si"; reference:url,www.appsecinc.com/Policy/PolicyCheck94.html; classtype:attempted-user; sid:2102629; rev:5; metadata:created_at 2010_09_23, updated_at 2019_10_07;)" from file /etc/suricata/rules/emerging-sql.rules at line 625
3/2/2022 -- 09:22:40 - <Error> - [ERRCODE: SC_ERR_UNDEFINED_VAR(101)] - Variable "SQL_SERVERS" is not defined in configuration file
3/2/2022 -- 09:22:40 - <Error> - [ERRCODE: SC_ERR_INVALID_SIGNATURE(39)] - error parsing signature "alert tcp $EXTERNAL_NET any -> $SQL_SERVERS $ORACLE_PORTS (msg:"GPL SQL dbms_repcat_admin.unregister_user_repgroup buffer overflow attempt"; flow:to_server,established; content:"dbms_repcat_admin.unregister_user_repgroup"; nocase; fast_pattern; pcre:"/((\w+)[\r\n\s]*\x3a=[\r\n\s]*(\x27[^\x27]{1024,}\x27|\x22[^\x22]{1024,}\x22)[\r\n\s]*\x3b.*privilege_type[\r\n\s]*=>[\r\n\s]*\2|privilege_type\s*=>\s*(\x27[^\x27]{1024,}|\x22[^\x22]{1024,})|\(\s*(\x27[^\x27]*\x27|\x22[^\x22]+\x22)\s*,\s*(\x27[^\x27]{1024,}|\x22[^\x22]{1024,}))/si"; reference:url,www.appsecinc.com/Policy/PolicyCheck94.html; classtype:attempted-user; sid:2102624; rev:5; metadata:created_at 2010_09_23, updated_at 2019_10_07;)" from file /etc/suricata/rules/emerging-sql.rules at line 627
3/2/2022 -- 09:22:40 - <Error> - [ERRCODE: SC_ERR_UNDEFINED_VAR(101)] - Variable "SQL_SERVERS" is not defined in configuration file
3/2/2022 -- 09:22:40 - <Error> - [ERRCODE: SC_ERR_INVALID_SIGNATURE(39)] - error parsing signature "alert tcp $EXTERNAL_NET any -> $SQL_SERVERS $ORACLE_PORTS (msg:"GPL SQL dbms_repcat_auth.revoke_surrogate_repcat buffer overflow attempt"; flow:to_server,established; content:"dbms_repcat_auth.revoke_surrogate_repcat"; nocase; fast_pattern; pcre:"/((\w+)[\r\n\s]*\x3a=[\r\n\s]*(\x27[^\x27]{1075,}\x27|\x22[^\x22]{1075,}\x22)[\r\n\s]*\x3b.*userid[\r\n\s]*=>[\r\n\s]*\2|userid\s*=>\s*(\x27[^\x27]{1075,}|\x22[^\x22]{1075,})|\(\s*(\x27[^\x27]{1075,}|\x22[^\x22]{1075,}))/si"; reference:url,www.appsecinc.com/resources/alerts/oracle/2004-0001/25.html; classtype:attempted-user; sid:2102746; rev:4; metadata:created_at 2010_09_23, updated_at 2019_10_07;)" from file /etc/suricata/rules/emerging-sql.rules at line 629
3/2/2022 -- 09:22:40 - <Error> - [ERRCODE: SC_ERR_UNDEFINED_VAR(101)] - Variable "SQL_SERVERS" is not defined in configuration file
3/2/2022 -- 09:22:40 - <Error> - [ERRCODE: SC_ERR_INVALID_SIGNATURE(39)] - error parsing signature "alert tcp $EXTERNAL_NET any -> $SQL_SERVERS $ORACLE_PORTS (msg:"GPL SQL dbms_repcat_instantiate.drop_site_instantiation buffer overflow attempt"; flow:to_server,established; content:"dbms_repcat_instantiate.drop_site_instantiation"; nocase; fast_pattern; pcre:"/((\w+)[\r\n\s]*\x3a=[\r\n\s]*(\x27[^\x27]{1024,}\x27|\x22[^\x22]{1024,}\x22)[\r\n\s]*\x3b.*refresh_template_name[\r\n\s]*=>[\r\n\s]*\2|refresh_template_name\s*=>\s*(\x27[^\x27]{1024,}|\x22[^\x22]{1024,})|\(\s*(\x27[^\x27]{1024,}|\x22[^\x22]{1024,}))/si"; classtype:attempted-user; sid:2102641; rev:6; metadata:created_at 2010_09_23, updated_at 2019_10_07;)" from file /etc/suricata/rules/emerging-sql.rules at line 631
3/2/2022 -- 09:22:40 - <Error> - [ERRCODE: SC_ERR_UNDEFINED_VAR(101)] - Variable "SQL_SERVERS" is not defined in configuration file
3/2/2022 -- 09:22:40 - <Error> - [ERRCODE: SC_ERR_INVALID_SIGNATURE(39)] - error parsing signature "alert tcp $EXTERNAL_NET any -> $SQL_SERVERS $ORACLE_PORTS (msg:"GPL SQL dbms_repcat_instantiate.instantiate_offline buffer overflow attempt"; flow:to_server,established; content:"dbms_repcat_instantiate.instantiate_offline"; nocase; fast_pattern; pcre:"/((\w+)[\r\n\s]*\x3a=[\r\n\s]*(\x27[^\x27]{1024,}\x27|\x22[^\x22]{1024,}\x22)[\r\n\s]*\x3b.*refresh_template_name[\r\n\s]*=>[\r\n\s]*\2|refresh_template_name\s*=>\s*(\x27[^\x27]{1024,}|\x22[^\x22]{1024,})|\(\s*(\x27[^\x27]{1024,}|\x22[^\x22]{1024,}))/si"; classtype:attempted-user; sid:2102645; rev:5; metadata:created_at 2010_09_23, updated_at 2019_10_07;)" from file /etc/suricata/rules/emerging-sql.rules at line 633
3/2/2022 -- 09:22:40 - <Error> - [ERRCODE: SC_ERR_UNDEFINED_VAR(101)] - Variable "SQL_SERVERS" is not defined in configuration file
3/2/2022 -- 09:22:40 - <Error> - [ERRCODE: SC_ERR_INVALID_SIGNATURE(39)] - error parsing signature "alert tcp $EXTERNAL_NET any -> $SQL_SERVERS $ORACLE_PORTS (msg:"GPL SQL dbms_repcat_instantiate.instantiate_online buffer overflow attempt"; flow:to_server,established; content:"dbms_repcat_instantiate.instantiate_online"; nocase; fast_pattern; pcre:"/((\w+)[\r\n\s]*\x3a=[\r\n\s]*(\x27[^\x27]{1024,}\x27|\x22[^\x22]{1024,}\x22)[\r\n\s]*\x3b.*refresh_template_name[\r\n\s]*=>[\r\n\s]*\2|refresh_template_name\s*=>\s*(\x27[^\x27]{1024,}|\x22[^\x22]{1024,})|\(\s*(\x27[^\x27]{1024,}|\x22[^\x22]{1024,}))/si"; classtype:attempted-user; sid:2102647; rev:5; metadata:created_at 2010_09_23, updated_at 2019_10_07;)" from file /etc/suricata/rules/emerging-sql.rules at line 635
3/2/2022 -- 09:22:40 - <Error> - [ERRCODE: SC_ERR_UNDEFINED_VAR(101)] - Variable "SQL_SERVERS" is not defined in configuration file
3/2/2022 -- 09:22:40 - <Error> - [ERRCODE: SC_ERR_INVALID_SIGNATURE(39)] - error parsing signature "alert tcp $EXTERNAL_NET any -> $SQL_SERVERS $ORACLE_PORTS (msg:"GPL SQL dbms_repcat_rgt.check_ddl_text buffer overflow attempt"; flow:to_server,established; content:"dbms_repcat_rgt.check_ddl_text"; nocase; fast_pattern; pcre:"/((\w+)[\r\n\s]*\x3a=[\r\n\s]*(\x27[^\x27]{1075,}\x27|\x22[^\x22]{1075,}\x22)[\r\n\s]*\x3b.*(object_type|user_name)[\r\n\s]*=>[\r\n\s]*\2|(object_type|user_name)\s*=>\s*(\x27[^\x27]{1075,}|\x22[^\x22]{1075,})|\(\s*(\x27[^\x27]{1075,}|\x22[^\x22]{1075,})|\(\s*(\x27[^\x27]*\x27|\x22[^\x22]+\x22)\s*,\s*(\x27[^\x27]{1075,}|\x22[^\x22]{1075,}))/si"; reference:url,www.appsecinc.com/resources/alerts/oracle/2004-0001/25.html; classtype:attempted-user; sid:2102802; rev:4; metadata:created_at 2010_09_23, updated_at 2019_10_07;)" from file /etc/suricata/rules/emerging-sql.rules at line 637
3/2/2022 -- 09:22:40 - <Error> - [ERRCODE: SC_ERR_UNDEFINED_VAR(101)] - Variable "SQL_SERVERS" is not defined in configuration file
3/2/2022 -- 09:22:40 - <Error> - [ERRCODE: SC_ERR_INVALID_SIGNATURE(39)] - error parsing signature "alert tcp $EXTERNAL_NET any -> $SQL_SERVERS $ORACLE_PORTS (msg:"GPL SQL dbms_repcat_rgt.drop_site_instantiation buffer overflow attempt"; flow:to_server,established; content:"dbms_repcat_rgt.drop_site_instantiation"; nocase; fast_pattern; pcre:"/((\w+)[\r\n\s]*\x3a=[\r\n\s]*(\x27[^\x27]{1024,}\x27|\x22[^\x22]{1024,}\x22)[\r\n\s]*\x3b.*refresh_template_name[\r\n\s]*=>[\r\n\s]*\2|refresh_template_name\s*=>\s*(\x27[^\x27]{1024,}|\x22[^\x22]{1024,})|\(\s*(\x27[^\x27]{1024,}|\x22[^\x22]{1024,}))/si"; classtype:attempted-user; sid:2102676; rev:4; metadata:created_at 2010_09_23, updated_at 2019_10_07;)" from file /etc/suricata/rules/emerging-sql.rules at line 639
3/2/2022 -- 09:22:40 - <Error> - [ERRCODE: SC_ERR_UNDEFINED_VAR(101)] - Variable "SQL_SERVERS" is not defined in configuration file
3/2/2022 -- 09:22:40 - <Error> - [ERRCODE: SC_ERR_INVALID_SIGNATURE(39)] - error parsing signature "alert tcp $EXTERNAL_NET any -> $SQL_SERVERS $ORACLE_PORTS (msg:"GPL SQL dbms_repcat_rgt.instantiate_offline buffer overflow attempt"; flow:to_server,established; content:"dbms_repcat_rgt.instantiate_offline"; nocase; fast_pattern; pcre:"/((\w+)[\r\n\s]*\x3a=[\r\n\s]*(\x27[^\x27]{1024,}\x27|\x22[^\x22]{1024,}\x22)[\r\n\s]*\x3b.*privilege_type[\r\n\s]*=>[\r\n\s]*\2|privilege_type\s*=>\s*(\x27[^\x27]{1024,}|\x22[^\x22]{1024,})|\(\s*(\x27[^\x27]{1024,}|\x22[^\x22]{1024,}))/si"; classtype:attempted-user; sid:2102675; rev:4; metadata:created_at 2010_09_23, updated_at 2019_10_07;)" from file /etc/suricata/rules/emerging-sql.rules at line 641
3/2/2022 -- 09:22:40 - <Error> - [ERRCODE: SC_ERR_UNDEFINED_VAR(101)] - Variable "SQL_SERVERS" is not defined in configuration file
3/2/2022 -- 09:22:40 - <Error> - [ERRCODE: SC_ERR_INVALID_SIGNATURE(39)] - error parsing signature "alert tcp $EXTERNAL_NET any -> $SQL_SERVERS $ORACLE_PORTS (msg:"GPL SQL dbms_repcat_rgt.instantiate_online buffer overflow attempt"; flow:to_server,established; content:"dbms_repcat_rgt.instantiate_online"; nocase; fast_pattern; pcre:"/((\w+)[\r\n\s]*\x3a=[\r\n\s]*(\x27[^\x27]{1024,}\x27|\x22[^\x22]{1024,}\x22)[\r\n\s]*\x3b.*refresh_template_name[\r\n\s]*=>[\r\n\s]*\2|refresh_template_name\s*=>\s*(\x27[^\x27]{1024,}|\x22[^\x22]{1024,})|\(\s*((\x27[^\x27]*\x27|\x22[^\x22]+\x22)\s*,\s*){2}(\x27[^\x27]{1024,}|\x22[^\x22]{1024,}))/si"; classtype:attempted-user; sid:2102677; rev:4; metadata:created_at 2010_09_23, updated_at 2019_10_07;)" from file /etc/suricata/rules/emerging-sql.rules at line 643
3/2/2022 -- 09:22:40 - <Error> - [ERRCODE: SC_ERR_UNDEFINED_VAR(101)] - Variable "SQL_SERVERS" is not defined in configuration file
3/2/2022 -- 09:22:40 - <Error> - [ERRCODE: SC_ERR_INVALID_SIGNATURE(39)] - error parsing signature "alert tcp $EXTERNAL_NET any -> $SQL_SERVERS $ORACLE_PORTS (msg:"GPL SQL dbms_repcat_sna_utl.create_snapshot_repgroup buffer overflow attempt"; flow:to_server,established; content:"dbms_repcat_sna_utl.create_snapshot_repgroup"; nocase; fast_pattern; pcre:"/\(\s*(\x27[^\x27]{1024,}|\x22[^\x22]{1024,})/si"; reference:url,www.appsecinc.com/Policy/PolicyCheck97.html; classtype:attempted-user; sid:2102623; rev:5; metadata:created_at 2010_09_23, updated_at 2019_10_07;)" from file /etc/suricata/rules/emerging-sql.rules at line 645
3/2/2022 -- 09:22:40 - <Error> - [ERRCODE: SC_ERR_UNDEFINED_VAR(101)] - Variable "SQL_SERVERS" is not defined in configuration file
3/2/2022 -- 09:22:40 - <Error> - [ERRCODE: SC_ERR_INVALID_SIGNATURE(39)] - error parsing signature "alert tcp $EXTERNAL_NET any -> $SQL_SERVERS $ORACLE_PORTS (msg:"GPL SQL dbms_repcat_sna_utl.register_flavor_change buffer overflow attempt"; flow:to_server,established; content:"dbms_repcat_sna_utl.register_flavor_change"; nocase; fast_pattern; pcre:"/\(\s*(\x27[^\x27]{1024,}|\x22[^\x22]{1024,})/si"; reference:url,www.appsecinc.com/Policy/PolicyCheck97.html; classtype:attempted-user; sid:2102621; rev:5; metadata:created_at 2010_09_23, updated_at 2019_10_07;)" from file /etc/suricata/rules/emerging-sql.rules at line 647
3/2/2022 -- 09:22:40 - <Error> - [ERRCODE: SC_ERR_UNDEFINED_VAR(101)] - Variable "SQL_SERVERS" is not defined in configuration file
3/2/2022 -- 09:22:40 - <Error> - [ERRCODE: SC_ERR_INVALID_SIGNATURE(39)] - error parsing signature "alert tcp $EXTERNAL_NET any -> $SQL_SERVERS $ORACLE_PORTS (msg:"GPL SQL dbms_repcat_utl.drop_an_object buffer overflow attempt"; flow:to_server,established; content:"dbms_repcat_utl.drop_an_object"; nocase; fast_pattern; pcre:"/\(\s*(\x27[^\x27]{1024,}|\x22[^\x22]{1024,})/si"; reference:url,www.appsecinc.com/Policy/PolicyCheck97.html; classtype:attempted-user; sid:2102622; rev:5; metadata:created_at 2010_09_23, updated_at 2019_10_07;)" from file /etc/suricata/rules/emerging-sql.rules at line 649
3/2/2022 -- 09:22:40 - <Error> - [ERRCODE: SC_ERR_UNDEFINED_VAR(101)] - Variable "SQL_SERVERS" is not defined in configuration file
3/2/2022 -- 09:22:40 - <Error> - [ERRCODE: SC_ERR_INVALID_SIGNATURE(39)] - error parsing signature "alert tcp $EXTERNAL_NET any -> $SQL_SERVERS $ORACLE_PORTS (msg:"GPL SQL sys.dbms_repcat_conf.add_priority_char buffer overflow attempt"; flow:to_server,established; content:"sys.dbms_repcat_conf.add_priority_char"; nocase; fast_pattern; pcre:"/((\w+)[\r\n\s]*\x3a=[\r\n\s]*(\x27[^\x27]{1075,}\x27|\x22[^\x22]{1075,}\x22)[\r\n\s]*\x3b.*gname[\r\n\s]*=>[\r\n\s]*\2|gname\s*=>\s*(\x27[^\x27]{1075,}|\x22[^\x22]{1075,})|\(\s*(\x27[^\x27]{1075,}|\x22[^\x22]{1075,}))/si"; reference:url,www.appsecinc.com/resources/alerts/oracle/2004-0001/25.html; classtype:attempted-user; sid:2102859; rev:4; metadata:created_at 2010_09_23, updated_at 2019_10_07;)" from file /etc/suricata/rules/emerging-sql.rules at line 651
3/2/2022 -- 09:22:40 - <Error> - [ERRCODE: SC_ERR_UNDEFINED_VAR(101)] - Variable "SQL_SERVERS" is not defined in configuration file
3/2/2022 -- 09:22:40 - <Error> - [ERRCODE: SC_ERR_INVALID_SIGNATURE(39)] - error parsing signature "alert tcp $EXTERNAL_NET any -> $SQL_SERVERS $ORACLE_PORTS (msg:"GPL SQL sys.dbms_repcat_conf.alter_site_priority_site buffer overflow attempt"; flow:to_server,established; content:"sys.dbms_repcat_conf.alter_site_priority_site"; nocase; fast_pattern; pcre:"/((\w+)[\r\n\s]*\x3a=[\r\n\s]*(\x27[^\x27]{1075,}\x27|\x22[^\x22]{1075,}\x22)[\r\n\s]*\x3b.*gname[\r\n\s]*=>[\r\n\s]*\2|gname\s*=>\s*(\x27[^\x27]{1075,}|\x22[^\x22]{1075,})|\(\s*(\x27[^\x27]{1075,}|\x22[^\x22]{1075,}))/si"; reference:url,www.appsecinc.com/resources/alerts/oracle/2004-0001/25.html; classtype:attempted-user; sid:2102877; rev:4; metadata:created_at 2010_09_23, updated_at 2019_10_07;)" from file /etc/suricata/rules/emerging-sql.rules at line 653
3/2/2022 -- 09:22:40 - <Error> - [ERRCODE: SC_ERR_UNDEFINED_VAR(101)] - Variable "SQL_SERVERS" is not defined in configuration file
3/2/2022 -- 09:22:40 - <Error> - [ERRCODE: SC_ERR_INVALID_SIGNATURE(39)] - error parsing signature "alert tcp $EXTERNAL_NET any -> $SQL_SERVERS $ORACLE_PORTS (msg:"GPL SQL sys.dbms_repcat_conf.drop_priority_raw buffer overflow attempt"; flow:to_server,established; content:"sys.dbms_repcat_conf.drop_priority_raw"; nocase; fast_pattern; pcre:"/((\w+)[\r\n\s]*\x3a=[\r\n\s]*(\x27[^\x27]{1075,}\x27|\x22[^\x22]{1075,}\x22)[\r\n\s]*\x3b.*gname[\r\n\s]*=>[\r\n\s]*\2|gname\s*=>\s*(\x27[^\x27]{1075,}|\x22[^\x22]{1075,})|\(\s*(\x27[^\x27]{1075,}|\x22[^\x22]{1075,}))/si"; reference:url,www.appsecinc.com/resources/alerts/oracle/2004-0001/25.html; classtype:attempted-user; sid:2102893; rev:4; metadata:created_at 2010_09_23, updated_at 2019_10_07;)" from file /etc/suricata/rules/emerging-sql.rules at line 655
3/2/2022 -- 09:22:40 - <Error> - [ERRCODE: SC_ERR_UNDEFINED_VAR(101)] - Variable "SQL_SERVERS" is not defined in configuration file
3/2/2022 -- 09:22:40 - <Error> - [ERRCODE: SC_ERR_INVALID_SIGNATURE(39)] - error parsing signature "alert tcp $EXTERNAL_NET any -> $SQL_SERVERS $ORACLE_PORTS (msg:"GPL SQL sys.dbms_repcat_conf.drop_priority_varchar2 buffer overflow attempt"; flow:to_server,established; content:"sys.dbms_repcat_conf.drop_priority_varchar2"; nocase; fast_pattern; pcre:"/((\w+)[\r\n\s]*\x3a=[\r\n\s]*(\x27[^\x27]{1075,}\x27|\x22[^\x22]{1075,}\x22)[\r\n\s]*\x3b.*gname[\r\n\s]*=>[\r\n\s]*\2|gname\s*=>\s*(\x27[^\x27]{1075,}|\x22[^\x22]{1075,})|\(\s*(\x27[^\x27]{1075,}|\x22[^\x22]{1075,}))/si"; reference:url,www.appsecinc.com/resources/alerts/oracle/2004-0001/25.html; classtype:attempted-user; sid:2102895; rev:4; metadata:created_at 2010_09_23, updated_at 2019_10_07;)" from file /etc/suricata/rules/emerging-sql.rules at line 657
3/2/2022 -- 09:22:40 - <Error> - [ERRCODE: SC_ERR_UNDEFINED_VAR(101)] - Variable "SQL_SERVERS" is not defined in configuration file
3/2/2022 -- 09:22:40 - <Error> - [ERRCODE: SC_ERR_INVALID_SIGNATURE(39)] - error parsing signature "alert tcp $EXTERNAL_NET any -> $SQL_SERVERS $ORACLE_PORTS (msg:"GPL SQL sys.dbms_repcat_mas.create_master_repgroup buffer overflow attempt"; flow:to_server,established; content:"sys.dbms_repcat_mas.create_master_repgroup"; nocase; fast_pattern; pcre:"/((\w+)[\r\n\s]*\x3a=[\r\n\s]*(\x27[^\x27]{1075,}\x27|\x22[^\x22]{1075,}\x22)[\r\n\s]*\x3b.*gname[\r\n\s]*=>[\r\n\s]*\2|gname\s*=>\s*(\x27[^\x27]{1075,}|\x22[^\x22]{1075,})|\(\s*(\x27[^\x27]{1075,}|\x22[^\x22]{1075,}))/si"; reference:url,www.appsecinc.com/resources/alerts/oracle/2004-0001/25.html; classtype:attempted-user; sid:2102830; rev:4; metadata:created_at 2010_09_23, updated_at 2019_10_07;)" from file /etc/suricata/rules/emerging-sql.rules at line 659
3/2/2022 -- 09:22:40 - <Config> - Loading rule file: /etc/suricata/rules/emerging-web_client.rules
3/2/2022 -- 09:22:40 - <Config> - Loading rule file: /etc/suricata/rules/emerging-shellcode.rules
3/2/2022 -- 09:22:40 - <Error> - [ERRCODE: SC_ERR_UNDEFINED_VAR(101)] - Variable "SHELLCODE_PORTS" is not defined in configuration file
3/2/2022 -- 09:22:40 - <Error> - [ERRCODE: SC_ERR_INVALID_SIGNATURE(39)] - error parsing signature "alert ip $EXTERNAL_NET $SHELLCODE_PORTS -> $HOME_NET any (msg:"GPL SHELLCODE AIX NOOP"; content:"O|FF FB 82|O|FF FB 82|O|FF FB 82|O|FF FB 82|"; classtype:shellcode-detect; sid:2100640; rev:7; metadata:created_at 2010_09_23, updated_at 2010_09_23;)" from file /etc/suricata/rules/emerging-shellcode.rules at line 257
3/2/2022 -- 09:22:40 - <Error> - [ERRCODE: SC_ERR_UNDEFINED_VAR(101)] - Variable "SHELLCODE_PORTS" is not defined in configuration file
3/2/2022 -- 09:22:40 - <Error> - [ERRCODE: SC_ERR_INVALID_SIGNATURE(39)] - error parsing signature "alert ip $EXTERNAL_NET $SHELLCODE_PORTS -> $HOME_NET any (msg:"GPL SHELLCODE x86 0x71FB7BAB NOOP unicode"; content:"q|00 FB 00|{|00 AB 00|q|00 FB 00|{|00 AB 00|q|00 FB 00|{|00 AB 00|q|00 FB 00|{|00 AB 00|"; classtype:shellcode-detect; sid:2102313; rev:3; metadata:created_at 2010_09_23, updated_at 2010_09_23;)" from file /etc/suricata/rules/emerging-shellcode.rules at line 291
3/2/2022 -- 09:22:40 - <Error> - [ERRCODE: SC_ERR_UNDEFINED_VAR(101)] - Variable "SHELLCODE_PORTS" is not defined in configuration file
3/2/2022 -- 09:22:40 - <Error> - [ERRCODE: SC_ERR_INVALID_SIGNATURE(39)] - error parsing signature "alert ip $EXTERNAL_NET $SHELLCODE_PORTS -> $HOME_NET any (msg:"GPL SHELLCODE x86 0x71FB7BAB NOOP"; content:"q|FB|{|AB|q|FB|{|AB|q|FB|{|AB|q|FB|{|AB|"; classtype:shellcode-detect; sid:2102312; rev:3; metadata:created_at 2010_09_23, updated_at 2010_09_23;)" from file /etc/suricata/rules/emerging-shellcode.rules at line 293
3/2/2022 -- 09:22:40 - <Error> - [ERRCODE: SC_ERR_UNDEFINED_VAR(101)] - Variable "SHELLCODE_PORTS" is not defined in configuration file
3/2/2022 -- 09:22:40 - <Error> - [ERRCODE: SC_ERR_INVALID_SIGNATURE(39)] - error parsing signature "alert ip $EXTERNAL_NET $SHELLCODE_PORTS -> $HOME_NET any (msg:"GPL SHELLCODE SGI NOOP"; content:"|24 0F 12|4|24 0F 12|4|24 0F 12|4|24 0F 12|4"; reference:arachnids,357; classtype:shellcode-detect; sid:2100639; rev:6; metadata:created_at 2010_09_23, updated_at 2010_09_23;)" from file /etc/suricata/rules/emerging-shellcode.rules at line 297
3/2/2022 -- 09:22:40 - <Error> - [ERRCODE: SC_ERR_UNDEFINED_VAR(101)] - Variable "SHELLCODE_PORTS" is not defined in configuration file
3/2/2022 -- 09:22:40 - <Error> - [ERRCODE: SC_ERR_INVALID_SIGNATURE(39)] - error parsing signature "alert ip $EXTERNAL_NET $SHELLCODE_PORTS -> $HOME_NET any (msg:"GPL SHELLCODE Digital UNIX NOOP"; content:"G|FF 04 1F|G|FF 04 1F|G|FF 04 1F|G|FF 04 1F|"; reference:arachnids,352; classtype:shellcode-detect; sid:2100641; rev:7; metadata:created_at 2010_09_23, updated_at 2010_09_23;)" from file /etc/suricata/rules/emerging-shellcode.rules at line 299
3/2/2022 -- 09:22:40 - <Error> - [ERRCODE: SC_ERR_UNDEFINED_VAR(101)] - Variable "SHELLCODE_PORTS" is not defined in configuration file
3/2/2022 -- 09:22:40 - <Error> - [ERRCODE: SC_ERR_INVALID_SIGNATURE(39)] - error parsing signature "alert ip $EXTERNAL_NET $SHELLCODE_PORTS -> $HOME_NET any (msg:"GPL SHELLCODE HP-UX NOOP"; content:"|08|!|02 80 08|!|02 80 08|!|02 80 08|!|02 80|"; reference:arachnids,358; classtype:shellcode-detect; sid:2100642; rev:7; metadata:created_at 2010_09_23, updated_at 2010_09_23;)" from file /etc/suricata/rules/emerging-shellcode.rules at line 301
3/2/2022 -- 09:22:40 - <Error> - [ERRCODE: SC_ERR_UNDEFINED_VAR(101)] - Variable "SHELLCODE_PORTS" is not defined in configuration file
3/2/2022 -- 09:22:40 - <Error> - [ERRCODE: SC_ERR_INVALID_SIGNATURE(39)] - error parsing signature "alert ip $EXTERNAL_NET $SHELLCODE_PORTS -> $HOME_NET any (msg:"GPL SHELLCODE HP-UX NOOP"; content:"|0B|9|02 80 0B|9|02 80 0B|9|02 80 0B|9|02 80|"; reference:arachnids,359; classtype:shellcode-detect; sid:2100643; rev:8; metadata:created_at 2010_09_23, updated_at 2010_09_23;)" from file /etc/suricata/rules/emerging-shellcode.rules at line 303
3/2/2022 -- 09:22:40 - <Error> - [ERRCODE: SC_ERR_UNDEFINED_VAR(101)] - Variable "SHELLCODE_PORTS" is not defined in configuration file
3/2/2022 -- 09:22:40 - <Error> - [ERRCODE: SC_ERR_INVALID_SIGNATURE(39)] - error parsing signature "alert ip $EXTERNAL_NET $SHELLCODE_PORTS -> $HOME_NET any (msg:"GPL SHELLCODE sparc NOOP"; content:"|13 C0 1C A6 13 C0 1C A6 13 C0 1C A6 13 C0 1C A6|"; reference:arachnids,345; classtype:shellcode-detect; sid:2100644; rev:6; metadata:created_at 2010_09_23, updated_at 2010_09_23;)" from file /etc/suricata/rules/emerging-shellcode.rules at line 305
3/2/2022 -- 09:22:40 - <Error> - [ERRCODE: SC_ERR_UNDEFINED_VAR(101)] - Variable "SHELLCODE_PORTS" is not defined in configuration file
3/2/2022 -- 09:22:40 - <Error> - [ERRCODE: SC_ERR_INVALID_SIGNATURE(39)] - error parsing signature "alert ip $EXTERNAL_NET $SHELLCODE_PORTS -> $HOME_NET any (msg:"GPL SHELLCODE sparc NOOP"; content:"|80 1C|@|11 80 1C|@|11 80 1C|@|11 80 1C|@|11|"; reference:arachnids,353; classtype:shellcode-detect; sid:2100645; rev:6; metadata:created_at 2010_09_23, updated_at 2010_09_23;)" from file /etc/suricata/rules/emerging-shellcode.rules at line 307
3/2/2022 -- 09:22:40 - <Error> - [ERRCODE: SC_ERR_UNDEFINED_VAR(101)] - Variable "SHELLCODE_PORTS" is not defined in configuration file
3/2/2022 -- 09:22:40 - <Error> - [ERRCODE: SC_ERR_INVALID_SIGNATURE(39)] - error parsing signature "alert ip $EXTERNAL_NET $SHELLCODE_PORTS -> $HOME_NET any (msg:"GPL SHELLCODE sparc NOOP"; content:"|A6 1C C0 13 A6 1C C0 13 A6 1C C0 13 A6 1C C0 13|"; reference:arachnids,355; classtype:shellcode-detect; sid:2100646; rev:6; metadata:created_at 2010_09_23, updated_at 2010_09_23;)" from file /etc/suricata/rules/emerging-shellcode.rules at line 309
3/2/2022 -- 09:22:40 - <Error> - [ERRCODE: SC_ERR_UNDEFINED_VAR(101)] - Variable "SHELLCODE_PORTS" is not defined in configuration file
3/2/2022 -- 09:22:40 - <Error> - [ERRCODE: SC_ERR_INVALID_SIGNATURE(39)] - error parsing signature "alert ip $EXTERNAL_NET $SHELLCODE_PORTS -> $HOME_NET any (msg:"GPL SHELLCODE sparc setuid 0"; content:"|82 10| |17 91 D0| |08|"; reference:arachnids,282; classtype:system-call-detect; sid:2100647; rev:7; metadata:created_at 2010_09_23, updated_at 2010_09_23;)" from file /etc/suricata/rules/emerging-shellcode.rules at line 311
3/2/2022 -- 09:22:40 - <Error> - [ERRCODE: SC_ERR_UNDEFINED_VAR(101)] - Variable "SHELLCODE_PORTS" is not defined in configuration file
3/2/2022 -- 09:22:40 - <Error> - [ERRCODE: SC_ERR_INVALID_SIGNATURE(39)] - error parsing signature "alert ip $EXTERNAL_NET $SHELLCODE_PORTS -> $HOME_NET any (msg:"GPL SHELLCODE Linux shellcode"; content:"|90 90 90 E8 C0 FF FF FF|/bin/sh"; reference:arachnids,343; classtype:shellcode-detect; sid:2100652; rev:10; metadata:created_at 2010_09_23, updated_at 2010_09_23;)" from file /etc/suricata/rules/emerging-shellcode.rules at line 319
3/2/2022 -- 09:22:40 - <Error> - [ERRCODE: SC_ERR_UNDEFINED_VAR(101)] - Variable "SQL_SERVERS" is not defined in configuration file
3/2/2022 -- 09:22:40 - <Error> - [ERRCODE: SC_ERR_INVALID_SIGNATURE(39)] - error parsing signature "alert tcp $EXTERNAL_NET any -> $SQL_SERVERS 1433 (msg:"GPL SHELLCODE MSSQL shellcode attempt"; flow:to_server,established; content:"9 |D0 00 92 01 C2 00|R|00|U|00|9 |EC 00|"; fast_pattern; classtype:shellcode-detect; sid:2100691; rev:8; metadata:created_at 2010_09_23, updated_at 2019_10_07;)" from file /etc/suricata/rules/emerging-shellcode.rules at line 403
3/2/2022 -- 09:22:40 - <Error> - [ERRCODE: SC_ERR_UNDEFINED_VAR(101)] - Variable "SHELLCODE_PORTS" is not defined in configuration file
3/2/2022 -- 09:22:40 - <Error> - [ERRCODE: SC_ERR_INVALID_SIGNATURE(39)] - error parsing signature "alert ip $EXTERNAL_NET $SHELLCODE_PORTS -> $HOME_NET any (msg:"GPL SHELLCODE x86 0xEB0C NOOP"; content:"|EB 0C EB 0C EB 0C EB 0C EB 0C EB 0C EB 0C EB 0C|"; fast_pattern; classtype:shellcode-detect; sid:2101424; rev:9; metadata:created_at 2010_09_23, updated_at 2019_10_07;)" from file /etc/suricata/rules/emerging-shellcode.rules at line 405
3/2/2022 -- 09:22:40 - <Config> - Loading rule file: /etc/suricata/rules/tor.rules
3/2/2022 -- 09:22:40 - <Config> - Loading rule file: /etc/suricata/rules/emerging-p2p.rules
3/2/2022 -- 09:22:40 - <Config> - Loading rule file: /etc/suricata/rules/emerging-exploit_kit.rules
3/2/2022 -- 09:22:40 - <Config> - Loading rule file: /etc/suricata/rules/botcc.portgrouped.rules
3/2/2022 -- 09:22:40 - <Config> - Loading rule file: /etc/suricata/rules/emerging-web_server.rules
3/2/2022 -- 09:22:41 - <Config> - Loading rule file: /etc/suricata/rules/emerging-dos.rules
3/2/2022 -- 09:22:41 - <Config> - Loading rule file: /etc/suricata/rules/emerging-user_agents.rules
3/2/2022 -- 09:22:41 - <Config> - Loading rule file: /etc/suricata/rules/emerging-telnet.rules
3/2/2022 -- 09:22:41 - <Error> - [ERRCODE: SC_ERR_UNDEFINED_VAR(101)] - Variable "TELNET_SERVERS" is not defined in configuration file
3/2/2022 -- 09:22:41 - <Error> - [ERRCODE: SC_ERR_INVALID_SIGNATURE(39)] - error parsing signature "alert tcp $TELNET_SERVERS 23 -> $EXTERNAL_NET any (msg:"GPL TELNET TELNET login failed"; flow:from_server,established; content:"Login failed"; nocase; classtype:bad-unknown; sid:2100492; rev:10; metadata:created_at 2010_09_23, updated_at 2010_09_23;)" from file /etc/suricata/rules/emerging-telnet.rules at line 41
3/2/2022 -- 09:22:41 - <Error> - [ERRCODE: SC_ERR_UNDEFINED_VAR(101)] - Variable "TELNET_SERVERS" is not defined in configuration file
3/2/2022 -- 09:22:41 - <Error> - [ERRCODE: SC_ERR_INVALID_SIGNATURE(39)] - error parsing signature "alert tcp $TELNET_SERVERS 23 -> $EXTERNAL_NET any (msg:"GPL TELNET Telnet Root not on console"; flow:from_server,established; content:"not on system console"; fast_pattern; nocase; reference:arachnids,365; classtype:bad-unknown; sid:2100717; rev:10; metadata:created_at 2010_09_23, updated_at 2019_10_07;)" from file /etc/suricata/rules/emerging-telnet.rules at line 55
3/2/2022 -- 09:22:41 - <Error> - [ERRCODE: SC_ERR_UNDEFINED_VAR(101)] - Variable "TELNET_SERVERS" is not defined in configuration file
3/2/2022 -- 09:22:41 - <Error> - [ERRCODE: SC_ERR_INVALID_SIGNATURE(39)] - error parsing signature "alert tcp $TELNET_SERVERS 23 -> $EXTERNAL_NET any (msg:"GPL TELNET root login"; flow:from_server,established; content:"login|3a 20|root"; fast_pattern; classtype:suspicious-login; sid:2100719; rev:9; metadata:created_at 2010_09_23, updated_at 2019_10_07;)" from file /etc/suricata/rules/emerging-telnet.rules at line 57
3/2/2022 -- 09:22:41 - <Config> - Loading rule file: /etc/suricata/rules/emerging-netbios.rules
3/2/2022 -- 09:22:41 - <Error> - [ERRCODE: SC_ERR_UNDEFINED_VAR(101)] - Variable "SQL_SERVERS" is not defined in configuration file
3/2/2022 -- 09:22:41 - <Error> - [ERRCODE: SC_ERR_INVALID_SIGNATURE(39)] - error parsing signature "alert tcp $EXTERNAL_NET any -> $SQL_SERVERS 1433 (msg:"GPL NETBIOS xp_reg* - registry access"; flow:to_server,established; content:"x|00|p|00|_|00|r|00|e|00|g|00|"; nocase; reference:bugtraq,5205; reference:cve,2002-0642; reference:nessus,10642; reference:url,www.microsoft.com/technet/security/bulletin/MS02-034; classtype:attempted-user; sid:2100686; rev:11; metadata:created_at 2010_09_23, updated_at 2010_09_23;)" from file /etc/suricata/rules/emerging-netbios.rules at line 855
3/2/2022 -- 09:22:41 - <Error> - [ERRCODE: SC_ERR_UNDEFINED_VAR(101)] - Variable "SQL_SERVERS" is not defined in configuration file
3/2/2022 -- 09:22:41 - <Error> - [ERRCODE: SC_ERR_INVALID_SIGNATURE(39)] - error parsing signature "alert tcp $EXTERNAL_NET any -> $SQL_SERVERS 139 (msg:"GPL NETBIOS xp_reg* registry access"; flow:to_server,established; content:"x|00|p|00|_|00|r|00|e|00|g|00|"; depth:32; offset:32; nocase; reference:bugtraq,5205; reference:cve,2002-0642; reference:nessus,10642; reference:url,www.microsoft.com/technet/security/bulletin/MS02-034; classtype:attempted-user; sid:2100689; rev:12; metadata:created_at 2010_09_23, updated_at 2010_09_23;)" from file /etc/suricata/rules/emerging-netbios.rules at line 857
3/2/2022 -- 09:22:41 - <Config> - Loading rule file: /etc/suricata/rules/emerging-icmp.rules
3/2/2022 -- 09:22:41 - <Config> - No rules loaded from emerging-icmp.rules.
3/2/2022 -- 09:22:41 - <Config> - Loading rule file: /etc/suricata/rules/drop.rules
3/2/2022 -- 09:22:41 - <Config> - Loading rule file: /etc/suricata/rules/3coresec.rules
3/2/2022 -- 09:22:41 - <Config> - Loading rule file: /etc/suricata/rules/http-events.rules
3/2/2022 -- 09:22:41 - <Config> - Loading rule file: /etc/suricata/rules/smtp-events.rules
3/2/2022 -- 09:22:41 - <Config> - Loading rule file: /etc/suricata/rules/dns-events.rules
3/2/2022 -- 09:22:41 - <Config> - Loading rule file: /etc/suricata/rules/tls-events.rules
3/2/2022 -- 09:22:41 - <Info> - 48 rule files processed. 19774 rules successfully loaded, 233 rules failed
3/2/2022 -- 09:22:41 - <Info> - Threshold config parsed: 0 rule(s) found
3/2/2022 -- 09:22:41 - <Perf> - using shared mpm ctx' for tcp-packet
3/2/2022 -- 09:22:41 - <Perf> - using shared mpm ctx' for tcp-stream
3/2/2022 -- 09:22:41 - <Perf> - using shared mpm ctx' for udp-packet
3/2/2022 -- 09:22:41 - <Perf> - using shared mpm ctx' for other-ip
3/2/2022 -- 09:22:41 - <Info> - 19777 signatures processed. 1534 are IP-only rules, 3372 are inspecting packet payload, 14816 inspect application layer, 0 are decoder event only
3/2/2022 -- 09:22:41 - <Config> - building signature grouping structure, stage 1: preprocessing rules... complete
3/2/2022 -- 09:22:41 - <Perf> - TCP toserver: 41 port groups, 35 unique SGH's, 6 copies
3/2/2022 -- 09:22:41 - <Perf> - TCP toclient: 21 port groups, 20 unique SGH's, 1 copies
3/2/2022 -- 09:22:41 - <Perf> - UDP toserver: 41 port groups, 36 unique SGH's, 5 copies
3/2/2022 -- 09:22:41 - <Perf> - UDP toclient: 21 port groups, 16 unique SGH's, 5 copies
3/2/2022 -- 09:22:41 - <Perf> - OTHER toserver: 254 proto groups, 3 unique SGH's, 251 copies
3/2/2022 -- 09:22:41 - <Perf> - OTHER toclient: 254 proto groups, 0 unique SGH's, 254 copies
3/2/2022 -- 09:23:01 - <Perf> - Unique rule groups: 110
3/2/2022 -- 09:23:01 - <Perf> - Builtin MPM "toserver TCP packet": 28
3/2/2022 -- 09:23:01 - <Perf> - Builtin MPM "toclient TCP packet": 19
3/2/2022 -- 09:23:01 - <Perf> - Builtin MPM "toserver TCP stream": 26
3/2/2022 -- 09:23:01 - <Perf> - Builtin MPM "toclient TCP stream": 20
3/2/2022 -- 09:23:01 - <Perf> - Builtin MPM "toserver UDP packet": 36
3/2/2022 -- 09:23:01 - <Perf> - Builtin MPM "toclient UDP packet": 15
3/2/2022 -- 09:23:01 - <Perf> - Builtin MPM "other IP packet": 2
3/2/2022 -- 09:23:01 - <Perf> - AppLayer MPM "toserver http_uri (http)": 10
3/2/2022 -- 09:23:01 - <Perf> - AppLayer MPM "toserver http_uri (http2)": 10
3/2/2022 -- 09:23:01 - <Perf> - AppLayer MPM "toserver http_raw_uri (http)": 1
3/2/2022 -- 09:23:01 - <Perf> - AppLayer MPM "toserver http_raw_uri (http2)": 1
3/2/2022 -- 09:23:01 - <Perf> - AppLayer MPM "toserver http_request_line (http)": 2
3/2/2022 -- 09:23:01 - <Perf> - AppLayer MPM "toserver http_client_body (http)": 5
3/2/2022 -- 09:23:01 - <Perf> - AppLayer MPM "toclient http_response_line (http)": 1
3/2/2022 -- 09:23:01 - <Perf> - AppLayer MPM "toserver http_header (http)": 6
3/2/2022 -- 09:23:01 - <Perf> - AppLayer MPM "toclient http_header (http)": 6
3/2/2022 -- 09:23:01 - <Perf> - AppLayer MPM "toserver http_header (http2)": 6
3/2/2022 -- 09:23:01 - <Perf> - AppLayer MPM "toclient http_header (http2)": 6
3/2/2022 -- 09:23:01 - <Perf> - AppLayer MPM "toserver http_header_names (http)": 3
3/2/2022 -- 09:23:01 - <Perf> - AppLayer MPM "toclient http_header_names (http)": 3
3/2/2022 -- 09:23:01 - <Perf> - AppLayer MPM "toserver http_header_names (http2)": 3
3/2/2022 -- 09:23:01 - <Perf> - AppLayer MPM "toclient http_header_names (http2)": 3
3/2/2022 -- 09:23:01 - <Perf> - AppLayer MPM "toserver http_accept (http)": 2
3/2/2022 -- 09:23:01 - <Perf> - AppLayer MPM "toserver http_accept (http2)": 2
3/2/2022 -- 09:23:01 - <Perf> - AppLayer MPM "toserver http_referer (http)": 1
3/2/2022 -- 09:23:01 - <Perf> - AppLayer MPM "toserver http_referer (http2)": 1
3/2/2022 -- 09:23:01 - <Perf> - AppLayer MPM "toserver http_connection (http)": 1
3/2/2022 -- 09:23:01 - <Perf> - AppLayer MPM "toserver http_connection (http2)": 1
3/2/2022 -- 09:23:01 - <Perf> - AppLayer MPM "toserver http_content_len (http)": 1
3/2/2022 -- 09:23:01 - <Perf> - AppLayer MPM "toserver http_content_len (http2)": 1
3/2/2022 -- 09:23:01 - <Perf> - AppLayer MPM "toclient http_content_len (http)": 1
3/2/2022 -- 09:23:01 - <Perf> - AppLayer MPM "toclient http_content_len (http2)": 1
3/2/2022 -- 09:23:01 - <Perf> - AppLayer MPM "toserver http_content_type (http)": 2
3/2/2022 -- 09:23:01 - <Perf> - AppLayer MPM "toserver http_content_type (http2)": 2
3/2/2022 -- 09:23:01 - <Perf> - AppLayer MPM "toclient http_content_type (http)": 2
3/2/2022 -- 09:23:01 - <Perf> - AppLayer MPM "toclient http_content_type (http2)": 2
3/2/2022 -- 09:23:01 - <Perf> - AppLayer MPM "toclient http.server (http)": 2
3/2/2022 -- 09:23:01 - <Perf> - AppLayer MPM "toclient http.server (http2)": 2
3/2/2022 -- 09:23:01 - <Perf> - AppLayer MPM "toclient http.location (http)": 1
3/2/2022 -- 09:23:01 - <Perf> - AppLayer MPM "toclient http.location (http2)": 1
3/2/2022 -- 09:23:01 - <Perf> - AppLayer MPM "toserver http_protocol (http)": 1
3/2/2022 -- 09:23:01 - <Perf> - AppLayer MPM "toclient http_protocol (http)": 1
3/2/2022 -- 09:23:01 - <Perf> - AppLayer MPM "toserver http_start (http)": 4
3/2/2022 -- 09:23:01 - <Perf> - AppLayer MPM "toclient http_start (http)": 4
3/2/2022 -- 09:23:01 - <Perf> - AppLayer MPM "toserver http_raw_header (http)": 2
3/2/2022 -- 09:23:01 - <Perf> - AppLayer MPM "toclient http_raw_header (http)": 2
3/2/2022 -- 09:23:01 - <Perf> - AppLayer MPM "toserver http_raw_header (http2)": 2
3/2/2022 -- 09:23:01 - <Perf> - AppLayer MPM "toclient http_raw_header (http2)": 2
3/2/2022 -- 09:23:01 - <Perf> - AppLayer MPM "toserver http_method (http)": 2
3/2/2022 -- 09:23:01 - <Perf> - AppLayer MPM "toserver http_method (http2)": 2
3/2/2022 -- 09:23:01 - <Perf> - AppLayer MPM "toserver http_cookie (http)": 2
3/2/2022 -- 09:23:01 - <Perf> - AppLayer MPM "toclient http_cookie (http)": 2
3/2/2022 -- 09:23:01 - <Perf> - AppLayer MPM "toserver http_cookie (http2)": 2
3/2/2022 -- 09:23:01 - <Perf> - AppLayer MPM "toclient http_cookie (http2)": 2
3/2/2022 -- 09:23:01 - <Perf> - AppLayer MPM "toserver http_user_agent (http)": 6
3/2/2022 -- 09:23:01 - <Perf> - AppLayer MPM "toserver http_user_agent (http2)": 6
3/2/2022 -- 09:23:01 - <Perf> - AppLayer MPM "toserver http_host (http)": 2
3/2/2022 -- 09:23:01 - <Perf> - AppLayer MPM "toserver http_host (http2)": 2
3/2/2022 -- 09:23:01 - <Perf> - AppLayer MPM "toclient http_stat_code (http)": 1
3/2/2022 -- 09:23:01 - <Perf> - AppLayer MPM "toclient http_stat_code (http2)": 1
3/2/2022 -- 09:23:01 - <Perf> - AppLayer MPM "toserver dns_query (dns)": 4
3/2/2022 -- 09:23:01 - <Perf> - AppLayer MPM "toserver tls.sni (tls)": 2
3/2/2022 -- 09:23:01 - <Perf> - AppLayer MPM "toserver tls.sni (tls)": 1
3/2/2022 -- 09:23:01 - <Perf> - AppLayer MPM "toclient tls.cert_issuer (tls)": 2
3/2/2022 -- 09:23:01 - <Perf> - AppLayer MPM "toclient tls.cert_subject (tls)": 2
3/2/2022 -- 09:23:01 - <Perf> - AppLayer MPM "toclient tls.cert_serial (tls)": 1
3/2/2022 -- 09:23:01 - <Perf> - AppLayer MPM "toserver ja3.hash (tls)": 1
3/2/2022 -- 09:23:01 - <Perf> - AppLayer MPM "toclient ja3s.hash (tls)": 1
3/2/2022 -- 09:23:01 - <Perf> - AppLayer MPM "toserver ssh.proto (ssh)": 1
3/2/2022 -- 09:23:01 - <Perf> - AppLayer MPM "toclient ssh.proto (ssh)": 1
3/2/2022 -- 09:23:01 - <Perf> - AppLayer MPM "toserver file_data (smtp)": 6
3/2/2022 -- 09:23:01 - <Perf> - AppLayer MPM "toclient file_data (http)": 6
3/2/2022 -- 09:23:01 - <Perf> - AppLayer MPM "toserver file_data (smb)": 6
3/2/2022 -- 09:23:01 - <Perf> - AppLayer MPM "toclient file_data (smb)": 6
3/2/2022 -- 09:23:01 - <Perf> - AppLayer MPM "toserver file_data (http2)": 6
3/2/2022 -- 09:23:01 - <Perf> - AppLayer MPM "toclient file_data (http2)": 6
3/2/2022 -- 09:23:14 - <Config> - Using flow cluster mode for AF_PACKET (iface ens3)
3/2/2022 -- 09:23:14 - <Config> - Using defrag kernel functionality for AF_PACKET (iface ens3)
3/2/2022 -- 09:23:14 - <Perf> - 2 cores, so using 2 threads
3/2/2022 -- 09:23:14 - <Perf> - Using 2 AF_PACKET threads for interface ens3
3/2/2022 -- 09:23:14 - <Perf> - ens3: disabling gro offloading
3/2/2022 -- 09:23:14 - <Perf> - ens3: disabling tso offloading
3/2/2022 -- 09:23:14 - <Perf> - ens3: disabling gso offloading
3/2/2022 -- 09:23:14 - <Perf> - ens3: disabling sg offloading
3/2/2022 -- 09:23:14 - <Config> - ens3: enabling zero copy mode by using data release call
3/2/2022 -- 09:23:14 - <Info> - Going to use 2 thread(s)
3/2/2022 -- 09:23:14 - <Info> - Initializing PCAP ring buffer for /var/log/suricata/log.pcap.
3/2/2022 -- 09:23:14 - <Notice> - Ring buffer initialized with 0 files.
3/2/2022 -- 09:23:14 - <Config> - using 1 flow manager threads
3/2/2022 -- 09:23:14 - <Config> - using 1 flow recycler threads
3/2/2022 -- 09:23:14 - <Info> - Using unix socket file '/var/run/suricata-command.socket'
3/2/2022 -- 09:23:14 - <Notice> - all 2 packet processing threads, 4 management threads initialized, engine started.
3/2/2022 -- 09:23:14 - <Perf> - AF_PACKET RX Ring params: block_size=32768 block_nr=49 frame_size=1552 frame_nr=1029
3/2/2022 -- 09:23:14 - <Perf> - AF_PACKET RX Ring params: block_size=32768 block_nr=49 frame_size=1552 frame_nr=1029
3/2/2022 -- 09:23:14 - <Info> - All AFP capture threads are running.
9/2/2022 -- 07:40:31 - <Notice> - Signal Received.  Stopping engine.
9/2/2022 -- 07:40:31 - <Perf> - 0 new flows, 0 established flows were timed out, 0 flows in closed state
9/2/2022 -- 07:40:31 - <Info> - time elapsed 512237.875s
9/2/2022 -- 07:40:31 - <Perf> - 76103 flows processed
9/2/2022 -- 07:40:32 - <Perf> - (W#01-ens3) Kernel: Packets 3869352, dropped 0
9/2/2022 -- 07:40:32 - <Perf> - (W#02-ens3) Kernel: Packets 5055427, dropped 0
9/2/2022 -- 07:40:32 - <Info> - Alerts: 35181
9/2/2022 -- 07:40:32 - <Perf> - ippair memory usage: 414144 bytes, maximum: 16777216
9/2/2022 -- 07:40:32 - <Perf> - host memory usage: 398144 bytes, maximum: 33554432
9/2/2022 -- 07:40:32 - <Info> - cleaning up signature grouping structure... complete
9/2/2022 -- 07:40:32 - <Notice> - Stats for 'ens3':  pkts: 8924779, drop: 0 (0.00%), invalid chksum: 0
9/2/2022 -- 07:40:32 - <Perf> - ens3: restoring gro offloading
9/2/2022 -- 07:40:32 - <Perf> - ens3: restoring tso offloading
9/2/2022 -- 07:40:32 - <Perf> - ens3: restoring gso offloading
9/2/2022 -- 07:40:32 - <Perf> - ens3: restoring sg offloading
9/2/2022 -- 07:40:32 - <Perf> - Cleaning up Hyperscan global scratch
9/2/2022 -- 07:40:32 - <Perf> - Clearing Hyperscan database cache
