type=USER_ACCT msg=audit(1643933821.371:177): pid=29427 uid=0 auid=4294967295 ses=4294967295 msg='op=PAM:accounting acct="root" exe="/usr/sbin/cron" hostname=? addr=? terminal=cron res=success'
type=CRED_ACQ msg=audit(1643933821.375:178): pid=29427 uid=0 auid=4294967295 ses=4294967295 msg='op=PAM:setcred acct="root" exe="/usr/sbin/cron" hostname=? addr=? terminal=cron res=success'
type=LOGIN msg=audit(1643933821.375:179): pid=29427 uid=0 old-auid=4294967295 auid=0 tty=(none) old-ses=4294967295 ses=33 res=1
type=USER_START msg=audit(1643933821.375:180): pid=29427 uid=0 auid=0 ses=33 msg='op=PAM:session_open acct="root" exe="/usr/sbin/cron" hostname=? addr=? terminal=cron res=success'
type=CRED_DISP msg=audit(1643933821.383:181): pid=29427 uid=0 auid=0 ses=33 msg='op=PAM:setcred acct="root" exe="/usr/sbin/cron" hostname=? addr=? terminal=cron res=success'
type=USER_END msg=audit(1643933821.383:182): pid=29427 uid=0 auid=0 ses=33 msg='op=PAM:session_close acct="root" exe="/usr/sbin/cron" hostname=? addr=? terminal=cron res=success'
type=USER_ACCT msg=audit(1643937421.424:183): pid=29437 uid=0 auid=4294967295 ses=4294967295 msg='op=PAM:accounting acct="root" exe="/usr/sbin/cron" hostname=? addr=? terminal=cron res=success'
type=CRED_ACQ msg=audit(1643937421.424:184): pid=29437 uid=0 auid=4294967295 ses=4294967295 msg='op=PAM:setcred acct="root" exe="/usr/sbin/cron" hostname=? addr=? terminal=cron res=success'
type=LOGIN msg=audit(1643937421.424:185): pid=29437 uid=0 old-auid=4294967295 auid=0 tty=(none) old-ses=4294967295 ses=34 res=1
type=USER_START msg=audit(1643937421.424:186): pid=29437 uid=0 auid=0 ses=34 msg='op=PAM:session_open acct="root" exe="/usr/sbin/cron" hostname=? addr=? terminal=cron res=success'
type=CRED_DISP msg=audit(1643937421.428:187): pid=29437 uid=0 auid=0 ses=34 msg='op=PAM:setcred acct="root" exe="/usr/sbin/cron" hostname=? addr=? terminal=cron res=success'
type=USER_END msg=audit(1643937421.428:188): pid=29437 uid=0 auid=0 ses=34 msg='op=PAM:session_close acct="root" exe="/usr/sbin/cron" hostname=? addr=? terminal=cron res=success'
type=USER_ACCT msg=audit(1643941021.466:189): pid=29448 uid=0 auid=4294967295 ses=4294967295 msg='op=PAM:accounting acct="root" exe="/usr/sbin/cron" hostname=? addr=? terminal=cron res=success'
type=CRED_ACQ msg=audit(1643941021.466:190): pid=29448 uid=0 auid=4294967295 ses=4294967295 msg='op=PAM:setcred acct="root" exe="/usr/sbin/cron" hostname=? addr=? terminal=cron res=success'
type=LOGIN msg=audit(1643941021.466:191): pid=29448 uid=0 old-auid=4294967295 auid=0 tty=(none) old-ses=4294967295 ses=35 res=1
type=USER_START msg=audit(1643941021.466:192): pid=29448 uid=0 auid=0 ses=35 msg='op=PAM:session_open acct="root" exe="/usr/sbin/cron" hostname=? addr=? terminal=cron res=success'
type=CRED_DISP msg=audit(1643941021.470:193): pid=29448 uid=0 auid=0 ses=35 msg='op=PAM:setcred acct="root" exe="/usr/sbin/cron" hostname=? addr=? terminal=cron res=success'
type=USER_END msg=audit(1643941021.474:194): pid=29448 uid=0 auid=0 ses=35 msg='op=PAM:session_close acct="root" exe="/usr/sbin/cron" hostname=? addr=? terminal=cron res=success'
type=USER_ACCT msg=audit(1643944621.511:195): pid=29463 uid=0 auid=4294967295 ses=4294967295 msg='op=PAM:accounting acct="root" exe="/usr/sbin/cron" hostname=? addr=? terminal=cron res=success'
type=CRED_ACQ msg=audit(1643944621.511:196): pid=29463 uid=0 auid=4294967295 ses=4294967295 msg='op=PAM:setcred acct="root" exe="/usr/sbin/cron" hostname=? addr=? terminal=cron res=success'
type=LOGIN msg=audit(1643944621.511:197): pid=29463 uid=0 old-auid=4294967295 auid=0 tty=(none) old-ses=4294967295 ses=36 res=1
type=USER_START msg=audit(1643944621.515:198): pid=29463 uid=0 auid=0 ses=36 msg='op=PAM:session_open acct="root" exe="/usr/sbin/cron" hostname=? addr=? terminal=cron res=success'
type=CRED_DISP msg=audit(1643944621.519:199): pid=29463 uid=0 auid=0 ses=36 msg='op=PAM:setcred acct="root" exe="/usr/sbin/cron" hostname=? addr=? terminal=cron res=success'
type=USER_END msg=audit(1643944621.519:200): pid=29463 uid=0 auid=0 ses=36 msg='op=PAM:session_close acct="root" exe="/usr/sbin/cron" hostname=? addr=? terminal=cron res=success'
type=SERVICE_START msg=audit(1643944791.344:201): pid=1 uid=0 auid=4294967295 ses=4294967295 msg='unit=ua-messaging comm="systemd" exe="/lib/systemd/systemd" hostname=? addr=? terminal=? res=success'
type=SERVICE_STOP msg=audit(1643944791.344:202): pid=1 uid=0 auid=4294967295 ses=4294967295 msg='unit=ua-messaging comm="systemd" exe="/lib/systemd/systemd" hostname=? addr=? terminal=? res=success'
type=USER_ACCT msg=audit(1643948221.556:203): pid=29514 uid=0 auid=4294967295 ses=4294967295 msg='op=PAM:accounting acct="root" exe="/usr/sbin/cron" hostname=? addr=? terminal=cron res=success'
type=CRED_ACQ msg=audit(1643948221.556:204): pid=29514 uid=0 auid=4294967295 ses=4294967295 msg='op=PAM:setcred acct="root" exe="/usr/sbin/cron" hostname=? addr=? terminal=cron res=success'
type=LOGIN msg=audit(1643948221.556:205): pid=29514 uid=0 old-auid=4294967295 auid=0 tty=(none) old-ses=4294967295 ses=37 res=1
type=USER_START msg=audit(1643948221.556:206): pid=29514 uid=0 auid=0 ses=37 msg='op=PAM:session_open acct="root" exe="/usr/sbin/cron" hostname=? addr=? terminal=cron res=success'
type=CRED_DISP msg=audit(1643948221.564:207): pid=29514 uid=0 auid=0 ses=37 msg='op=PAM:setcred acct="root" exe="/usr/sbin/cron" hostname=? addr=? terminal=cron res=success'
type=USER_END msg=audit(1643948221.564:208): pid=29514 uid=0 auid=0 ses=37 msg='op=PAM:session_close acct="root" exe="/usr/sbin/cron" hostname=? addr=? terminal=cron res=success'
type=USER_ACCT msg=audit(1643951821.602:209): pid=29522 uid=0 auid=4294967295 ses=4294967295 msg='op=PAM:accounting acct="root" exe="/usr/sbin/cron" hostname=? addr=? terminal=cron res=success'
type=CRED_ACQ msg=audit(1643951821.602:210): pid=29522 uid=0 auid=4294967295 ses=4294967295 msg='op=PAM:setcred acct="root" exe="/usr/sbin/cron" hostname=? addr=? terminal=cron res=success'
type=LOGIN msg=audit(1643951821.602:211): pid=29522 uid=0 old-auid=4294967295 auid=0 tty=(none) old-ses=4294967295 ses=38 res=1
type=USER_START msg=audit(1643951821.602:212): pid=29522 uid=0 auid=0 ses=38 msg='op=PAM:session_open acct="root" exe="/usr/sbin/cron" hostname=? addr=? terminal=cron res=success'
type=CRED_DISP msg=audit(1643951821.610:213): pid=29522 uid=0 auid=0 ses=38 msg='op=PAM:setcred acct="root" exe="/usr/sbin/cron" hostname=? addr=? terminal=cron res=success'
type=USER_END msg=audit(1643951821.610:214): pid=29522 uid=0 auid=0 ses=38 msg='op=PAM:session_close acct="root" exe="/usr/sbin/cron" hostname=? addr=? terminal=cron res=success'
type=SERVICE_START msg=audit(1643952560.795:215): pid=1 uid=0 auid=4294967295 ses=4294967295 msg='unit=motd-news comm="systemd" exe="/lib/systemd/systemd" hostname=? addr=? terminal=? res=success'
type=SERVICE_STOP msg=audit(1643952560.795:216): pid=1 uid=0 auid=4294967295 ses=4294967295 msg='unit=motd-news comm="systemd" exe="/lib/systemd/systemd" hostname=? addr=? terminal=? res=success'
type=USER_ACCT msg=audit(1643955421.651:217): pid=29596 uid=0 auid=4294967295 ses=4294967295 msg='op=PAM:accounting acct="root" exe="/usr/sbin/cron" hostname=? addr=? terminal=cron res=success'
type=CRED_ACQ msg=audit(1643955421.651:218): pid=29596 uid=0 auid=4294967295 ses=4294967295 msg='op=PAM:setcred acct="root" exe="/usr/sbin/cron" hostname=? addr=? terminal=cron res=success'
type=LOGIN msg=audit(1643955421.651:219): pid=29596 uid=0 old-auid=4294967295 auid=0 tty=(none) old-ses=4294967295 ses=39 res=1
type=USER_START msg=audit(1643955421.651:220): pid=29596 uid=0 auid=0 ses=39 msg='op=PAM:session_open acct="root" exe="/usr/sbin/cron" hostname=? addr=? terminal=cron res=success'
type=CRED_DISP msg=audit(1643955421.663:221): pid=29596 uid=0 auid=0 ses=39 msg='op=PAM:setcred acct="root" exe="/usr/sbin/cron" hostname=? addr=? terminal=cron res=success'
type=USER_END msg=audit(1643955421.663:222): pid=29596 uid=0 auid=0 ses=39 msg='op=PAM:session_close acct="root" exe="/usr/sbin/cron" hostname=? addr=? terminal=cron res=success'
type=USER_ACCT msg=audit(1643955901.680:223): pid=29602 uid=0 auid=4294967295 ses=4294967295 msg='op=PAM:accounting acct="root" exe="/usr/sbin/cron" hostname=? addr=? terminal=cron res=success'
type=CRED_ACQ msg=audit(1643955901.680:224): pid=29602 uid=0 auid=4294967295 ses=4294967295 msg='op=PAM:setcred acct="root" exe="/usr/sbin/cron" hostname=? addr=? terminal=cron res=success'
type=LOGIN msg=audit(1643955901.680:225): pid=29602 uid=0 old-auid=4294967295 auid=0 tty=(none) old-ses=4294967295 ses=40 res=1
type=USER_START msg=audit(1643955901.684:226): pid=29602 uid=0 auid=0 ses=40 msg='op=PAM:session_open acct="root" exe="/usr/sbin/cron" hostname=? addr=? terminal=cron res=success'
type=CRED_DISP msg=audit(1643956018.782:227): pid=29602 uid=0 auid=0 ses=40 msg='op=PAM:setcred acct="root" exe="/usr/sbin/cron" hostname=? addr=? terminal=cron res=success'
type=USER_END msg=audit(1643956018.782:228): pid=29602 uid=0 auid=0 ses=40 msg='op=PAM:session_close acct="root" exe="/usr/sbin/cron" hostname=? addr=? terminal=cron res=success'
type=SERVICE_START msg=audit(1643956232.819:229): pid=1 uid=0 auid=4294967295 ses=4294967295 msg='unit=apt-daily comm="systemd" exe="/lib/systemd/systemd" hostname=? addr=? terminal=? res=success'
type=SERVICE_STOP msg=audit(1643956232.819:230): pid=1 uid=0 auid=4294967295 ses=4294967295 msg='unit=apt-daily comm="systemd" exe="/lib/systemd/systemd" hostname=? addr=? terminal=? res=success'
type=SERVICE_START msg=audit(1643958108.126:231): pid=1 uid=0 auid=4294967295 ses=4294967295 msg='unit=apport comm="systemd" exe="/lib/systemd/systemd" hostname=? addr=? terminal=? res=success'
type=SERVICE_STOP msg=audit(1643958108.126:232): pid=1 uid=0 auid=4294967295 ses=4294967295 msg='unit=apport comm="systemd" exe="/lib/systemd/systemd" hostname=? addr=? terminal=? res=success'
type=SERVICE_START msg=audit(1643958110.646:233): pid=1 uid=0 auid=4294967295 ses=4294967295 msg='unit=apport comm="systemd" exe="/lib/systemd/systemd" hostname=? addr=? terminal=? res=success'
type=SERVICE_START msg=audit(1643958142.966:234): pid=1 uid=0 auid=4294967295 ses=4294967295 msg='unit=ssh comm="systemd" exe="/lib/systemd/systemd" hostname=? addr=? terminal=? res=success'
type=SERVICE_STOP msg=audit(1643958142.966:235): pid=1 uid=0 auid=4294967295 ses=4294967295 msg='unit=ssh comm="systemd" exe="/lib/systemd/systemd" hostname=? addr=? terminal=? res=success'
type=SERVICE_START msg=audit(1643958143.006:236): pid=1 uid=0 auid=4294967295 ses=4294967295 msg='unit=ssh comm="systemd" exe="/lib/systemd/systemd" hostname=? addr=? terminal=? res=success'
type=SERVICE_START msg=audit(1643958150.866:237): pid=1 uid=0 auid=4294967295 ses=4294967295 msg='unit=polkit comm="systemd" exe="/lib/systemd/systemd" hostname=? addr=? terminal=? res=success'
type=SERVICE_STOP msg=audit(1643958150.866:238): pid=1 uid=0 auid=4294967295 ses=4294967295 msg='unit=polkit comm="systemd" exe="/lib/systemd/systemd" hostname=? addr=? terminal=? res=success'
type=SERVICE_START msg=audit(1643958150.890:239): pid=1 uid=0 auid=4294967295 ses=4294967295 msg='unit=polkit comm="systemd" exe="/lib/systemd/systemd" hostname=? addr=? terminal=? res=success'
type=SERVICE_START msg=audit(1643958151.186:240): pid=1 uid=0 auid=4294967295 ses=4294967295 msg='unit=polkit comm="systemd" exe="/lib/systemd/systemd" hostname=? addr=? terminal=? res=success'
type=SERVICE_STOP msg=audit(1643958151.186:241): pid=1 uid=0 auid=4294967295 ses=4294967295 msg='unit=polkit comm="systemd" exe="/lib/systemd/systemd" hostname=? addr=? terminal=? res=success'
type=SERVICE_START msg=audit(1643958151.206:242): pid=1 uid=0 auid=4294967295 ses=4294967295 msg='unit=polkit comm="systemd" exe="/lib/systemd/systemd" hostname=? addr=? terminal=? res=success'
type=SERVICE_START msg=audit(1643958209.049:243): pid=1 uid=0 auid=4294967295 ses=4294967295 msg='unit=apt-daily-upgrade comm="systemd" exe="/lib/systemd/systemd" hostname=? addr=? terminal=? res=success'
type=SERVICE_STOP msg=audit(1643958209.049:244): pid=1 uid=0 auid=4294967295 ses=4294967295 msg='unit=apt-daily-upgrade comm="systemd" exe="/lib/systemd/systemd" hostname=? addr=? terminal=? res=success'
type=SERVICE_START msg=audit(1643958651.090:245): pid=1 uid=0 auid=4294967295 ses=4294967295 msg='unit=systemd-tmpfiles-clean comm="systemd" exe="/lib/systemd/systemd" hostname=? addr=? terminal=? res=success'
type=SERVICE_STOP msg=audit(1643958651.090:246): pid=1 uid=0 auid=4294967295 ses=4294967295 msg='unit=systemd-tmpfiles-clean comm="systemd" exe="/lib/systemd/systemd" hostname=? addr=? terminal=? res=success'
type=USER_ACCT msg=audit(1643959021.824:247): pid=26351 uid=0 auid=4294967295 ses=4294967295 msg='op=PAM:accounting acct="root" exe="/usr/sbin/cron" hostname=? addr=? terminal=cron res=success'
type=CRED_ACQ msg=audit(1643959021.824:248): pid=26351 uid=0 auid=4294967295 ses=4294967295 msg='op=PAM:setcred acct="root" exe="/usr/sbin/cron" hostname=? addr=? terminal=cron res=success'
type=LOGIN msg=audit(1643959021.824:249): pid=26351 uid=0 old-auid=4294967295 auid=0 tty=(none) old-ses=4294967295 ses=41 res=1
type=USER_START msg=audit(1643959021.876:250): pid=26351 uid=0 auid=0 ses=41 msg='op=PAM:session_open acct="root" exe="/usr/sbin/cron" hostname=? addr=? terminal=cron res=success'
type=CRED_DISP msg=audit(1643959021.956:251): pid=26351 uid=0 auid=0 ses=41 msg='op=PAM:setcred acct="root" exe="/usr/sbin/cron" hostname=? addr=? terminal=cron res=success'
type=USER_END msg=audit(1643959021.956:252): pid=26351 uid=0 auid=0 ses=41 msg='op=PAM:session_close acct="root" exe="/usr/sbin/cron" hostname=? addr=? terminal=cron res=success'
type=USER_ACCT msg=audit(1643962622.022:253): pid=26364 uid=0 auid=4294967295 ses=4294967295 msg='op=PAM:accounting acct="root" exe="/usr/sbin/cron" hostname=? addr=? terminal=cron res=success'
type=CRED_ACQ msg=audit(1643962622.022:254): pid=26364 uid=0 auid=4294967295 ses=4294967295 msg='op=PAM:setcred acct="root" exe="/usr/sbin/cron" hostname=? addr=? terminal=cron res=success'
type=LOGIN msg=audit(1643962622.022:255): pid=26364 uid=0 old-auid=4294967295 auid=0 tty=(none) old-ses=4294967295 ses=42 res=1
type=USER_START msg=audit(1643962622.026:256): pid=26364 uid=0 auid=0 ses=42 msg='op=PAM:session_open acct="root" exe="/usr/sbin/cron" hostname=? addr=? terminal=cron res=success'
type=CRED_DISP msg=audit(1643962622.102:257): pid=26364 uid=0 auid=0 ses=42 msg='op=PAM:setcred acct="root" exe="/usr/sbin/cron" hostname=? addr=? terminal=cron res=success'
type=USER_END msg=audit(1643962622.102:258): pid=26364 uid=0 auid=0 ses=42 msg='op=PAM:session_close acct="root" exe="/usr/sbin/cron" hostname=? addr=? terminal=cron res=success'
type=USER_ACCT msg=audit(1643966221.148:259): pid=26378 uid=0 auid=4294967295 ses=4294967295 msg='op=PAM:accounting acct="root" exe="/usr/sbin/cron" hostname=? addr=? terminal=cron res=success'
type=CRED_ACQ msg=audit(1643966221.148:260): pid=26378 uid=0 auid=4294967295 ses=4294967295 msg='op=PAM:setcred acct="root" exe="/usr/sbin/cron" hostname=? addr=? terminal=cron res=success'
type=LOGIN msg=audit(1643966221.148:261): pid=26378 uid=0 old-auid=4294967295 auid=0 tty=(none) old-ses=4294967295 ses=43 res=1
type=USER_START msg=audit(1643966221.148:262): pid=26378 uid=0 auid=0 ses=43 msg='op=PAM:session_open acct="root" exe="/usr/sbin/cron" hostname=? addr=? terminal=cron res=success'
type=CRED_DISP msg=audit(1643966221.160:263): pid=26378 uid=0 auid=0 ses=43 msg='op=PAM:setcred acct="root" exe="/usr/sbin/cron" hostname=? addr=? terminal=cron res=success'
type=USER_END msg=audit(1643966221.160:264): pid=26378 uid=0 auid=0 ses=43 msg='op=PAM:session_close acct="root" exe="/usr/sbin/cron" hostname=? addr=? terminal=cron res=success'
type=USER_ACCT msg=audit(1643969821.198:265): pid=26391 uid=0 auid=4294967295 ses=4294967295 msg='op=PAM:accounting acct="root" exe="/usr/sbin/cron" hostname=? addr=? terminal=cron res=success'
type=CRED_ACQ msg=audit(1643969821.198:266): pid=26391 uid=0 auid=4294967295 ses=4294967295 msg='op=PAM:setcred acct="root" exe="/usr/sbin/cron" hostname=? addr=? terminal=cron res=success'
type=LOGIN msg=audit(1643969821.198:267): pid=26391 uid=0 old-auid=4294967295 auid=0 tty=(none) old-ses=4294967295 ses=44 res=1
type=USER_START msg=audit(1643969821.198:268): pid=26391 uid=0 auid=0 ses=44 msg='op=PAM:session_open acct="root" exe="/usr/sbin/cron" hostname=? addr=? terminal=cron res=success'
type=CRED_DISP msg=audit(1643969821.214:269): pid=26391 uid=0 auid=0 ses=44 msg='op=PAM:setcred acct="root" exe="/usr/sbin/cron" hostname=? addr=? terminal=cron res=success'
type=USER_END msg=audit(1643969821.214:270): pid=26391 uid=0 auid=0 ses=44 msg='op=PAM:session_close acct="root" exe="/usr/sbin/cron" hostname=? addr=? terminal=cron res=success'
type=USER_ACCT msg=audit(1643973421.247:271): pid=26406 uid=0 auid=4294967295 ses=4294967295 msg='op=PAM:accounting acct="root" exe="/usr/sbin/cron" hostname=? addr=? terminal=cron res=success'
type=CRED_ACQ msg=audit(1643973421.247:272): pid=26406 uid=0 auid=4294967295 ses=4294967295 msg='op=PAM:setcred acct="root" exe="/usr/sbin/cron" hostname=? addr=? terminal=cron res=success'
type=LOGIN msg=audit(1643973421.247:273): pid=26406 uid=0 old-auid=4294967295 auid=0 tty=(none) old-ses=4294967295 ses=45 res=1
type=USER_START msg=audit(1643973421.247:274): pid=26406 uid=0 auid=0 ses=45 msg='op=PAM:session_open acct="root" exe="/usr/sbin/cron" hostname=? addr=? terminal=cron res=success'
type=CRED_DISP msg=audit(1643973421.291:275): pid=26406 uid=0 auid=0 ses=45 msg='op=PAM:setcred acct="root" exe="/usr/sbin/cron" hostname=? addr=? terminal=cron res=success'
type=USER_END msg=audit(1643973421.291:276): pid=26406 uid=0 auid=0 ses=45 msg='op=PAM:session_close acct="root" exe="/usr/sbin/cron" hostname=? addr=? terminal=cron res=success'
type=USER_ACCT msg=audit(1643977021.332:277): pid=26425 uid=0 auid=4294967295 ses=4294967295 msg='op=PAM:accounting acct="root" exe="/usr/sbin/cron" hostname=? addr=? terminal=cron res=success'
type=CRED_ACQ msg=audit(1643977021.332:278): pid=26425 uid=0 auid=4294967295 ses=4294967295 msg='op=PAM:setcred acct="root" exe="/usr/sbin/cron" hostname=? addr=? terminal=cron res=success'
type=LOGIN msg=audit(1643977021.332:279): pid=26425 uid=0 old-auid=4294967295 auid=0 tty=(none) old-ses=4294967295 ses=46 res=1
type=USER_START msg=audit(1643977021.332:280): pid=26425 uid=0 auid=0 ses=46 msg='op=PAM:session_open acct="root" exe="/usr/sbin/cron" hostname=? addr=? terminal=cron res=success'
type=CRED_DISP msg=audit(1643977021.336:281): pid=26425 uid=0 auid=0 ses=46 msg='op=PAM:setcred acct="root" exe="/usr/sbin/cron" hostname=? addr=? terminal=cron res=success'
type=USER_END msg=audit(1643977021.336:282): pid=26425 uid=0 auid=0 ses=46 msg='op=PAM:session_close acct="root" exe="/usr/sbin/cron" hostname=? addr=? terminal=cron res=success'
type=USER_ACCT msg=audit(1643980621.370:283): pid=26443 uid=0 auid=4294967295 ses=4294967295 msg='op=PAM:accounting acct="root" exe="/usr/sbin/cron" hostname=? addr=? terminal=cron res=success'
type=CRED_ACQ msg=audit(1643980621.370:284): pid=26443 uid=0 auid=4294967295 ses=4294967295 msg='op=PAM:setcred acct="root" exe="/usr/sbin/cron" hostname=? addr=? terminal=cron res=success'
type=LOGIN msg=audit(1643980621.370:285): pid=26443 uid=0 old-auid=4294967295 auid=0 tty=(none) old-ses=4294967295 ses=47 res=1
type=USER_START msg=audit(1643980621.374:286): pid=26443 uid=0 auid=0 ses=47 msg='op=PAM:session_open acct="root" exe="/usr/sbin/cron" hostname=? addr=? terminal=cron res=success'
type=CRED_DISP msg=audit(1643980621.378:287): pid=26443 uid=0 auid=0 ses=47 msg='op=PAM:setcred acct="root" exe="/usr/sbin/cron" hostname=? addr=? terminal=cron res=success'
type=USER_END msg=audit(1643980621.378:288): pid=26443 uid=0 auid=0 ses=47 msg='op=PAM:session_close acct="root" exe="/usr/sbin/cron" hostname=? addr=? terminal=cron res=success'
type=USER_ACCT msg=audit(1643984221.416:289): pid=26457 uid=0 auid=4294967295 ses=4294967295 msg='op=PAM:accounting acct="root" exe="/usr/sbin/cron" hostname=? addr=? terminal=cron res=success'
type=CRED_ACQ msg=audit(1643984221.420:290): pid=26457 uid=0 auid=4294967295 ses=4294967295 msg='op=PAM:setcred acct="root" exe="/usr/sbin/cron" hostname=? addr=? terminal=cron res=success'
type=LOGIN msg=audit(1643984221.420:291): pid=26457 uid=0 old-auid=4294967295 auid=0 tty=(none) old-ses=4294967295 ses=48 res=1
type=USER_START msg=audit(1643984221.420:292): pid=26457 uid=0 auid=0 ses=48 msg='op=PAM:session_open acct="root" exe="/usr/sbin/cron" hostname=? addr=? terminal=cron res=success'
type=CRED_DISP msg=audit(1643984221.424:293): pid=26457 uid=0 auid=0 ses=48 msg='op=PAM:setcred acct="root" exe="/usr/sbin/cron" hostname=? addr=? terminal=cron res=success'
type=USER_END msg=audit(1643984221.424:294): pid=26457 uid=0 auid=0 ses=48 msg='op=PAM:session_close acct="root" exe="/usr/sbin/cron" hostname=? addr=? terminal=cron res=success'
type=USER_ACCT msg=audit(1643987281.461:295): pid=26468 uid=0 auid=4294967295 ses=4294967295 msg='op=PAM:accounting acct="root" exe="/usr/sbin/cron" hostname=? addr=? terminal=cron res=success'
type=CRED_ACQ msg=audit(1643987281.461:296): pid=26468 uid=0 auid=4294967295 ses=4294967295 msg='op=PAM:setcred acct="root" exe="/usr/sbin/cron" hostname=? addr=? terminal=cron res=success'
type=LOGIN msg=audit(1643987281.461:297): pid=26468 uid=0 old-auid=4294967295 auid=0 tty=(none) old-ses=4294967295 ses=49 res=1
type=USER_START msg=audit(1643987281.461:298): pid=26468 uid=0 auid=0 ses=49 msg='op=PAM:session_open acct="root" exe="/usr/sbin/cron" hostname=? addr=? terminal=cron res=success'
type=CRED_DISP msg=audit(1643987281.493:299): pid=26468 uid=0 auid=0 ses=49 msg='op=PAM:setcred acct="root" exe="/usr/sbin/cron" hostname=? addr=? terminal=cron res=success'
type=USER_END msg=audit(1643987281.493:300): pid=26468 uid=0 auid=0 ses=49 msg='op=PAM:session_close acct="root" exe="/usr/sbin/cron" hostname=? addr=? terminal=cron res=success'
type=USER_ACCT msg=audit(1643987821.505:301): pid=26474 uid=0 auid=4294967295 ses=4294967295 msg='op=PAM:accounting acct="root" exe="/usr/sbin/cron" hostname=? addr=? terminal=cron res=success'
type=CRED_ACQ msg=audit(1643987821.505:302): pid=26474 uid=0 auid=4294967295 ses=4294967295 msg='op=PAM:setcred acct="root" exe="/usr/sbin/cron" hostname=? addr=? terminal=cron res=success'
type=LOGIN msg=audit(1643987821.505:303): pid=26474 uid=0 old-auid=4294967295 auid=0 tty=(none) old-ses=4294967295 ses=50 res=1
type=USER_START msg=audit(1643987821.505:304): pid=26474 uid=0 auid=0 ses=50 msg='op=PAM:session_open acct="root" exe="/usr/sbin/cron" hostname=? addr=? terminal=cron res=success'
type=CRED_DISP msg=audit(1643987821.513:305): pid=26474 uid=0 auid=0 ses=50 msg='op=PAM:setcred acct="root" exe="/usr/sbin/cron" hostname=? addr=? terminal=cron res=success'
type=USER_END msg=audit(1643987821.513:306): pid=26474 uid=0 auid=0 ses=50 msg='op=PAM:session_close acct="root" exe="/usr/sbin/cron" hostname=? addr=? terminal=cron res=success'
type=SERVICE_START msg=audit(1643989731.521:307): pid=1 uid=0 auid=4294967295 ses=4294967295 msg='unit=ua-messaging comm="systemd" exe="/lib/systemd/systemd" hostname=? addr=? terminal=? res=success'
type=SERVICE_STOP msg=audit(1643989731.521:308): pid=1 uid=0 auid=4294967295 ses=4294967295 msg='unit=ua-messaging comm="systemd" exe="/lib/systemd/systemd" hostname=? addr=? terminal=? res=success'
type=USER_ACCT msg=audit(1643991421.548:309): pid=26524 uid=0 auid=4294967295 ses=4294967295 msg='op=PAM:accounting acct="root" exe="/usr/sbin/cron" hostname=? addr=? terminal=cron res=success'
type=CRED_ACQ msg=audit(1643991421.548:310): pid=26524 uid=0 auid=4294967295 ses=4294967295 msg='op=PAM:setcred acct="root" exe="/usr/sbin/cron" hostname=? addr=? terminal=cron res=success'
type=LOGIN msg=audit(1643991421.548:311): pid=26524 uid=0 old-auid=4294967295 auid=0 tty=(none) old-ses=4294967295 ses=51 res=1
type=USER_START msg=audit(1643991421.548:312): pid=26524 uid=0 auid=0 ses=51 msg='op=PAM:session_open acct="root" exe="/usr/sbin/cron" hostname=? addr=? terminal=cron res=success'
type=CRED_DISP msg=audit(1643991421.560:313): pid=26524 uid=0 auid=0 ses=51 msg='op=PAM:setcred acct="root" exe="/usr/sbin/cron" hostname=? addr=? terminal=cron res=success'
type=USER_END msg=audit(1643991421.560:314): pid=26524 uid=0 auid=0 ses=51 msg='op=PAM:session_close acct="root" exe="/usr/sbin/cron" hostname=? addr=? terminal=cron res=success'
type=USER_ACCT msg=audit(1643995021.597:315): pid=26544 uid=0 auid=4294967295 ses=4294967295 msg='op=PAM:accounting acct="root" exe="/usr/sbin/cron" hostname=? addr=? terminal=cron res=success'
type=CRED_ACQ msg=audit(1643995021.597:316): pid=26544 uid=0 auid=4294967295 ses=4294967295 msg='op=PAM:setcred acct="root" exe="/usr/sbin/cron" hostname=? addr=? terminal=cron res=success'
type=LOGIN msg=audit(1643995021.597:317): pid=26544 uid=0 old-auid=4294967295 auid=0 tty=(none) old-ses=4294967295 ses=52 res=1
type=USER_START msg=audit(1643995021.597:318): pid=26544 uid=0 auid=0 ses=52 msg='op=PAM:session_open acct="root" exe="/usr/sbin/cron" hostname=? addr=? terminal=cron res=success'
type=CRED_DISP msg=audit(1643995021.605:319): pid=26544 uid=0 auid=0 ses=52 msg='op=PAM:setcred acct="root" exe="/usr/sbin/cron" hostname=? addr=? terminal=cron res=success'
type=USER_END msg=audit(1643995021.605:320): pid=26544 uid=0 auid=0 ses=52 msg='op=PAM:session_close acct="root" exe="/usr/sbin/cron" hostname=? addr=? terminal=cron res=success'
type=USER_ACCT msg=audit(1643998621.639:321): pid=26566 uid=0 auid=4294967295 ses=4294967295 msg='op=PAM:accounting acct="root" exe="/usr/sbin/cron" hostname=? addr=? terminal=cron res=success'
type=CRED_ACQ msg=audit(1643998621.639:322): pid=26566 uid=0 auid=4294967295 ses=4294967295 msg='op=PAM:setcred acct="root" exe="/usr/sbin/cron" hostname=? addr=? terminal=cron res=success'
type=LOGIN msg=audit(1643998621.639:323): pid=26566 uid=0 old-auid=4294967295 auid=0 tty=(none) old-ses=4294967295 ses=53 res=1
type=USER_START msg=audit(1643998621.639:324): pid=26566 uid=0 auid=0 ses=53 msg='op=PAM:session_open acct="root" exe="/usr/sbin/cron" hostname=? addr=? terminal=cron res=success'
type=CRED_DISP msg=audit(1643998621.643:325): pid=26566 uid=0 auid=0 ses=53 msg='op=PAM:setcred acct="root" exe="/usr/sbin/cron" hostname=? addr=? terminal=cron res=success'
type=USER_END msg=audit(1643998621.647:326): pid=26566 uid=0 auid=0 ses=53 msg='op=PAM:session_close acct="root" exe="/usr/sbin/cron" hostname=? addr=? terminal=cron res=success'
type=SERVICE_START msg=audit(1643998922.723:327): pid=1 uid=0 auid=4294967295 ses=4294967295 msg='unit=apt-daily comm="systemd" exe="/lib/systemd/systemd" hostname=? addr=? terminal=? res=success'
type=SERVICE_STOP msg=audit(1643998922.723:328): pid=1 uid=0 auid=4294967295 ses=4294967295 msg='unit=apt-daily comm="systemd" exe="/lib/systemd/systemd" hostname=? addr=? terminal=? res=success'
type=USER_ACCT msg=audit(1644002221.681:329): pid=26670 uid=0 auid=4294967295 ses=4294967295 msg='op=PAM:accounting acct="root" exe="/usr/sbin/cron" hostname=? addr=? terminal=cron res=success'
type=CRED_ACQ msg=audit(1644002221.681:330): pid=26670 uid=0 auid=4294967295 ses=4294967295 msg='op=PAM:setcred acct="root" exe="/usr/sbin/cron" hostname=? addr=? terminal=cron res=success'
type=LOGIN msg=audit(1644002221.685:331): pid=26670 uid=0 old-auid=4294967295 auid=0 tty=(none) old-ses=4294967295 ses=54 res=1
type=USER_START msg=audit(1644002221.685:332): pid=26670 uid=0 auid=0 ses=54 msg='op=PAM:session_open acct="root" exe="/usr/sbin/cron" hostname=? addr=? terminal=cron res=success'
type=CRED_DISP msg=audit(1644002221.693:333): pid=26670 uid=0 auid=0 ses=54 msg='op=PAM:setcred acct="root" exe="/usr/sbin/cron" hostname=? addr=? terminal=cron res=success'
type=USER_END msg=audit(1644002221.693:334): pid=26670 uid=0 auid=0 ses=54 msg='op=PAM:session_close acct="root" exe="/usr/sbin/cron" hostname=? addr=? terminal=cron res=success'
type=USER_ACCT msg=audit(1644005821.867:335): pid=26686 uid=0 auid=4294967295 ses=4294967295 msg='op=PAM:accounting acct="root" exe="/usr/sbin/cron" hostname=? addr=? terminal=cron res=success'
type=CRED_ACQ msg=audit(1644005821.867:336): pid=26686 uid=0 auid=4294967295 ses=4294967295 msg='op=PAM:setcred acct="root" exe="/usr/sbin/cron" hostname=? addr=? terminal=cron res=success'
type=LOGIN msg=audit(1644005821.867:337): pid=26686 uid=0 old-auid=4294967295 auid=0 tty=(none) old-ses=4294967295 ses=55 res=1
type=USER_START msg=audit(1644005821.867:338): pid=26686 uid=0 auid=0 ses=55 msg='op=PAM:session_open acct="root" exe="/usr/sbin/cron" hostname=? addr=? terminal=cron res=success'
type=CRED_DISP msg=audit(1644005821.891:339): pid=26686 uid=0 auid=0 ses=55 msg='op=PAM:setcred acct="root" exe="/usr/sbin/cron" hostname=? addr=? terminal=cron res=success'
type=USER_END msg=audit(1644005821.891:340): pid=26686 uid=0 auid=0 ses=55 msg='op=PAM:session_close acct="root" exe="/usr/sbin/cron" hostname=? addr=? terminal=cron res=success'
type=SERVICE_START msg=audit(1644005947.681:341): pid=1 uid=0 auid=4294967295 ses=4294967295 msg='unit=motd-news comm="systemd" exe="/lib/systemd/systemd" hostname=? addr=? terminal=? res=success'
type=SERVICE_STOP msg=audit(1644005947.685:342): pid=1 uid=0 auid=4294967295 ses=4294967295 msg='unit=motd-news comm="systemd" exe="/lib/systemd/systemd" hostname=? addr=? terminal=? res=success'
type=USER_ACCT msg=audit(1644009421.924:343): pid=26758 uid=0 auid=4294967295 ses=4294967295 msg='op=PAM:accounting acct="root" exe="/usr/sbin/cron" hostname=? addr=? terminal=cron res=success'
type=CRED_ACQ msg=audit(1644009421.924:344): pid=26758 uid=0 auid=4294967295 ses=4294967295 msg='op=PAM:setcred acct="root" exe="/usr/sbin/cron" hostname=? addr=? terminal=cron res=success'
type=LOGIN msg=audit(1644009421.928:345): pid=26758 uid=0 old-auid=4294967295 auid=0 tty=(none) old-ses=4294967295 ses=56 res=1
type=USER_START msg=audit(1644009421.928:346): pid=26758 uid=0 auid=0 ses=56 msg='op=PAM:session_open acct="root" exe="/usr/sbin/cron" hostname=? addr=? terminal=cron res=success'
type=CRED_DISP msg=audit(1644009421.932:347): pid=26758 uid=0 auid=0 ses=56 msg='op=PAM:setcred acct="root" exe="/usr/sbin/cron" hostname=? addr=? terminal=cron res=success'
type=USER_END msg=audit(1644009421.932:348): pid=26758 uid=0 auid=0 ses=56 msg='op=PAM:session_close acct="root" exe="/usr/sbin/cron" hostname=? addr=? terminal=cron res=success'
type=USER_ACCT msg=audit(1644013021.966:349): pid=26770 uid=0 auid=4294967295 ses=4294967295 msg='op=PAM:accounting acct="root" exe="/usr/sbin/cron" hostname=? addr=? terminal=cron res=success'
type=CRED_ACQ msg=audit(1644013021.970:350): pid=26770 uid=0 auid=4294967295 ses=4294967295 msg='op=PAM:setcred acct="root" exe="/usr/sbin/cron" hostname=? addr=? terminal=cron res=success'
type=LOGIN msg=audit(1644013021.970:351): pid=26770 uid=0 old-auid=4294967295 auid=0 tty=(none) old-ses=4294967295 ses=57 res=1
type=USER_START msg=audit(1644013021.970:352): pid=26770 uid=0 auid=0 ses=57 msg='op=PAM:session_open acct="root" exe="/usr/sbin/cron" hostname=? addr=? terminal=cron res=success'
type=CRED_DISP msg=audit(1644013021.978:353): pid=26770 uid=0 auid=0 ses=57 msg='op=PAM:setcred acct="root" exe="/usr/sbin/cron" hostname=? addr=? terminal=cron res=success'
type=USER_END msg=audit(1644013021.978:354): pid=26770 uid=0 auid=0 ses=57 msg='op=PAM:session_close acct="root" exe="/usr/sbin/cron" hostname=? addr=? terminal=cron res=success'
type=USER_ACCT msg=audit(1644016621.015:355): pid=26785 uid=0 auid=4294967295 ses=4294967295 msg='op=PAM:accounting acct="root" exe="/usr/sbin/cron" hostname=? addr=? terminal=cron res=success'
type=CRED_ACQ msg=audit(1644016621.015:356): pid=26785 uid=0 auid=4294967295 ses=4294967295 msg='op=PAM:setcred acct="root" exe="/usr/sbin/cron" hostname=? addr=? terminal=cron res=success'
type=LOGIN msg=audit(1644016621.015:357): pid=26785 uid=0 old-auid=4294967295 auid=0 tty=(none) old-ses=4294967295 ses=58 res=1
type=USER_START msg=audit(1644016621.015:358): pid=26785 uid=0 auid=0 ses=58 msg='op=PAM:session_open acct="root" exe="/usr/sbin/cron" hostname=? addr=? terminal=cron res=success'
type=CRED_DISP msg=audit(1644016621.023:359): pid=26785 uid=0 auid=0 ses=58 msg='op=PAM:setcred acct="root" exe="/usr/sbin/cron" hostname=? addr=? terminal=cron res=success'
type=USER_END msg=audit(1644016621.023:360): pid=26785 uid=0 auid=0 ses=58 msg='op=PAM:session_close acct="root" exe="/usr/sbin/cron" hostname=? addr=? terminal=cron res=success'
type=USER_ACCT msg=audit(1644020221.065:361): pid=26799 uid=0 auid=4294967295 ses=4294967295 msg='op=PAM:accounting acct="root" exe="/usr/sbin/cron" hostname=? addr=? terminal=cron res=success'
type=CRED_ACQ msg=audit(1644020221.065:362): pid=26799 uid=0 auid=4294967295 ses=4294967295 msg='op=PAM:setcred acct="root" exe="/usr/sbin/cron" hostname=? addr=? terminal=cron res=success'
type=LOGIN msg=audit(1644020221.065:363): pid=26799 uid=0 old-auid=4294967295 auid=0 tty=(none) old-ses=4294967295 ses=59 res=1
type=USER_START msg=audit(1644020221.069:364): pid=26799 uid=0 auid=0 ses=59 msg='op=PAM:session_open acct="root" exe="/usr/sbin/cron" hostname=? addr=? terminal=cron res=success'
type=CRED_DISP msg=audit(1644020221.077:365): pid=26799 uid=0 auid=0 ses=59 msg='op=PAM:setcred acct="root" exe="/usr/sbin/cron" hostname=? addr=? terminal=cron res=success'
type=USER_END msg=audit(1644020221.077:366): pid=26799 uid=0 auid=0 ses=59 msg='op=PAM:session_close acct="root" exe="/usr/sbin/cron" hostname=? addr=? terminal=cron res=success'
type=USER_ACCT msg=audit(1644023821.110:367): pid=26814 uid=0 auid=4294967295 ses=4294967295 msg='op=PAM:accounting acct="root" exe="/usr/sbin/cron" hostname=? addr=? terminal=cron res=success'
type=CRED_ACQ msg=audit(1644023821.110:368): pid=26814 uid=0 auid=4294967295 ses=4294967295 msg='op=PAM:setcred acct="root" exe="/usr/sbin/cron" hostname=? addr=? terminal=cron res=success'
type=LOGIN msg=audit(1644023821.110:369): pid=26814 uid=0 old-auid=4294967295 auid=0 tty=(none) old-ses=4294967295 ses=60 res=1
type=USER_START msg=audit(1644023821.114:370): pid=26814 uid=0 auid=0 ses=60 msg='op=PAM:session_open acct="root" exe="/usr/sbin/cron" hostname=? addr=? terminal=cron res=success'
type=CRED_DISP msg=audit(1644023821.118:371): pid=26814 uid=0 auid=0 ses=60 msg='op=PAM:setcred acct="root" exe="/usr/sbin/cron" hostname=? addr=? terminal=cron res=success'
type=USER_END msg=audit(1644023821.118:372): pid=26814 uid=0 auid=0 ses=60 msg='op=PAM:session_close acct="root" exe="/usr/sbin/cron" hostname=? addr=? terminal=cron res=success'
type=SERVICE_START msg=audit(1644024962.333:373): pid=1 uid=0 auid=4294967295 ses=4294967295 msg='unit=motd-news comm="systemd" exe="/lib/systemd/systemd" hostname=? addr=? terminal=? res=success'
type=SERVICE_STOP msg=audit(1644024962.333:374): pid=1 uid=0 auid=4294967295 ses=4294967295 msg='unit=motd-news comm="systemd" exe="/lib/systemd/systemd" hostname=? addr=? terminal=? res=success'
type=USER_ACCT msg=audit(1644027421.163:375): pid=26884 uid=0 auid=4294967295 ses=4294967295 msg='op=PAM:accounting acct="root" exe="/usr/sbin/cron" hostname=? addr=? terminal=cron res=success'
type=CRED_ACQ msg=audit(1644027421.163:376): pid=26884 uid=0 auid=4294967295 ses=4294967295 msg='op=PAM:setcred acct="root" exe="/usr/sbin/cron" hostname=? addr=? terminal=cron res=success'
type=LOGIN msg=audit(1644027421.163:377): pid=26884 uid=0 old-auid=4294967295 auid=0 tty=(none) old-ses=4294967295 ses=61 res=1
type=USER_START msg=audit(1644027421.163:378): pid=26884 uid=0 auid=0 ses=61 msg='op=PAM:session_open acct="root" exe="/usr/sbin/cron" hostname=? addr=? terminal=cron res=success'
type=CRED_DISP msg=audit(1644027421.171:379): pid=26884 uid=0 auid=0 ses=61 msg='op=PAM:setcred acct="root" exe="/usr/sbin/cron" hostname=? addr=? terminal=cron res=success'
type=USER_END msg=audit(1644027421.171:380): pid=26884 uid=0 auid=0 ses=61 msg='op=PAM:session_close acct="root" exe="/usr/sbin/cron" hostname=? addr=? terminal=cron res=success'
type=SERVICE_START msg=audit(1644030831.657:381): pid=1 uid=0 auid=4294967295 ses=4294967295 msg='unit=ua-messaging comm="systemd" exe="/lib/systemd/systemd" hostname=? addr=? terminal=? res=success'
type=SERVICE_STOP msg=audit(1644030831.657:382): pid=1 uid=0 auid=4294967295 ses=4294967295 msg='unit=ua-messaging comm="systemd" exe="/lib/systemd/systemd" hostname=? addr=? terminal=? res=success'
type=USER_ACCT msg=audit(1644031021.214:383): pid=26932 uid=0 auid=4294967295 ses=4294967295 msg='op=PAM:accounting acct="root" exe="/usr/sbin/cron" hostname=? addr=? terminal=cron res=success'
type=CRED_ACQ msg=audit(1644031021.214:384): pid=26932 uid=0 auid=4294967295 ses=4294967295 msg='op=PAM:setcred acct="root" exe="/usr/sbin/cron" hostname=? addr=? terminal=cron res=success'
type=LOGIN msg=audit(1644031021.214:385): pid=26932 uid=0 old-auid=4294967295 auid=0 tty=(none) old-ses=4294967295 ses=62 res=1
type=USER_START msg=audit(1644031021.218:386): pid=26932 uid=0 auid=0 ses=62 msg='op=PAM:session_open acct="root" exe="/usr/sbin/cron" hostname=? addr=? terminal=cron res=success'
type=CRED_DISP msg=audit(1644031021.222:387): pid=26932 uid=0 auid=0 ses=62 msg='op=PAM:setcred acct="root" exe="/usr/sbin/cron" hostname=? addr=? terminal=cron res=success'
type=USER_END msg=audit(1644031021.226:388): pid=26932 uid=0 auid=0 ses=62 msg='op=PAM:session_close acct="root" exe="/usr/sbin/cron" hostname=? addr=? terminal=cron res=success'
type=USER_ACCT msg=audit(1644034621.267:389): pid=26951 uid=0 auid=4294967295 ses=4294967295 msg='op=PAM:accounting acct="root" exe="/usr/sbin/cron" hostname=? addr=? terminal=cron res=success'
type=CRED_ACQ msg=audit(1644034621.267:390): pid=26951 uid=0 auid=4294967295 ses=4294967295 msg='op=PAM:setcred acct="root" exe="/usr/sbin/cron" hostname=? addr=? terminal=cron res=success'
type=LOGIN msg=audit(1644034621.267:391): pid=26951 uid=0 old-auid=4294967295 auid=0 tty=(none) old-ses=4294967295 ses=63 res=1
type=USER_START msg=audit(1644034621.271:392): pid=26951 uid=0 auid=0 ses=63 msg='op=PAM:session_open acct="root" exe="/usr/sbin/cron" hostname=? addr=? terminal=cron res=success'
type=CRED_DISP msg=audit(1644034621.275:393): pid=26951 uid=0 auid=0 ses=63 msg='op=PAM:setcred acct="root" exe="/usr/sbin/cron" hostname=? addr=? terminal=cron res=success'
type=USER_END msg=audit(1644034621.275:394): pid=26951 uid=0 auid=0 ses=63 msg='op=PAM:session_close acct="root" exe="/usr/sbin/cron" hostname=? addr=? terminal=cron res=success'
type=USER_ACCT msg=audit(1644038221.317:395): pid=26965 uid=0 auid=4294967295 ses=4294967295 msg='op=PAM:accounting acct="root" exe="/usr/sbin/cron" hostname=? addr=? terminal=cron res=success'
type=CRED_ACQ msg=audit(1644038221.317:396): pid=26965 uid=0 auid=4294967295 ses=4294967295 msg='op=PAM:setcred acct="root" exe="/usr/sbin/cron" hostname=? addr=? terminal=cron res=success'
type=LOGIN msg=audit(1644038221.317:397): pid=26965 uid=0 old-auid=4294967295 auid=0 tty=(none) old-ses=4294967295 ses=64 res=1
type=USER_START msg=audit(1644038221.317:398): pid=26965 uid=0 auid=0 ses=64 msg='op=PAM:session_open acct="root" exe="/usr/sbin/cron" hostname=? addr=? terminal=cron res=success'
type=CRED_DISP msg=audit(1644038221.329:399): pid=26965 uid=0 auid=0 ses=64 msg='op=PAM:setcred acct="root" exe="/usr/sbin/cron" hostname=? addr=? terminal=cron res=success'
type=USER_END msg=audit(1644038221.329:400): pid=26965 uid=0 auid=0 ses=64 msg='op=PAM:session_close acct="root" exe="/usr/sbin/cron" hostname=? addr=? terminal=cron res=success'
type=USER_ACCT msg=audit(1644041821.371:401): pid=26979 uid=0 auid=4294967295 ses=4294967295 msg='op=PAM:accounting acct="root" exe="/usr/sbin/cron" hostname=? addr=? terminal=cron res=success'
type=CRED_ACQ msg=audit(1644041821.371:402): pid=26979 uid=0 auid=4294967295 ses=4294967295 msg='op=PAM:setcred acct="root" exe="/usr/sbin/cron" hostname=? addr=? terminal=cron res=success'
type=LOGIN msg=audit(1644041821.371:403): pid=26979 uid=0 old-auid=4294967295 auid=0 tty=(none) old-ses=4294967295 ses=65 res=1
type=USER_START msg=audit(1644041821.371:404): pid=26979 uid=0 auid=0 ses=65 msg='op=PAM:session_open acct="root" exe="/usr/sbin/cron" hostname=? addr=? terminal=cron res=success'
type=CRED_DISP msg=audit(1644041821.379:405): pid=26979 uid=0 auid=0 ses=65 msg='op=PAM:setcred acct="root" exe="/usr/sbin/cron" hostname=? addr=? terminal=cron res=success'
type=USER_END msg=audit(1644041821.379:406): pid=26979 uid=0 auid=0 ses=65 msg='op=PAM:session_close acct="root" exe="/usr/sbin/cron" hostname=? addr=? terminal=cron res=success'
type=USER_ACCT msg=audit(1644042301.392:407): pid=26985 uid=0 auid=4294967295 ses=4294967295 msg='op=PAM:accounting acct="root" exe="/usr/sbin/cron" hostname=? addr=? terminal=cron res=success'
type=CRED_ACQ msg=audit(1644042301.392:408): pid=26985 uid=0 auid=4294967295 ses=4294967295 msg='op=PAM:setcred acct="root" exe="/usr/sbin/cron" hostname=? addr=? terminal=cron res=success'
type=LOGIN msg=audit(1644042301.392:409): pid=26985 uid=0 old-auid=4294967295 auid=0 tty=(none) old-ses=4294967295 ses=66 res=1
type=USER_START msg=audit(1644042301.396:410): pid=26985 uid=0 auid=0 ses=66 msg='op=PAM:session_open acct="root" exe="/usr/sbin/cron" hostname=? addr=? terminal=cron res=success'
type=CRED_DISP msg=audit(1644042369.987:411): pid=26985 uid=0 auid=0 ses=66 msg='op=PAM:setcred acct="root" exe="/usr/sbin/cron" hostname=? addr=? terminal=cron res=success'
type=USER_END msg=audit(1644042369.987:412): pid=26985 uid=0 auid=0 ses=66 msg='op=PAM:session_close acct="root" exe="/usr/sbin/cron" hostname=? addr=? terminal=cron res=success'
type=SERVICE_START msg=audit(1644042657.018:413): pid=1 uid=0 auid=4294967295 ses=4294967295 msg='unit=apt-daily-upgrade comm="systemd" exe="/lib/systemd/systemd" hostname=? addr=? terminal=? res=success'
type=SERVICE_STOP msg=audit(1644042657.018:414): pid=1 uid=0 auid=4294967295 ses=4294967295 msg='unit=apt-daily-upgrade comm="systemd" exe="/lib/systemd/systemd" hostname=? addr=? terminal=? res=success'
type=SERVICE_START msg=audit(1644045111.032:415): pid=1 uid=0 auid=4294967295 ses=4294967295 msg='unit=systemd-tmpfiles-clean comm="systemd" exe="/lib/systemd/systemd" hostname=? addr=? terminal=? res=success'
type=SERVICE_STOP msg=audit(1644045111.032:416): pid=1 uid=0 auid=4294967295 ses=4294967295 msg='unit=systemd-tmpfiles-clean comm="systemd" exe="/lib/systemd/systemd" hostname=? addr=? terminal=? res=success'
type=USER_ACCT msg=audit(1644045421.028:417): pid=27190 uid=0 auid=4294967295 ses=4294967295 msg='op=PAM:accounting acct="root" exe="/usr/sbin/cron" hostname=? addr=? terminal=cron res=success'
type=CRED_ACQ msg=audit(1644045421.028:418): pid=27190 uid=0 auid=4294967295 ses=4294967295 msg='op=PAM:setcred acct="root" exe="/usr/sbin/cron" hostname=? addr=? terminal=cron res=success'
type=LOGIN msg=audit(1644045421.036:419): pid=27190 uid=0 old-auid=4294967295 auid=0 tty=(none) old-ses=4294967295 ses=67 res=1
type=USER_START msg=audit(1644045421.040:420): pid=27190 uid=0 auid=0 ses=67 msg='op=PAM:session_open acct="root" exe="/usr/sbin/cron" hostname=? addr=? terminal=cron res=success'
type=CRED_DISP msg=audit(1644045421.044:421): pid=27190 uid=0 auid=0 ses=67 msg='op=PAM:setcred acct="root" exe="/usr/sbin/cron" hostname=? addr=? terminal=cron res=success'
type=USER_END msg=audit(1644045421.044:422): pid=27190 uid=0 auid=0 ses=67 msg='op=PAM:session_close acct="root" exe="/usr/sbin/cron" hostname=? addr=? terminal=cron res=success'
type=USER_ACCT msg=audit(1644049021.306:423): pid=27232 uid=0 auid=4294967295 ses=4294967295 msg='op=PAM:accounting acct="root" exe="/usr/sbin/cron" hostname=? addr=? terminal=cron res=success'
type=CRED_ACQ msg=audit(1644049021.326:424): pid=27232 uid=0 auid=4294967295 ses=4294967295 msg='op=PAM:setcred acct="root" exe="/usr/sbin/cron" hostname=? addr=? terminal=cron res=success'
type=LOGIN msg=audit(1644049021.326:425): pid=27232 uid=0 old-auid=4294967295 auid=0 tty=(none) old-ses=4294967295 ses=68 res=1
type=USER_START msg=audit(1644049021.330:426): pid=27232 uid=0 auid=0 ses=68 msg='op=PAM:session_open acct="root" exe="/usr/sbin/cron" hostname=? addr=? terminal=cron res=success'
type=CRED_DISP msg=audit(1644049021.414:427): pid=27232 uid=0 auid=0 ses=68 msg='op=PAM:setcred acct="root" exe="/usr/sbin/cron" hostname=? addr=? terminal=cron res=success'
type=USER_END msg=audit(1644049021.414:428): pid=27232 uid=0 auid=0 ses=68 msg='op=PAM:session_close acct="root" exe="/usr/sbin/cron" hostname=? addr=? terminal=cron res=success'
type=USER_ACCT msg=audit(1644052621.459:429): pid=27246 uid=0 auid=4294967295 ses=4294967295 msg='op=PAM:accounting acct="root" exe="/usr/sbin/cron" hostname=? addr=? terminal=cron res=success'
type=CRED_ACQ msg=audit(1644052621.459:430): pid=27246 uid=0 auid=4294967295 ses=4294967295 msg='op=PAM:setcred acct="root" exe="/usr/sbin/cron" hostname=? addr=? terminal=cron res=success'
type=LOGIN msg=audit(1644052621.459:431): pid=27246 uid=0 old-auid=4294967295 auid=0 tty=(none) old-ses=4294967295 ses=69 res=1
type=USER_START msg=audit(1644052621.459:432): pid=27246 uid=0 auid=0 ses=69 msg='op=PAM:session_open acct="root" exe="/usr/sbin/cron" hostname=? addr=? terminal=cron res=success'
type=CRED_DISP msg=audit(1644052621.467:433): pid=27246 uid=0 auid=0 ses=69 msg='op=PAM:setcred acct="root" exe="/usr/sbin/cron" hostname=? addr=? terminal=cron res=success'
type=USER_END msg=audit(1644052621.467:434): pid=27246 uid=0 auid=0 ses=69 msg='op=PAM:session_close acct="root" exe="/usr/sbin/cron" hostname=? addr=? terminal=cron res=success'
type=SERVICE_START msg=audit(1644052820.492:435): pid=1 uid=0 auid=4294967295 ses=4294967295 msg='unit=apt-daily comm="systemd" exe="/lib/systemd/systemd" hostname=? addr=? terminal=? res=success'
type=SERVICE_STOP msg=audit(1644052820.492:436): pid=1 uid=0 auid=4294967295 ses=4294967295 msg='unit=apt-daily comm="systemd" exe="/lib/systemd/systemd" hostname=? addr=? terminal=? res=success'
type=USER_ACCT msg=audit(1644056221.505:437): pid=27707 uid=0 auid=4294967295 ses=4294967295 msg='op=PAM:accounting acct="root" exe="/usr/sbin/cron" hostname=? addr=? terminal=cron res=success'
type=CRED_ACQ msg=audit(1644056221.509:438): pid=27707 uid=0 auid=4294967295 ses=4294967295 msg='op=PAM:setcred acct="root" exe="/usr/sbin/cron" hostname=? addr=? terminal=cron res=success'
type=LOGIN msg=audit(1644056221.509:439): pid=27707 uid=0 old-auid=4294967295 auid=0 tty=(none) old-ses=4294967295 ses=70 res=1
type=USER_START msg=audit(1644056221.509:440): pid=27707 uid=0 auid=0 ses=70 msg='op=PAM:session_open acct="root" exe="/usr/sbin/cron" hostname=? addr=? terminal=cron res=success'
type=CRED_DISP msg=audit(1644056221.517:441): pid=27707 uid=0 auid=0 ses=70 msg='op=PAM:setcred acct="root" exe="/usr/sbin/cron" hostname=? addr=? terminal=cron res=success'
type=USER_END msg=audit(1644056221.517:442): pid=27707 uid=0 auid=0 ses=70 msg='op=PAM:session_close acct="root" exe="/usr/sbin/cron" hostname=? addr=? terminal=cron res=success'
type=USER_ACCT msg=audit(1644059821.554:443): pid=27723 uid=0 auid=4294967295 ses=4294967295 msg='op=PAM:accounting acct="root" exe="/usr/sbin/cron" hostname=? addr=? terminal=cron res=success'
type=CRED_ACQ msg=audit(1644059821.554:444): pid=27723 uid=0 auid=4294967295 ses=4294967295 msg='op=PAM:setcred acct="root" exe="/usr/sbin/cron" hostname=? addr=? terminal=cron res=success'
type=LOGIN msg=audit(1644059821.554:445): pid=27723 uid=0 old-auid=4294967295 auid=0 tty=(none) old-ses=4294967295 ses=71 res=1
type=USER_START msg=audit(1644059821.554:446): pid=27723 uid=0 auid=0 ses=71 msg='op=PAM:session_open acct="root" exe="/usr/sbin/cron" hostname=? addr=? terminal=cron res=success'
type=CRED_DISP msg=audit(1644059821.562:447): pid=27723 uid=0 auid=0 ses=71 msg='op=PAM:setcred acct="root" exe="/usr/sbin/cron" hostname=? addr=? terminal=cron res=success'
type=USER_END msg=audit(1644059821.562:448): pid=27723 uid=0 auid=0 ses=71 msg='op=PAM:session_close acct="root" exe="/usr/sbin/cron" hostname=? addr=? terminal=cron res=success'
type=USER_ACCT msg=audit(1644063421.603:449): pid=27737 uid=0 auid=4294967295 ses=4294967295 msg='op=PAM:accounting acct="root" exe="/usr/sbin/cron" hostname=? addr=? terminal=cron res=success'
type=CRED_ACQ msg=audit(1644063421.603:450): pid=27737 uid=0 auid=4294967295 ses=4294967295 msg='op=PAM:setcred acct="root" exe="/usr/sbin/cron" hostname=? addr=? terminal=cron res=success'
type=LOGIN msg=audit(1644063421.603:451): pid=27737 uid=0 old-auid=4294967295 auid=0 tty=(none) old-ses=4294967295 ses=72 res=1
type=USER_START msg=audit(1644063421.603:452): pid=27737 uid=0 auid=0 ses=72 msg='op=PAM:session_open acct="root" exe="/usr/sbin/cron" hostname=? addr=? terminal=cron res=success'
type=CRED_DISP msg=audit(1644063421.611:453): pid=27737 uid=0 auid=0 ses=72 msg='op=PAM:setcred acct="root" exe="/usr/sbin/cron" hostname=? addr=? terminal=cron res=success'
type=USER_END msg=audit(1644063421.611:454): pid=27737 uid=0 auid=0 ses=72 msg='op=PAM:session_close acct="root" exe="/usr/sbin/cron" hostname=? addr=? terminal=cron res=success'
type=SERVICE_START msg=audit(1644064929.552:455): pid=1 uid=0 auid=4294967295 ses=4294967295 msg='unit=motd-news comm="systemd" exe="/lib/systemd/systemd" hostname=? addr=? terminal=? res=success'
type=SERVICE_STOP msg=audit(1644064929.552:456): pid=1 uid=0 auid=4294967295 ses=4294967295 msg='unit=motd-news comm="systemd" exe="/lib/systemd/systemd" hostname=? addr=? terminal=? res=success'
type=USER_ACCT msg=audit(1644067021.652:457): pid=27816 uid=0 auid=4294967295 ses=4294967295 msg='op=PAM:accounting acct="root" exe="/usr/sbin/cron" hostname=? addr=? terminal=cron res=success'
type=CRED_ACQ msg=audit(1644067021.652:458): pid=27816 uid=0 auid=4294967295 ses=4294967295 msg='op=PAM:setcred acct="root" exe="/usr/sbin/cron" hostname=? addr=? terminal=cron res=success'
type=LOGIN msg=audit(1644067021.652:459): pid=27816 uid=0 old-auid=4294967295 auid=0 tty=(none) old-ses=4294967295 ses=73 res=1
type=USER_START msg=audit(1644067021.656:460): pid=27816 uid=0 auid=0 ses=73 msg='op=PAM:session_open acct="root" exe="/usr/sbin/cron" hostname=? addr=? terminal=cron res=success'
type=CRED_DISP msg=audit(1644067021.664:461): pid=27816 uid=0 auid=0 ses=73 msg='op=PAM:setcred acct="root" exe="/usr/sbin/cron" hostname=? addr=? terminal=cron res=success'
type=USER_END msg=audit(1644067021.664:462): pid=27816 uid=0 auid=0 ses=73 msg='op=PAM:session_close acct="root" exe="/usr/sbin/cron" hostname=? addr=? terminal=cron res=success'
type=USER_ACCT msg=audit(1644070621.702:463): pid=27847 uid=0 auid=4294967295 ses=4294967295 msg='op=PAM:accounting acct="root" exe="/usr/sbin/cron" hostname=? addr=? terminal=cron res=success'
type=CRED_ACQ msg=audit(1644070621.702:464): pid=27847 uid=0 auid=4294967295 ses=4294967295 msg='op=PAM:setcred acct="root" exe="/usr/sbin/cron" hostname=? addr=? terminal=cron res=success'
type=LOGIN msg=audit(1644070621.702:465): pid=27847 uid=0 old-auid=4294967295 auid=0 tty=(none) old-ses=4294967295 ses=74 res=1
type=USER_START msg=audit(1644070621.706:466): pid=27847 uid=0 auid=0 ses=74 msg='op=PAM:session_open acct="root" exe="/usr/sbin/cron" hostname=? addr=? terminal=cron res=success'
type=CRED_DISP msg=audit(1644070621.714:467): pid=27847 uid=0 auid=0 ses=74 msg='op=PAM:setcred acct="root" exe="/usr/sbin/cron" hostname=? addr=? terminal=cron res=success'
type=USER_END msg=audit(1644070621.714:468): pid=27847 uid=0 auid=0 ses=74 msg='op=PAM:session_close acct="root" exe="/usr/sbin/cron" hostname=? addr=? terminal=cron res=success'
type=USER_ACCT msg=audit(1644073681.747:469): pid=27867 uid=0 auid=4294967295 ses=4294967295 msg='op=PAM:accounting acct="root" exe="/usr/sbin/cron" hostname=? addr=? terminal=cron res=success'
type=CRED_ACQ msg=audit(1644073681.747:470): pid=27867 uid=0 auid=4294967295 ses=4294967295 msg='op=PAM:setcred acct="root" exe="/usr/sbin/cron" hostname=? addr=? terminal=cron res=success'
type=LOGIN msg=audit(1644073681.747:471): pid=27867 uid=0 old-auid=4294967295 auid=0 tty=(none) old-ses=4294967295 ses=75 res=1
type=USER_START msg=audit(1644073681.751:472): pid=27867 uid=0 auid=0 ses=75 msg='op=PAM:session_open acct="root" exe="/usr/sbin/cron" hostname=? addr=? terminal=cron res=success'
type=CRED_DISP msg=audit(1644073681.759:473): pid=27867 uid=0 auid=0 ses=75 msg='op=PAM:setcred acct="root" exe="/usr/sbin/cron" hostname=? addr=? terminal=cron res=success'
type=USER_END msg=audit(1644073681.759:474): pid=27867 uid=0 auid=0 ses=75 msg='op=PAM:session_close acct="root" exe="/usr/sbin/cron" hostname=? addr=? terminal=cron res=success'
type=USER_ACCT msg=audit(1644074221.775:475): pid=27875 uid=0 auid=4294967295 ses=4294967295 msg='op=PAM:accounting acct="root" exe="/usr/sbin/cron" hostname=? addr=? terminal=cron res=success'
type=CRED_ACQ msg=audit(1644074221.775:476): pid=27875 uid=0 auid=4294967295 ses=4294967295 msg='op=PAM:setcred acct="root" exe="/usr/sbin/cron" hostname=? addr=? terminal=cron res=success'
type=LOGIN msg=audit(1644074221.775:477): pid=27875 uid=0 old-auid=4294967295 auid=0 tty=(none) old-ses=4294967295 ses=76 res=1
type=USER_START msg=audit(1644074221.775:478): pid=27875 uid=0 auid=0 ses=76 msg='op=PAM:session_open acct="root" exe="/usr/sbin/cron" hostname=? addr=? terminal=cron res=success'
type=CRED_DISP msg=audit(1644074221.787:479): pid=27875 uid=0 auid=0 ses=76 msg='op=PAM:setcred acct="root" exe="/usr/sbin/cron" hostname=? addr=? terminal=cron res=success'
type=USER_END msg=audit(1644074221.787:480): pid=27875 uid=0 auid=0 ses=76 msg='op=PAM:session_close acct="root" exe="/usr/sbin/cron" hostname=? addr=? terminal=cron res=success'
type=SERVICE_START msg=audit(1644074282.814:481): pid=1 uid=0 auid=4294967295 ses=4294967295 msg='unit=ua-messaging comm="systemd" exe="/lib/systemd/systemd" hostname=? addr=? terminal=? res=success'
type=SERVICE_STOP msg=audit(1644074282.814:482): pid=1 uid=0 auid=4294967295 ses=4294967295 msg='unit=ua-messaging comm="systemd" exe="/lib/systemd/systemd" hostname=? addr=? terminal=? res=success'
type=USER_ACCT msg=audit(1644077821.832:483): pid=27924 uid=0 auid=4294967295 ses=4294967295 msg='op=PAM:accounting acct="root" exe="/usr/sbin/cron" hostname=? addr=? terminal=cron res=success'
type=CRED_ACQ msg=audit(1644077821.832:484): pid=27924 uid=0 auid=4294967295 ses=4294967295 msg='op=PAM:setcred acct="root" exe="/usr/sbin/cron" hostname=? addr=? terminal=cron res=success'
type=LOGIN msg=audit(1644077821.832:485): pid=27924 uid=0 old-auid=4294967295 auid=0 tty=(none) old-ses=4294967295 ses=77 res=1
type=USER_START msg=audit(1644077821.832:486): pid=27924 uid=0 auid=0 ses=77 msg='op=PAM:session_open acct="root" exe="/usr/sbin/cron" hostname=? addr=? terminal=cron res=success'
type=CRED_DISP msg=audit(1644077821.840:487): pid=27924 uid=0 auid=0 ses=77 msg='op=PAM:setcred acct="root" exe="/usr/sbin/cron" hostname=? addr=? terminal=cron res=success'
type=USER_END msg=audit(1644077821.840:488): pid=27924 uid=0 auid=0 ses=77 msg='op=PAM:session_close acct="root" exe="/usr/sbin/cron" hostname=? addr=? terminal=cron res=success'
type=USER_ACCT msg=audit(1644081421.877:489): pid=27937 uid=0 auid=4294967295 ses=4294967295 msg='op=PAM:accounting acct="root" exe="/usr/sbin/cron" hostname=? addr=? terminal=cron res=success'
type=CRED_ACQ msg=audit(1644081421.877:490): pid=27937 uid=0 auid=4294967295 ses=4294967295 msg='op=PAM:setcred acct="root" exe="/usr/sbin/cron" hostname=? addr=? terminal=cron res=success'
type=LOGIN msg=audit(1644081421.877:491): pid=27937 uid=0 old-auid=4294967295 auid=0 tty=(none) old-ses=4294967295 ses=78 res=1
type=USER_START msg=audit(1644081421.877:492): pid=27937 uid=0 auid=0 ses=78 msg='op=PAM:session_open acct="root" exe="/usr/sbin/cron" hostname=? addr=? terminal=cron res=success'
type=CRED_DISP msg=audit(1644081421.885:493): pid=27937 uid=0 auid=0 ses=78 msg='op=PAM:setcred acct="root" exe="/usr/sbin/cron" hostname=? addr=? terminal=cron res=success'
type=USER_END msg=audit(1644081421.885:494): pid=27937 uid=0 auid=0 ses=78 msg='op=PAM:session_close acct="root" exe="/usr/sbin/cron" hostname=? addr=? terminal=cron res=success'
type=USER_ACCT msg=audit(1644085021.923:495): pid=27953 uid=0 auid=4294967295 ses=4294967295 msg='op=PAM:accounting acct="root" exe="/usr/sbin/cron" hostname=? addr=? terminal=cron res=success'
type=CRED_ACQ msg=audit(1644085021.923:496): pid=27953 uid=0 auid=4294967295 ses=4294967295 msg='op=PAM:setcred acct="root" exe="/usr/sbin/cron" hostname=? addr=? terminal=cron res=success'
type=LOGIN msg=audit(1644085021.923:497): pid=27953 uid=0 old-auid=4294967295 auid=0 tty=(none) old-ses=4294967295 ses=79 res=1
type=USER_START msg=audit(1644085021.927:498): pid=27953 uid=0 auid=0 ses=79 msg='op=PAM:session_open acct="root" exe="/usr/sbin/cron" hostname=? addr=? terminal=cron res=success'
type=CRED_DISP msg=audit(1644085021.935:499): pid=27953 uid=0 auid=0 ses=79 msg='op=PAM:setcred acct="root" exe="/usr/sbin/cron" hostname=? addr=? terminal=cron res=success'
type=USER_END msg=audit(1644085021.935:500): pid=27953 uid=0 auid=0 ses=79 msg='op=PAM:session_close acct="root" exe="/usr/sbin/cron" hostname=? addr=? terminal=cron res=success'
type=USER_ACCT msg=audit(1644088621.976:501): pid=27967 uid=0 auid=4294967295 ses=4294967295 msg='op=PAM:accounting acct="root" exe="/usr/sbin/cron" hostname=? addr=? terminal=cron res=success'
type=CRED_ACQ msg=audit(1644088621.976:502): pid=27967 uid=0 auid=4294967295 ses=4294967295 msg='op=PAM:setcred acct="root" exe="/usr/sbin/cron" hostname=? addr=? terminal=cron res=success'
type=LOGIN msg=audit(1644088621.976:503): pid=27967 uid=0 old-auid=4294967295 auid=0 tty=(none) old-ses=4294967295 ses=80 res=1
type=USER_START msg=audit(1644088621.976:504): pid=27967 uid=0 auid=0 ses=80 msg='op=PAM:session_open acct="root" exe="/usr/sbin/cron" hostname=? addr=? terminal=cron res=success'
type=CRED_DISP msg=audit(1644088621.988:505): pid=27967 uid=0 auid=0 ses=80 msg='op=PAM:setcred acct="root" exe="/usr/sbin/cron" hostname=? addr=? terminal=cron res=success'
type=USER_END msg=audit(1644088621.988:506): pid=27967 uid=0 auid=0 ses=80 msg='op=PAM:session_close acct="root" exe="/usr/sbin/cron" hostname=? addr=? terminal=cron res=success'
type=USER_ACCT msg=audit(1644092221.029:507): pid=27977 uid=0 auid=4294967295 ses=4294967295 msg='op=PAM:accounting acct="root" exe="/usr/sbin/cron" hostname=? addr=? terminal=cron res=success'
type=CRED_ACQ msg=audit(1644092221.029:508): pid=27977 uid=0 auid=4294967295 ses=4294967295 msg='op=PAM:setcred acct="root" exe="/usr/sbin/cron" hostname=? addr=? terminal=cron res=success'
type=LOGIN msg=audit(1644092221.029:509): pid=27977 uid=0 old-auid=4294967295 auid=0 tty=(none) old-ses=4294967295 ses=81 res=1
type=USER_START msg=audit(1644092221.029:510): pid=27977 uid=0 auid=0 ses=81 msg='op=PAM:session_open acct="root" exe="/usr/sbin/cron" hostname=? addr=? terminal=cron res=success'
type=CRED_DISP msg=audit(1644092221.041:511): pid=27977 uid=0 auid=0 ses=81 msg='op=PAM:setcred acct="root" exe="/usr/sbin/cron" hostname=? addr=? terminal=cron res=success'
type=USER_END msg=audit(1644092221.041:512): pid=27977 uid=0 auid=0 ses=81 msg='op=PAM:session_close acct="root" exe="/usr/sbin/cron" hostname=? addr=? terminal=cron res=success'
type=SERVICE_START msg=audit(1644094912.976:513): pid=1 uid=0 auid=4294967295 ses=4294967295 msg='unit=apt-daily comm="systemd" exe="/lib/systemd/systemd" hostname=? addr=? terminal=? res=success'
type=SERVICE_STOP msg=audit(1644094912.976:514): pid=1 uid=0 auid=4294967295 ses=4294967295 msg='unit=apt-daily comm="systemd" exe="/lib/systemd/systemd" hostname=? addr=? terminal=? res=success'
type=USER_ACCT msg=audit(1644095821.078:515): pid=28074 uid=0 auid=4294967295 ses=4294967295 msg='op=PAM:accounting acct="root" exe="/usr/sbin/cron" hostname=? addr=? terminal=cron res=success'
type=CRED_ACQ msg=audit(1644095821.078:516): pid=28074 uid=0 auid=4294967295 ses=4294967295 msg='op=PAM:setcred acct="root" exe="/usr/sbin/cron" hostname=? addr=? terminal=cron res=success'
type=LOGIN msg=audit(1644095821.078:517): pid=28074 uid=0 old-auid=4294967295 auid=0 tty=(none) old-ses=4294967295 ses=82 res=1
type=USER_START msg=audit(1644095821.078:518): pid=28074 uid=0 auid=0 ses=82 msg='op=PAM:session_open acct="root" exe="/usr/sbin/cron" hostname=? addr=? terminal=cron res=success'
type=CRED_DISP msg=audit(1644095821.122:519): pid=28074 uid=0 auid=0 ses=82 msg='op=PAM:setcred acct="root" exe="/usr/sbin/cron" hostname=? addr=? terminal=cron res=success'
type=USER_END msg=audit(1644095821.122:520): pid=28074 uid=0 auid=0 ses=82 msg='op=PAM:session_close acct="root" exe="/usr/sbin/cron" hostname=? addr=? terminal=cron res=success'
type=USER_ACCT msg=audit(1644099421.163:521): pid=28087 uid=0 auid=4294967295 ses=4294967295 msg='op=PAM:accounting acct="root" exe="/usr/sbin/cron" hostname=? addr=? terminal=cron res=success'
type=CRED_ACQ msg=audit(1644099421.163:522): pid=28087 uid=0 auid=4294967295 ses=4294967295 msg='op=PAM:setcred acct="root" exe="/usr/sbin/cron" hostname=? addr=? terminal=cron res=success'
type=LOGIN msg=audit(1644099421.163:523): pid=28087 uid=0 old-auid=4294967295 auid=0 tty=(none) old-ses=4294967295 ses=83 res=1
type=USER_START msg=audit(1644099421.167:524): pid=28087 uid=0 auid=0 ses=83 msg='op=PAM:session_open acct="root" exe="/usr/sbin/cron" hostname=? addr=? terminal=cron res=success'
type=CRED_DISP msg=audit(1644099421.171:525): pid=28087 uid=0 auid=0 ses=83 msg='op=PAM:setcred acct="root" exe="/usr/sbin/cron" hostname=? addr=? terminal=cron res=success'
type=USER_END msg=audit(1644099421.171:526): pid=28087 uid=0 auid=0 ses=83 msg='op=PAM:session_close acct="root" exe="/usr/sbin/cron" hostname=? addr=? terminal=cron res=success'
type=USER_ACCT msg=audit(1644103021.212:527): pid=28099 uid=0 auid=4294967295 ses=4294967295 msg='op=PAM:accounting acct="root" exe="/usr/sbin/cron" hostname=? addr=? terminal=cron res=success'
type=CRED_ACQ msg=audit(1644103021.212:528): pid=28099 uid=0 auid=4294967295 ses=4294967295 msg='op=PAM:setcred acct="root" exe="/usr/sbin/cron" hostname=? addr=? terminal=cron res=success'
type=LOGIN msg=audit(1644103021.212:529): pid=28099 uid=0 old-auid=4294967295 auid=0 tty=(none) old-ses=4294967295 ses=84 res=1
type=USER_START msg=audit(1644103021.212:530): pid=28099 uid=0 auid=0 ses=84 msg='op=PAM:session_open acct="root" exe="/usr/sbin/cron" hostname=? addr=? terminal=cron res=success'
type=CRED_DISP msg=audit(1644103021.220:531): pid=28099 uid=0 auid=0 ses=84 msg='op=PAM:setcred acct="root" exe="/usr/sbin/cron" hostname=? addr=? terminal=cron res=success'
type=USER_END msg=audit(1644103021.220:532): pid=28099 uid=0 auid=0 ses=84 msg='op=PAM:session_close acct="root" exe="/usr/sbin/cron" hostname=? addr=? terminal=cron res=success'
type=USER_ACCT msg=audit(1644106621.259:533): pid=28111 uid=0 auid=4294967295 ses=4294967295 msg='op=PAM:accounting acct="root" exe="/usr/sbin/cron" hostname=? addr=? terminal=cron res=success'
type=CRED_ACQ msg=audit(1644106621.259:534): pid=28111 uid=0 auid=4294967295 ses=4294967295 msg='op=PAM:setcred acct="root" exe="/usr/sbin/cron" hostname=? addr=? terminal=cron res=success'
type=LOGIN msg=audit(1644106621.263:535): pid=28111 uid=0 old-auid=4294967295 auid=0 tty=(none) old-ses=4294967295 ses=85 res=1
type=USER_START msg=audit(1644106621.263:536): pid=28111 uid=0 auid=0 ses=85 msg='op=PAM:session_open acct="root" exe="/usr/sbin/cron" hostname=? addr=? terminal=cron res=success'
type=CRED_DISP msg=audit(1644106621.267:537): pid=28111 uid=0 auid=0 ses=85 msg='op=PAM:setcred acct="root" exe="/usr/sbin/cron" hostname=? addr=? terminal=cron res=success'
type=USER_END msg=audit(1644106621.267:538): pid=28111 uid=0 auid=0 ses=85 msg='op=PAM:session_close acct="root" exe="/usr/sbin/cron" hostname=? addr=? terminal=cron res=success'
type=USER_ACCT msg=audit(1644109021.294:539): pid=28121 uid=0 auid=4294967295 ses=4294967295 msg='op=PAM:accounting acct="root" exe="/usr/sbin/cron" hostname=? addr=? terminal=cron res=success'
type=CRED_ACQ msg=audit(1644109021.294:540): pid=28121 uid=0 auid=4294967295 ses=4294967295 msg='op=PAM:setcred acct="root" exe="/usr/sbin/cron" hostname=? addr=? terminal=cron res=success'
type=LOGIN msg=audit(1644109021.294:541): pid=28121 uid=0 old-auid=4294967295 auid=0 tty=(none) old-ses=4294967295 ses=86 res=1
type=USER_START msg=audit(1644109021.298:542): pid=28121 uid=0 auid=0 ses=86 msg='op=PAM:session_open acct="root" exe="/usr/sbin/cron" hostname=? addr=? terminal=cron res=success'
type=CRED_DISP msg=audit(1644109021.634:543): pid=28121 uid=0 auid=0 ses=86 msg='op=PAM:setcred acct="root" exe="/usr/sbin/cron" hostname=? addr=? terminal=cron res=success'
type=USER_END msg=audit(1644109021.634:544): pid=28121 uid=0 auid=0 ses=86 msg='op=PAM:session_close acct="root" exe="/usr/sbin/cron" hostname=? addr=? terminal=cron res=success'
type=USER_ACCT msg=audit(1644110221.652:545): pid=28130 uid=0 auid=4294967295 ses=4294967295 msg='op=PAM:accounting acct="root" exe="/usr/sbin/cron" hostname=? addr=? terminal=cron res=success'
type=CRED_ACQ msg=audit(1644110221.652:546): pid=28130 uid=0 auid=4294967295 ses=4294967295 msg='op=PAM:setcred acct="root" exe="/usr/sbin/cron" hostname=? addr=? terminal=cron res=success'
type=LOGIN msg=audit(1644110221.656:547): pid=28130 uid=0 old-auid=4294967295 auid=0 tty=(none) old-ses=4294967295 ses=87 res=1
type=USER_START msg=audit(1644110221.656:548): pid=28130 uid=0 auid=0 ses=87 msg='op=PAM:session_open acct="root" exe="/usr/sbin/cron" hostname=? addr=? terminal=cron res=success'
type=CRED_DISP msg=audit(1644110221.676:549): pid=28130 uid=0 auid=0 ses=87 msg='op=PAM:setcred acct="root" exe="/usr/sbin/cron" hostname=? addr=? terminal=cron res=success'
type=USER_END msg=audit(1644110221.676:550): pid=28130 uid=0 auid=0 ses=87 msg='op=PAM:session_close acct="root" exe="/usr/sbin/cron" hostname=? addr=? terminal=cron res=success'
type=USER_ACCT msg=audit(1644113821.721:551): pid=28150 uid=0 auid=4294967295 ses=4294967295 msg='op=PAM:accounting acct="root" exe="/usr/sbin/cron" hostname=? addr=? terminal=cron res=success'
type=CRED_ACQ msg=audit(1644113821.721:552): pid=28150 uid=0 auid=4294967295 ses=4294967295 msg='op=PAM:setcred acct="root" exe="/usr/sbin/cron" hostname=? addr=? terminal=cron res=success'
type=LOGIN msg=audit(1644113821.721:553): pid=28150 uid=0 old-auid=4294967295 auid=0 tty=(none) old-ses=4294967295 ses=88 res=1
type=USER_START msg=audit(1644113821.721:554): pid=28150 uid=0 auid=0 ses=88 msg='op=PAM:session_open acct="root" exe="/usr/sbin/cron" hostname=? addr=? terminal=cron res=success'
type=CRED_DISP msg=audit(1644113821.729:555): pid=28150 uid=0 auid=0 ses=88 msg='op=PAM:setcred acct="root" exe="/usr/sbin/cron" hostname=? addr=? terminal=cron res=success'
type=USER_END msg=audit(1644113821.729:556): pid=28150 uid=0 auid=0 ses=88 msg='op=PAM:session_close acct="root" exe="/usr/sbin/cron" hostname=? addr=? terminal=cron res=success'
type=USER_ACCT msg=audit(1644117421.766:557): pid=28163 uid=0 auid=4294967295 ses=4294967295 msg='op=PAM:accounting acct="root" exe="/usr/sbin/cron" hostname=? addr=? terminal=cron res=success'
type=CRED_ACQ msg=audit(1644117421.770:558): pid=28163 uid=0 auid=4294967295 ses=4294967295 msg='op=PAM:setcred acct="root" exe="/usr/sbin/cron" hostname=? addr=? terminal=cron res=success'
type=LOGIN msg=audit(1644117421.770:559): pid=28163 uid=0 old-auid=4294967295 auid=0 tty=(none) old-ses=4294967295 ses=89 res=1
type=USER_START msg=audit(1644117421.770:560): pid=28163 uid=0 auid=0 ses=89 msg='op=PAM:session_open acct="root" exe="/usr/sbin/cron" hostname=? addr=? terminal=cron res=success'
type=CRED_DISP msg=audit(1644117421.778:561): pid=28163 uid=0 auid=0 ses=89 msg='op=PAM:setcred acct="root" exe="/usr/sbin/cron" hostname=? addr=? terminal=cron res=success'
type=USER_END msg=audit(1644117421.778:562): pid=28163 uid=0 auid=0 ses=89 msg='op=PAM:session_close acct="root" exe="/usr/sbin/cron" hostname=? addr=? terminal=cron res=success'
type=SERVICE_START msg=audit(1644118911.547:563): pid=1 uid=0 auid=4294967295 ses=4294967295 msg='unit=ua-messaging comm="systemd" exe="/lib/systemd/systemd" hostname=? addr=? terminal=? res=success'
type=SERVICE_STOP msg=audit(1644118911.547:564): pid=1 uid=0 auid=4294967295 ses=4294967295 msg='unit=ua-messaging comm="systemd" exe="/lib/systemd/systemd" hostname=? addr=? terminal=? res=success'
type=USER_ACCT msg=audit(1644121021.819:565): pid=28208 uid=0 auid=4294967295 ses=4294967295 msg='op=PAM:accounting acct="root" exe="/usr/sbin/cron" hostname=? addr=? terminal=cron res=success'
type=CRED_ACQ msg=audit(1644121021.819:566): pid=28208 uid=0 auid=4294967295 ses=4294967295 msg='op=PAM:setcred acct="root" exe="/usr/sbin/cron" hostname=? addr=? terminal=cron res=success'
type=LOGIN msg=audit(1644121021.819:567): pid=28208 uid=0 old-auid=4294967295 auid=0 tty=(none) old-ses=4294967295 ses=90 res=1
type=USER_START msg=audit(1644121021.823:568): pid=28208 uid=0 auid=0 ses=90 msg='op=PAM:session_open acct="root" exe="/usr/sbin/cron" hostname=? addr=? terminal=cron res=success'
type=CRED_DISP msg=audit(1644121021.827:569): pid=28208 uid=0 auid=0 ses=90 msg='op=PAM:setcred acct="root" exe="/usr/sbin/cron" hostname=? addr=? terminal=cron res=success'
type=USER_END msg=audit(1644121021.827:570): pid=28208 uid=0 auid=0 ses=90 msg='op=PAM:session_close acct="root" exe="/usr/sbin/cron" hostname=? addr=? terminal=cron res=success'
type=SERVICE_START msg=audit(1644121096.514:571): pid=1 uid=0 auid=4294967295 ses=4294967295 msg='unit=motd-news comm="systemd" exe="/lib/systemd/systemd" hostname=? addr=? terminal=? res=success'
type=SERVICE_STOP msg=audit(1644121096.514:572): pid=1 uid=0 auid=4294967295 ses=4294967295 msg='unit=motd-news comm="systemd" exe="/lib/systemd/systemd" hostname=? addr=? terminal=? res=success'
type=USER_ACCT msg=audit(1644124621.876:573): pid=28287 uid=0 auid=4294967295 ses=4294967295 msg='op=PAM:accounting acct="root" exe="/usr/sbin/cron" hostname=? addr=? terminal=cron res=success'
type=CRED_ACQ msg=audit(1644124621.880:574): pid=28287 uid=0 auid=4294967295 ses=4294967295 msg='op=PAM:setcred acct="root" exe="/usr/sbin/cron" hostname=? addr=? terminal=cron res=success'
type=LOGIN msg=audit(1644124621.880:575): pid=28287 uid=0 old-auid=4294967295 auid=0 tty=(none) old-ses=4294967295 ses=91 res=1
type=USER_START msg=audit(1644124621.880:576): pid=28287 uid=0 auid=0 ses=91 msg='op=PAM:session_open acct="root" exe="/usr/sbin/cron" hostname=? addr=? terminal=cron res=success'
type=CRED_DISP msg=audit(1644124621.924:577): pid=28287 uid=0 auid=0 ses=91 msg='op=PAM:setcred acct="root" exe="/usr/sbin/cron" hostname=? addr=? terminal=cron res=success'
type=USER_END msg=audit(1644124621.944:578): pid=28287 uid=0 auid=0 ses=91 msg='op=PAM:session_close acct="root" exe="/usr/sbin/cron" hostname=? addr=? terminal=cron res=success'
type=USER_ACCT msg=audit(1644128221.984:579): pid=28301 uid=0 auid=4294967295 ses=4294967295 msg='op=PAM:accounting acct="root" exe="/usr/sbin/cron" hostname=? addr=? terminal=cron res=success'
type=CRED_ACQ msg=audit(1644128221.988:580): pid=28301 uid=0 auid=4294967295 ses=4294967295 msg='op=PAM:setcred acct="root" exe="/usr/sbin/cron" hostname=? addr=? terminal=cron res=success'
type=LOGIN msg=audit(1644128221.988:581): pid=28301 uid=0 old-auid=4294967295 auid=0 tty=(none) old-ses=4294967295 ses=92 res=1
type=USER_START msg=audit(1644128221.988:582): pid=28301 uid=0 auid=0 ses=92 msg='op=PAM:session_open acct="root" exe="/usr/sbin/cron" hostname=? addr=? terminal=cron res=success'
type=CRED_DISP msg=audit(1644128221.992:583): pid=28301 uid=0 auid=0 ses=92 msg='op=PAM:setcred acct="root" exe="/usr/sbin/cron" hostname=? addr=? terminal=cron res=success'
type=USER_END msg=audit(1644128221.992:584): pid=28301 uid=0 auid=0 ses=92 msg='op=PAM:session_close acct="root" exe="/usr/sbin/cron" hostname=? addr=? terminal=cron res=success'
type=USER_ACCT msg=audit(1644128702.021:585): pid=28306 uid=0 auid=4294967295 ses=4294967295 msg='op=PAM:accounting acct="root" exe="/usr/sbin/cron" hostname=? addr=? terminal=cron res=success'
type=CRED_ACQ msg=audit(1644128702.033:586): pid=28306 uid=0 auid=4294967295 ses=4294967295 msg='op=PAM:setcred acct="root" exe="/usr/sbin/cron" hostname=? addr=? terminal=cron res=success'
type=LOGIN msg=audit(1644128702.033:587): pid=28306 uid=0 old-auid=4294967295 auid=0 tty=(none) old-ses=4294967295 ses=93 res=1
type=USER_START msg=audit(1644128702.037:588): pid=28306 uid=0 auid=0 ses=93 msg='op=PAM:session_open acct="root" exe="/usr/sbin/cron" hostname=? addr=? terminal=cron res=success'
type=CRED_DISP msg=audit(1644128730.601:589): pid=28306 uid=0 auid=0 ses=93 msg='op=PAM:setcred acct="root" exe="/usr/sbin/cron" hostname=? addr=? terminal=cron res=success'
type=USER_END msg=audit(1644128730.601:590): pid=28306 uid=0 auid=0 ses=93 msg='op=PAM:session_close acct="root" exe="/usr/sbin/cron" hostname=? addr=? terminal=cron res=success'
type=USER_ACCT msg=audit(1644130022.180:591): pid=28397 uid=0 auid=4294967295 ses=4294967295 msg='op=PAM:accounting acct="root" exe="/usr/sbin/cron" hostname=? addr=? terminal=cron res=success'
type=CRED_ACQ msg=audit(1644130022.184:592): pid=28397 uid=0 auid=4294967295 ses=4294967295 msg='op=PAM:setcred acct="root" exe="/usr/sbin/cron" hostname=? addr=? terminal=cron res=success'
type=LOGIN msg=audit(1644130022.184:593): pid=28397 uid=0 old-auid=4294967295 auid=0 tty=(none) old-ses=4294967295 ses=94 res=1
type=USER_START msg=audit(1644130022.184:594): pid=28397 uid=0 auid=0 ses=94 msg='op=PAM:session_open acct="root" exe="/usr/sbin/cron" hostname=? addr=? terminal=cron res=success'
type=CRED_DISP msg=audit(1644130032.916:595): pid=28397 uid=0 auid=0 ses=94 msg='op=PAM:setcred acct="root" exe="/usr/sbin/cron" hostname=? addr=? terminal=cron res=success'
type=USER_END msg=audit(1644130032.916:596): pid=28397 uid=0 auid=0 ses=94 msg='op=PAM:session_close acct="root" exe="/usr/sbin/cron" hostname=? addr=? terminal=cron res=success'
type=SERVICE_START msg=audit(1644130256.901:597): pid=1 uid=0 auid=4294967295 ses=4294967295 msg='unit=apt-daily-upgrade comm="systemd" exe="/lib/systemd/systemd" hostname=? addr=? terminal=? res=success'
type=SERVICE_STOP msg=audit(1644130256.901:598): pid=1 uid=0 auid=4294967295 ses=4294967295 msg='unit=apt-daily-upgrade comm="systemd" exe="/lib/systemd/systemd" hostname=? addr=? terminal=? res=success'
type=SERVICE_START msg=audit(1644131571.336:599): pid=1 uid=0 auid=4294967295 ses=4294967295 msg='unit=systemd-tmpfiles-clean comm="systemd" exe="/lib/systemd/systemd" hostname=? addr=? terminal=? res=success'
type=SERVICE_STOP msg=audit(1644131571.336:600): pid=1 uid=0 auid=4294967295 ses=4294967295 msg='unit=systemd-tmpfiles-clean comm="systemd" exe="/lib/systemd/systemd" hostname=? addr=? terminal=? res=success'
type=USER_ACCT msg=audit(1644131821.940:601): pid=28537 uid=0 auid=4294967295 ses=4294967295 msg='op=PAM:accounting acct="root" exe="/usr/sbin/cron" hostname=? addr=? terminal=cron res=success'
type=CRED_ACQ msg=audit(1644131821.940:602): pid=28537 uid=0 auid=4294967295 ses=4294967295 msg='op=PAM:setcred acct="root" exe="/usr/sbin/cron" hostname=? addr=? terminal=cron res=success'
type=LOGIN msg=audit(1644131821.940:603): pid=28537 uid=0 old-auid=4294967295 auid=0 tty=(none) old-ses=4294967295 ses=95 res=1
type=USER_START msg=audit(1644131821.940:604): pid=28537 uid=0 auid=0 ses=95 msg='op=PAM:session_open acct="root" exe="/usr/sbin/cron" hostname=? addr=? terminal=cron res=success'
type=CRED_DISP msg=audit(1644131821.948:605): pid=28537 uid=0 auid=0 ses=95 msg='op=PAM:setcred acct="root" exe="/usr/sbin/cron" hostname=? addr=? terminal=cron res=success'
type=USER_END msg=audit(1644131821.948:606): pid=28537 uid=0 auid=0 ses=95 msg='op=PAM:session_close acct="root" exe="/usr/sbin/cron" hostname=? addr=? terminal=cron res=success'
type=USER_ACCT msg=audit(1644135421.997:607): pid=28550 uid=0 auid=4294967295 ses=4294967295 msg='op=PAM:accounting acct="root" exe="/usr/sbin/cron" hostname=? addr=? terminal=cron res=success'
type=CRED_ACQ msg=audit(1644135421.997:608): pid=28550 uid=0 auid=4294967295 ses=4294967295 msg='op=PAM:setcred acct="root" exe="/usr/sbin/cron" hostname=? addr=? terminal=cron res=success'
type=LOGIN msg=audit(1644135421.997:609): pid=28550 uid=0 old-auid=4294967295 auid=0 tty=(none) old-ses=4294967295 ses=96 res=1
type=USER_START msg=audit(1644135421.997:610): pid=28550 uid=0 auid=0 ses=96 msg='op=PAM:session_open acct="root" exe="/usr/sbin/cron" hostname=? addr=? terminal=cron res=success'
type=CRED_DISP msg=audit(1644135422.009:611): pid=28550 uid=0 auid=0 ses=96 msg='op=PAM:setcred acct="root" exe="/usr/sbin/cron" hostname=? addr=? terminal=cron res=success'
type=USER_END msg=audit(1644135422.009:612): pid=28550 uid=0 auid=0 ses=96 msg='op=PAM:session_close acct="root" exe="/usr/sbin/cron" hostname=? addr=? terminal=cron res=success'
type=SERVICE_START msg=audit(1644135907.921:613): pid=1 uid=0 auid=4294967295 ses=4294967295 msg='unit=apt-daily comm="systemd" exe="/lib/systemd/systemd" hostname=? addr=? terminal=? res=success'
type=SERVICE_STOP msg=audit(1644135907.921:614): pid=1 uid=0 auid=4294967295 ses=4294967295 msg='unit=apt-daily comm="systemd" exe="/lib/systemd/systemd" hostname=? addr=? terminal=? res=success'
type=USER_ACCT msg=audit(1644139021.042:615): pid=29010 uid=0 auid=4294967295 ses=4294967295 msg='op=PAM:accounting acct="root" exe="/usr/sbin/cron" hostname=? addr=? terminal=cron res=success'
type=CRED_ACQ msg=audit(1644139021.046:616): pid=29010 uid=0 auid=4294967295 ses=4294967295 msg='op=PAM:setcred acct="root" exe="/usr/sbin/cron" hostname=? addr=? terminal=cron res=success'
type=LOGIN msg=audit(1644139021.046:617): pid=29010 uid=0 old-auid=4294967295 auid=0 tty=(none) old-ses=4294967295 ses=97 res=1
type=USER_START msg=audit(1644139021.046:618): pid=29010 uid=0 auid=0 ses=97 msg='op=PAM:session_open acct="root" exe="/usr/sbin/cron" hostname=? addr=? terminal=cron res=success'
type=CRED_DISP msg=audit(1644139021.054:619): pid=29010 uid=0 auid=0 ses=97 msg='op=PAM:setcred acct="root" exe="/usr/sbin/cron" hostname=? addr=? terminal=cron res=success'
type=USER_END msg=audit(1644139021.054:620): pid=29010 uid=0 auid=0 ses=97 msg='op=PAM:session_close acct="root" exe="/usr/sbin/cron" hostname=? addr=? terminal=cron res=success'
type=USER_ACCT msg=audit(1644142621.095:621): pid=29028 uid=0 auid=4294967295 ses=4294967295 msg='op=PAM:accounting acct="root" exe="/usr/sbin/cron" hostname=? addr=? terminal=cron res=success'
type=CRED_ACQ msg=audit(1644142621.095:622): pid=29028 uid=0 auid=4294967295 ses=4294967295 msg='op=PAM:setcred acct="root" exe="/usr/sbin/cron" hostname=? addr=? terminal=cron res=success'
type=LOGIN msg=audit(1644142621.095:623): pid=29028 uid=0 old-auid=4294967295 auid=0 tty=(none) old-ses=4294967295 ses=98 res=1
type=USER_START msg=audit(1644142621.095:624): pid=29028 uid=0 auid=0 ses=98 msg='op=PAM:session_open acct="root" exe="/usr/sbin/cron" hostname=? addr=? terminal=cron res=success'
type=CRED_DISP msg=audit(1644142621.103:625): pid=29028 uid=0 auid=0 ses=98 msg='op=PAM:setcred acct="root" exe="/usr/sbin/cron" hostname=? addr=? terminal=cron res=success'
type=USER_END msg=audit(1644142621.103:626): pid=29028 uid=0 auid=0 ses=98 msg='op=PAM:session_close acct="root" exe="/usr/sbin/cron" hostname=? addr=? terminal=cron res=success'
type=USER_ACCT msg=audit(1644146221.143:627): pid=29047 uid=0 auid=4294967295 ses=4294967295 msg='op=PAM:accounting acct="root" exe="/usr/sbin/cron" hostname=? addr=? terminal=cron res=success'
type=CRED_ACQ msg=audit(1644146221.143:628): pid=29047 uid=0 auid=4294967295 ses=4294967295 msg='op=PAM:setcred acct="root" exe="/usr/sbin/cron" hostname=? addr=? terminal=cron res=success'
type=LOGIN msg=audit(1644146221.143:629): pid=29047 uid=0 old-auid=4294967295 auid=0 tty=(none) old-ses=4294967295 ses=99 res=1
type=USER_START msg=audit(1644146221.143:630): pid=29047 uid=0 auid=0 ses=99 msg='op=PAM:session_open acct="root" exe="/usr/sbin/cron" hostname=? addr=? terminal=cron res=success'
type=CRED_DISP msg=audit(1644146221.151:631): pid=29047 uid=0 auid=0 ses=99 msg='op=PAM:setcred acct="root" exe="/usr/sbin/cron" hostname=? addr=? terminal=cron res=success'
type=USER_END msg=audit(1644146221.151:632): pid=29047 uid=0 auid=0 ses=99 msg='op=PAM:session_close acct="root" exe="/usr/sbin/cron" hostname=? addr=? terminal=cron res=success'
type=USER_ACCT msg=audit(1644149821.197:633): pid=29063 uid=0 auid=4294967295 ses=4294967295 msg='op=PAM:accounting acct="root" exe="/usr/sbin/cron" hostname=? addr=? terminal=cron res=success'
type=CRED_ACQ msg=audit(1644149821.197:634): pid=29063 uid=0 auid=4294967295 ses=4294967295 msg='op=PAM:setcred acct="root" exe="/usr/sbin/cron" hostname=? addr=? terminal=cron res=success'
type=LOGIN msg=audit(1644149821.197:635): pid=29063 uid=0 old-auid=4294967295 auid=0 tty=(none) old-ses=4294967295 ses=100 res=1
type=USER_START msg=audit(1644149821.197:636): pid=29063 uid=0 auid=0 ses=100 msg='op=PAM:session_open acct="root" exe="/usr/sbin/cron" hostname=? addr=? terminal=cron res=success'
type=CRED_DISP msg=audit(1644149821.205:637): pid=29063 uid=0 auid=0 ses=100 msg='op=PAM:setcred acct="root" exe="/usr/sbin/cron" hostname=? addr=? terminal=cron res=success'
type=USER_END msg=audit(1644149821.205:638): pid=29063 uid=0 auid=0 ses=100 msg='op=PAM:session_close acct="root" exe="/usr/sbin/cron" hostname=? addr=? terminal=cron res=success'
type=USER_ACCT msg=audit(1644153421.242:639): pid=29081 uid=0 auid=4294967295 ses=4294967295 msg='op=PAM:accounting acct="root" exe="/usr/sbin/cron" hostname=? addr=? terminal=cron res=success'
type=CRED_ACQ msg=audit(1644153421.242:640): pid=29081 uid=0 auid=4294967295 ses=4294967295 msg='op=PAM:setcred acct="root" exe="/usr/sbin/cron" hostname=? addr=? terminal=cron res=success'
type=LOGIN msg=audit(1644153421.242:641): pid=29081 uid=0 old-auid=4294967295 auid=0 tty=(none) old-ses=4294967295 ses=101 res=1
type=USER_START msg=audit(1644153421.246:642): pid=29081 uid=0 auid=0 ses=101 msg='op=PAM:session_open acct="root" exe="/usr/sbin/cron" hostname=? addr=? terminal=cron res=success'
type=CRED_DISP msg=audit(1644153421.258:643): pid=29081 uid=0 auid=0 ses=101 msg='op=PAM:setcred acct="root" exe="/usr/sbin/cron" hostname=? addr=? terminal=cron res=success'
type=USER_END msg=audit(1644153421.258:644): pid=29081 uid=0 auid=0 ses=101 msg='op=PAM:session_close acct="root" exe="/usr/sbin/cron" hostname=? addr=? terminal=cron res=success'
type=USER_ACCT msg=audit(1644157021.299:645): pid=29098 uid=0 auid=4294967295 ses=4294967295 msg='op=PAM:accounting acct="root" exe="/usr/sbin/cron" hostname=? addr=? terminal=cron res=success'
type=CRED_ACQ msg=audit(1644157021.299:646): pid=29098 uid=0 auid=4294967295 ses=4294967295 msg='op=PAM:setcred acct="root" exe="/usr/sbin/cron" hostname=? addr=? terminal=cron res=success'
type=LOGIN msg=audit(1644157021.299:647): pid=29098 uid=0 old-auid=4294967295 auid=0 tty=(none) old-ses=4294967295 ses=102 res=1
type=USER_START msg=audit(1644157021.299:648): pid=29098 uid=0 auid=0 ses=102 msg='op=PAM:session_open acct="root" exe="/usr/sbin/cron" hostname=? addr=? terminal=cron res=success'
type=CRED_DISP msg=audit(1644157021.307:649): pid=29098 uid=0 auid=0 ses=102 msg='op=PAM:setcred acct="root" exe="/usr/sbin/cron" hostname=? addr=? terminal=cron res=success'
type=USER_END msg=audit(1644157021.307:650): pid=29098 uid=0 auid=0 ses=102 msg='op=PAM:session_close acct="root" exe="/usr/sbin/cron" hostname=? addr=? terminal=cron res=success'
type=USER_ACCT msg=audit(1644160081.340:651): pid=29115 uid=0 auid=4294967295 ses=4294967295 msg='op=PAM:accounting acct="root" exe="/usr/sbin/cron" hostname=? addr=? terminal=cron res=success'
type=CRED_ACQ msg=audit(1644160081.344:652): pid=29115 uid=0 auid=4294967295 ses=4294967295 msg='op=PAM:setcred acct="root" exe="/usr/sbin/cron" hostname=? addr=? terminal=cron res=success'
type=LOGIN msg=audit(1644160081.344:653): pid=29115 uid=0 old-auid=4294967295 auid=0 tty=(none) old-ses=4294967295 ses=103 res=1
type=USER_START msg=audit(1644160081.344:654): pid=29115 uid=0 auid=0 ses=103 msg='op=PAM:session_open acct="root" exe="/usr/sbin/cron" hostname=? addr=? terminal=cron res=success'
type=CRED_DISP msg=audit(1644160081.356:655): pid=29115 uid=0 auid=0 ses=103 msg='op=PAM:setcred acct="root" exe="/usr/sbin/cron" hostname=? addr=? terminal=cron res=success'
type=USER_END msg=audit(1644160081.356:656): pid=29115 uid=0 auid=0 ses=103 msg='op=PAM:session_close acct="root" exe="/usr/sbin/cron" hostname=? addr=? terminal=cron res=success'
type=USER_ACCT msg=audit(1644160621.372:657): pid=29120 uid=0 auid=4294967295 ses=4294967295 msg='op=PAM:accounting acct="root" exe="/usr/sbin/cron" hostname=? addr=? terminal=cron res=success'
type=CRED_ACQ msg=audit(1644160621.372:658): pid=29120 uid=0 auid=4294967295 ses=4294967295 msg='op=PAM:setcred acct="root" exe="/usr/sbin/cron" hostname=? addr=? terminal=cron res=success'
type=LOGIN msg=audit(1644160621.372:659): pid=29120 uid=0 old-auid=4294967295 auid=0 tty=(none) old-ses=4294967295 ses=104 res=1
type=USER_START msg=audit(1644160621.372:660): pid=29120 uid=0 auid=0 ses=104 msg='op=PAM:session_open acct="root" exe="/usr/sbin/cron" hostname=? addr=? terminal=cron res=success'
type=CRED_DISP msg=audit(1644160621.380:661): pid=29120 uid=0 auid=0 ses=104 msg='op=PAM:setcred acct="root" exe="/usr/sbin/cron" hostname=? addr=? terminal=cron res=success'
type=USER_END msg=audit(1644160621.380:662): pid=29120 uid=0 auid=0 ses=104 msg='op=PAM:session_close acct="root" exe="/usr/sbin/cron" hostname=? addr=? terminal=cron res=success'
type=SERVICE_START msg=audit(1644162891.573:663): pid=1 uid=0 auid=4294967295 ses=4294967295 msg='unit=ua-messaging comm="systemd" exe="/lib/systemd/systemd" hostname=? addr=? terminal=? res=success'
type=SERVICE_STOP msg=audit(1644162891.577:664): pid=1 uid=0 auid=4294967295 ses=4294967295 msg='unit=ua-messaging comm="systemd" exe="/lib/systemd/systemd" hostname=? addr=? terminal=? res=success'
type=USER_ACCT msg=audit(1644164221.421:665): pid=29171 uid=0 auid=4294967295 ses=4294967295 msg='op=PAM:accounting acct="root" exe="/usr/sbin/cron" hostname=? addr=? terminal=cron res=success'
type=CRED_ACQ msg=audit(1644164221.421:666): pid=29171 uid=0 auid=4294967295 ses=4294967295 msg='op=PAM:setcred acct="root" exe="/usr/sbin/cron" hostname=? addr=? terminal=cron res=success'
type=LOGIN msg=audit(1644164221.421:667): pid=29171 uid=0 old-auid=4294967295 auid=0 tty=(none) old-ses=4294967295 ses=105 res=1
type=USER_START msg=audit(1644164221.425:668): pid=29171 uid=0 auid=0 ses=105 msg='op=PAM:session_open acct="root" exe="/usr/sbin/cron" hostname=? addr=? terminal=cron res=success'
type=CRED_DISP msg=audit(1644164221.453:669): pid=29171 uid=0 auid=0 ses=105 msg='op=PAM:setcred acct="root" exe="/usr/sbin/cron" hostname=? addr=? terminal=cron res=success'
type=USER_END msg=audit(1644164221.453:670): pid=29171 uid=0 auid=0 ses=105 msg='op=PAM:session_close acct="root" exe="/usr/sbin/cron" hostname=? addr=? terminal=cron res=success'
type=USER_ACCT msg=audit(1644167821.491:671): pid=29190 uid=0 auid=4294967295 ses=4294967295 msg='op=PAM:accounting acct="root" exe="/usr/sbin/cron" hostname=? addr=? terminal=cron res=success'
type=CRED_ACQ msg=audit(1644167821.491:672): pid=29190 uid=0 auid=4294967295 ses=4294967295 msg='op=PAM:setcred acct="root" exe="/usr/sbin/cron" hostname=? addr=? terminal=cron res=success'
type=LOGIN msg=audit(1644167821.495:673): pid=29190 uid=0 old-auid=4294967295 auid=0 tty=(none) old-ses=4294967295 ses=106 res=1
type=USER_START msg=audit(1644167821.495:674): pid=29190 uid=0 auid=0 ses=106 msg='op=PAM:session_open acct="root" exe="/usr/sbin/cron" hostname=? addr=? terminal=cron res=success'
type=CRED_DISP msg=audit(1644167821.503:675): pid=29190 uid=0 auid=0 ses=106 msg='op=PAM:setcred acct="root" exe="/usr/sbin/cron" hostname=? addr=? terminal=cron res=success'
type=USER_END msg=audit(1644167821.503:676): pid=29190 uid=0 auid=0 ses=106 msg='op=PAM:session_close acct="root" exe="/usr/sbin/cron" hostname=? addr=? terminal=cron res=success'
type=USER_ACCT msg=audit(1644171421.544:677): pid=29203 uid=0 auid=4294967295 ses=4294967295 msg='op=PAM:accounting acct="root" exe="/usr/sbin/cron" hostname=? addr=? terminal=cron res=success'
type=CRED_ACQ msg=audit(1644171421.544:678): pid=29203 uid=0 auid=4294967295 ses=4294967295 msg='op=PAM:setcred acct="root" exe="/usr/sbin/cron" hostname=? addr=? terminal=cron res=success'
type=LOGIN msg=audit(1644171421.544:679): pid=29203 uid=0 old-auid=4294967295 auid=0 tty=(none) old-ses=4294967295 ses=107 res=1
type=USER_START msg=audit(1644171421.548:680): pid=29203 uid=0 auid=0 ses=107 msg='op=PAM:session_open acct="root" exe="/usr/sbin/cron" hostname=? addr=? terminal=cron res=success'
type=CRED_DISP msg=audit(1644171421.556:681): pid=29203 uid=0 auid=0 ses=107 msg='op=PAM:setcred acct="root" exe="/usr/sbin/cron" hostname=? addr=? terminal=cron res=success'
type=USER_END msg=audit(1644171421.556:682): pid=29203 uid=0 auid=0 ses=107 msg='op=PAM:session_close acct="root" exe="/usr/sbin/cron" hostname=? addr=? terminal=cron res=success'
type=USER_ACCT msg=audit(1644175021.594:683): pid=29220 uid=0 auid=4294967295 ses=4294967295 msg='op=PAM:accounting acct="root" exe="/usr/sbin/cron" hostname=? addr=? terminal=cron res=success'
type=CRED_ACQ msg=audit(1644175021.598:684): pid=29220 uid=0 auid=4294967295 ses=4294967295 msg='op=PAM:setcred acct="root" exe="/usr/sbin/cron" hostname=? addr=? terminal=cron res=success'
type=LOGIN msg=audit(1644175021.598:685): pid=29220 uid=0 old-auid=4294967295 auid=0 tty=(none) old-ses=4294967295 ses=108 res=1
type=USER_START msg=audit(1644175021.602:686): pid=29220 uid=0 auid=0 ses=108 msg='op=PAM:session_open acct="root" exe="/usr/sbin/cron" hostname=? addr=? terminal=cron res=success'
type=CRED_DISP msg=audit(1644175021.610:687): pid=29220 uid=0 auid=0 ses=108 msg='op=PAM:setcred acct="root" exe="/usr/sbin/cron" hostname=? addr=? terminal=cron res=success'
type=USER_END msg=audit(1644175021.610:688): pid=29220 uid=0 auid=0 ses=108 msg='op=PAM:session_close acct="root" exe="/usr/sbin/cron" hostname=? addr=? terminal=cron res=success'
type=SERVICE_START msg=audit(1644176221.896:689): pid=1 uid=0 auid=4294967295 ses=4294967295 msg='unit=motd-news comm="systemd" exe="/lib/systemd/systemd" hostname=? addr=? terminal=? res=success'
type=SERVICE_STOP msg=audit(1644176221.896:690): pid=1 uid=0 auid=4294967295 ses=4294967295 msg='unit=motd-news comm="systemd" exe="/lib/systemd/systemd" hostname=? addr=? terminal=? res=success'
type=USER_ACCT msg=audit(1644178621.656:691): pid=29297 uid=0 auid=4294967295 ses=4294967295 msg='op=PAM:accounting acct="root" exe="/usr/sbin/cron" hostname=? addr=? terminal=cron res=success'
type=CRED_ACQ msg=audit(1644178621.660:692): pid=29297 uid=0 auid=4294967295 ses=4294967295 msg='op=PAM:setcred acct="root" exe="/usr/sbin/cron" hostname=? addr=? terminal=cron res=success'
type=LOGIN msg=audit(1644178621.660:693): pid=29297 uid=0 old-auid=4294967295 auid=0 tty=(none) old-ses=4294967295 ses=109 res=1
type=USER_START msg=audit(1644178621.664:694): pid=29297 uid=0 auid=0 ses=109 msg='op=PAM:session_open acct="root" exe="/usr/sbin/cron" hostname=? addr=? terminal=cron res=success'
type=CRED_DISP msg=audit(1644178621.672:695): pid=29297 uid=0 auid=0 ses=109 msg='op=PAM:setcred acct="root" exe="/usr/sbin/cron" hostname=? addr=? terminal=cron res=success'
type=USER_END msg=audit(1644178621.672:696): pid=29297 uid=0 auid=0 ses=109 msg='op=PAM:session_close acct="root" exe="/usr/sbin/cron" hostname=? addr=? terminal=cron res=success'
type=USER_ACCT msg=audit(1644182221.709:697): pid=29310 uid=0 auid=4294967295 ses=4294967295 msg='op=PAM:accounting acct="root" exe="/usr/sbin/cron" hostname=? addr=? terminal=cron res=success'
type=CRED_ACQ msg=audit(1644182221.713:698): pid=29310 uid=0 auid=4294967295 ses=4294967295 msg='op=PAM:setcred acct="root" exe="/usr/sbin/cron" hostname=? addr=? terminal=cron res=success'
type=LOGIN msg=audit(1644182221.713:699): pid=29310 uid=0 old-auid=4294967295 auid=0 tty=(none) old-ses=4294967295 ses=110 res=1
type=USER_START msg=audit(1644182221.713:700): pid=29310 uid=0 auid=0 ses=110 msg='op=PAM:session_open acct="root" exe="/usr/sbin/cron" hostname=? addr=? terminal=cron res=success'
type=CRED_DISP msg=audit(1644182221.721:701): pid=29310 uid=0 auid=0 ses=110 msg='op=PAM:setcred acct="root" exe="/usr/sbin/cron" hostname=? addr=? terminal=cron res=success'
type=USER_END msg=audit(1644182221.721:702): pid=29310 uid=0 auid=0 ses=110 msg='op=PAM:session_close acct="root" exe="/usr/sbin/cron" hostname=? addr=? terminal=cron res=success'
type=USER_ACCT msg=audit(1644185821.763:703): pid=29323 uid=0 auid=4294967295 ses=4294967295 msg='op=PAM:accounting acct="root" exe="/usr/sbin/cron" hostname=? addr=? terminal=cron res=success'
type=CRED_ACQ msg=audit(1644185821.763:704): pid=29323 uid=0 auid=4294967295 ses=4294967295 msg='op=PAM:setcred acct="root" exe="/usr/sbin/cron" hostname=? addr=? terminal=cron res=success'
type=LOGIN msg=audit(1644185821.763:705): pid=29323 uid=0 old-auid=4294967295 auid=0 tty=(none) old-ses=4294967295 ses=111 res=1
type=USER_START msg=audit(1644185821.763:706): pid=29323 uid=0 auid=0 ses=111 msg='op=PAM:session_open acct="root" exe="/usr/sbin/cron" hostname=? addr=? terminal=cron res=success'
type=CRED_DISP msg=audit(1644185821.771:707): pid=29323 uid=0 auid=0 ses=111 msg='op=PAM:setcred acct="root" exe="/usr/sbin/cron" hostname=? addr=? terminal=cron res=success'
type=USER_END msg=audit(1644185821.771:708): pid=29323 uid=0 auid=0 ses=111 msg='op=PAM:session_close acct="root" exe="/usr/sbin/cron" hostname=? addr=? terminal=cron res=success'
type=USER_ACCT msg=audit(1644189421.812:709): pid=29337 uid=0 auid=4294967295 ses=4294967295 msg='op=PAM:accounting acct="root" exe="/usr/sbin/cron" hostname=? addr=? terminal=cron res=success'
type=CRED_ACQ msg=audit(1644189421.812:710): pid=29337 uid=0 auid=4294967295 ses=4294967295 msg='op=PAM:setcred acct="root" exe="/usr/sbin/cron" hostname=? addr=? terminal=cron res=success'
type=LOGIN msg=audit(1644189421.812:711): pid=29337 uid=0 old-auid=4294967295 auid=0 tty=(none) old-ses=4294967295 ses=112 res=1
type=USER_START msg=audit(1644189421.816:712): pid=29337 uid=0 auid=0 ses=112 msg='op=PAM:session_open acct="root" exe="/usr/sbin/cron" hostname=? addr=? terminal=cron res=success'
type=CRED_DISP msg=audit(1644189421.824:713): pid=29337 uid=0 auid=0 ses=112 msg='op=PAM:setcred acct="root" exe="/usr/sbin/cron" hostname=? addr=? terminal=cron res=success'
type=USER_END msg=audit(1644189421.824:714): pid=29337 uid=0 auid=0 ses=112 msg='op=PAM:session_close acct="root" exe="/usr/sbin/cron" hostname=? addr=? terminal=cron res=success'
type=SERVICE_START msg=audit(1644192050.940:715): pid=1 uid=0 auid=4294967295 ses=4294967295 msg='unit=fstrim comm="systemd" exe="/lib/systemd/systemd" hostname=? addr=? terminal=? res=success'
type=SERVICE_STOP msg=audit(1644192050.940:716): pid=1 uid=0 auid=4294967295 ses=4294967295 msg='unit=fstrim comm="systemd" exe="/lib/systemd/systemd" hostname=? addr=? terminal=? res=success'
type=USER_ACCT msg=audit(1644193021.866:717): pid=29367 uid=0 auid=4294967295 ses=4294967295 msg='op=PAM:accounting acct="root" exe="/usr/sbin/cron" hostname=? addr=? terminal=cron res=success'
type=CRED_ACQ msg=audit(1644193021.866:718): pid=29367 uid=0 auid=4294967295 ses=4294967295 msg='op=PAM:setcred acct="root" exe="/usr/sbin/cron" hostname=? addr=? terminal=cron res=success'
type=LOGIN msg=audit(1644193021.866:719): pid=29367 uid=0 old-auid=4294967295 auid=0 tty=(none) old-ses=4294967295 ses=113 res=1
type=USER_START msg=audit(1644193021.866:720): pid=29367 uid=0 auid=0 ses=113 msg='op=PAM:session_open acct="root" exe="/usr/sbin/cron" hostname=? addr=? terminal=cron res=success'
type=CRED_DISP msg=audit(1644193021.874:721): pid=29367 uid=0 auid=0 ses=113 msg='op=PAM:setcred acct="root" exe="/usr/sbin/cron" hostname=? addr=? terminal=cron res=success'
type=USER_END msg=audit(1644193021.874:722): pid=29367 uid=0 auid=0 ses=113 msg='op=PAM:session_close acct="root" exe="/usr/sbin/cron" hostname=? addr=? terminal=cron res=success'
type=USER_ACCT msg=audit(1644196621.920:723): pid=29384 uid=0 auid=4294967295 ses=4294967295 msg='op=PAM:accounting acct="root" exe="/usr/sbin/cron" hostname=? addr=? terminal=cron res=success'
type=CRED_ACQ msg=audit(1644196621.920:724): pid=29384 uid=0 auid=4294967295 ses=4294967295 msg='op=PAM:setcred acct="root" exe="/usr/sbin/cron" hostname=? addr=? terminal=cron res=success'
type=LOGIN msg=audit(1644196621.920:725): pid=29384 uid=0 old-auid=4294967295 auid=0 tty=(none) old-ses=4294967295 ses=114 res=1
type=USER_START msg=audit(1644196621.924:726): pid=29384 uid=0 auid=0 ses=114 msg='op=PAM:session_open acct="root" exe="/usr/sbin/cron" hostname=? addr=? terminal=cron res=success'
type=CRED_DISP msg=audit(1644196621.928:727): pid=29384 uid=0 auid=0 ses=114 msg='op=PAM:setcred acct="root" exe="/usr/sbin/cron" hostname=? addr=? terminal=cron res=success'
type=USER_END msg=audit(1644196621.928:728): pid=29384 uid=0 auid=0 ses=114 msg='op=PAM:session_close acct="root" exe="/usr/sbin/cron" hostname=? addr=? terminal=cron res=success'
type=USER_ACCT msg=audit(1644200221.973:729): pid=29395 uid=0 auid=4294967295 ses=4294967295 msg='op=PAM:accounting acct="root" exe="/usr/sbin/cron" hostname=? addr=? terminal=cron res=success'
type=CRED_ACQ msg=audit(1644200221.977:730): pid=29395 uid=0 auid=4294967295 ses=4294967295 msg='op=PAM:setcred acct="root" exe="/usr/sbin/cron" hostname=? addr=? terminal=cron res=success'
type=LOGIN msg=audit(1644200221.977:731): pid=29395 uid=0 old-auid=4294967295 auid=0 tty=(none) old-ses=4294967295 ses=115 res=1
type=USER_START msg=audit(1644200221.977:732): pid=29395 uid=0 auid=0 ses=115 msg='op=PAM:session_open acct="root" exe="/usr/sbin/cron" hostname=? addr=? terminal=cron res=success'
type=CRED_DISP msg=audit(1644200221.985:733): pid=29395 uid=0 auid=0 ses=115 msg='op=PAM:setcred acct="root" exe="/usr/sbin/cron" hostname=? addr=? terminal=cron res=success'
type=USER_END msg=audit(1644200221.985:734): pid=29395 uid=0 auid=0 ses=115 msg='op=PAM:session_close acct="root" exe="/usr/sbin/cron" hostname=? addr=? terminal=cron res=success'
type=USER_ACCT msg=audit(1644203821.018:735): pid=29406 uid=0 auid=4294967295 ses=4294967295 msg='op=PAM:accounting acct="root" exe="/usr/sbin/cron" hostname=? addr=? terminal=cron res=success'
type=CRED_ACQ msg=audit(1644203821.018:736): pid=29406 uid=0 auid=4294967295 ses=4294967295 msg='op=PAM:setcred acct="root" exe="/usr/sbin/cron" hostname=? addr=? terminal=cron res=success'
type=LOGIN msg=audit(1644203821.018:737): pid=29406 uid=0 old-auid=4294967295 auid=0 tty=(none) old-ses=4294967295 ses=116 res=1
type=USER_START msg=audit(1644203821.018:738): pid=29406 uid=0 auid=0 ses=116 msg='op=PAM:session_open acct="root" exe="/usr/sbin/cron" hostname=? addr=? terminal=cron res=success'
type=CRED_DISP msg=audit(1644203821.026:739): pid=29406 uid=0 auid=0 ses=116 msg='op=PAM:setcred acct="root" exe="/usr/sbin/cron" hostname=? addr=? terminal=cron res=success'
type=USER_END msg=audit(1644203821.026:740): pid=29406 uid=0 auid=0 ses=116 msg='op=PAM:session_close acct="root" exe="/usr/sbin/cron" hostname=? addr=? terminal=cron res=success'
type=SERVICE_START msg=audit(1644204910.054:741): pid=1 uid=0 auid=4294967295 ses=4294967295 msg='unit=apt-daily comm="systemd" exe="/lib/systemd/systemd" hostname=? addr=? terminal=? res=success'
type=SERVICE_STOP msg=audit(1644204910.054:742): pid=1 uid=0 auid=4294967295 ses=4294967295 msg='unit=apt-daily comm="systemd" exe="/lib/systemd/systemd" hostname=? addr=? terminal=? res=success'
type=SERVICE_START msg=audit(1644206092.080:743): pid=1 uid=0 auid=4294967295 ses=4294967295 msg='unit=ua-messaging comm="systemd" exe="/lib/systemd/systemd" hostname=? addr=? terminal=? res=success'
type=SERVICE_STOP msg=audit(1644206092.080:744): pid=1 uid=0 auid=4294967295 ses=4294967295 msg='unit=ua-messaging comm="systemd" exe="/lib/systemd/systemd" hostname=? addr=? terminal=? res=success'
type=USER_ACCT msg=audit(1644207421.080:745): pid=29908 uid=0 auid=4294967295 ses=4294967295 msg='op=PAM:accounting acct="root" exe="/usr/sbin/cron" hostname=? addr=? terminal=cron res=success'
type=CRED_ACQ msg=audit(1644207421.080:746): pid=29908 uid=0 auid=4294967295 ses=4294967295 msg='op=PAM:setcred acct="root" exe="/usr/sbin/cron" hostname=? addr=? terminal=cron res=success'
type=LOGIN msg=audit(1644207421.080:747): pid=29908 uid=0 old-auid=4294967295 auid=0 tty=(none) old-ses=4294967295 ses=117 res=1
type=USER_START msg=audit(1644207421.080:748): pid=29908 uid=0 auid=0 ses=117 msg='op=PAM:session_open acct="root" exe="/usr/sbin/cron" hostname=? addr=? terminal=cron res=success'
type=CRED_DISP msg=audit(1644207421.088:749): pid=29908 uid=0 auid=0 ses=117 msg='op=PAM:setcred acct="root" exe="/usr/sbin/cron" hostname=? addr=? terminal=cron res=success'
type=USER_END msg=audit(1644207421.088:750): pid=29908 uid=0 auid=0 ses=117 msg='op=PAM:session_close acct="root" exe="/usr/sbin/cron" hostname=? addr=? terminal=cron res=success'
type=USER_ACCT msg=audit(1644211021.126:751): pid=29922 uid=0 auid=4294967295 ses=4294967295 msg='op=PAM:accounting acct="root" exe="/usr/sbin/cron" hostname=? addr=? terminal=cron res=success'
type=CRED_ACQ msg=audit(1644211021.126:752): pid=29922 uid=0 auid=4294967295 ses=4294967295 msg='op=PAM:setcred acct="root" exe="/usr/sbin/cron" hostname=? addr=? terminal=cron res=success'
type=LOGIN msg=audit(1644211021.126:753): pid=29922 uid=0 old-auid=4294967295 auid=0 tty=(none) old-ses=4294967295 ses=118 res=1
type=USER_START msg=audit(1644211021.130:754): pid=29922 uid=0 auid=0 ses=118 msg='op=PAM:session_open acct="root" exe="/usr/sbin/cron" hostname=? addr=? terminal=cron res=success'
type=CRED_DISP msg=audit(1644211021.138:755): pid=29922 uid=0 auid=0 ses=118 msg='op=PAM:setcred acct="root" exe="/usr/sbin/cron" hostname=? addr=? terminal=cron res=success'
type=USER_END msg=audit(1644211021.138:756): pid=29922 uid=0 auid=0 ses=118 msg='op=PAM:session_close acct="root" exe="/usr/sbin/cron" hostname=? addr=? terminal=cron res=success'
type=SERVICE_START msg=audit(1644214376.539:757): pid=1 uid=0 auid=4294967295 ses=4294967295 msg='unit=apt-daily-upgrade comm="systemd" exe="/lib/systemd/systemd" hostname=? addr=? terminal=? res=success'
type=SERVICE_STOP msg=audit(1644214376.539:758): pid=1 uid=0 auid=4294967295 ses=4294967295 msg='unit=apt-daily-upgrade comm="systemd" exe="/lib/systemd/systemd" hostname=? addr=? terminal=? res=success'
type=USER_ACCT msg=audit(1644214621.188:759): pid=30029 uid=0 auid=4294967295 ses=4294967295 msg='op=PAM:accounting acct="root" exe="/usr/sbin/cron" hostname=? addr=? terminal=cron res=success'
type=CRED_ACQ msg=audit(1644214621.192:760): pid=30029 uid=0 auid=4294967295 ses=4294967295 msg='op=PAM:setcred acct="root" exe="/usr/sbin/cron" hostname=? addr=? terminal=cron res=success'
type=LOGIN msg=audit(1644214621.192:761): pid=30029 uid=0 old-auid=4294967295 auid=0 tty=(none) old-ses=4294967295 ses=119 res=1
type=USER_START msg=audit(1644214621.192:762): pid=30029 uid=0 auid=0 ses=119 msg='op=PAM:session_open acct="root" exe="/usr/sbin/cron" hostname=? addr=? terminal=cron res=success'
type=CRED_DISP msg=audit(1644214621.200:763): pid=30029 uid=0 auid=0 ses=119 msg='op=PAM:setcred acct="root" exe="/usr/sbin/cron" hostname=? addr=? terminal=cron res=success'
type=USER_END msg=audit(1644214621.200:764): pid=30029 uid=0 auid=0 ses=119 msg='op=PAM:session_close acct="root" exe="/usr/sbin/cron" hostname=? addr=? terminal=cron res=success'
type=USER_ACCT msg=audit(1644215101.241:765): pid=30034 uid=0 auid=4294967295 ses=4294967295 msg='op=PAM:accounting acct="root" exe="/usr/sbin/cron" hostname=? addr=? terminal=cron res=success'
type=CRED_ACQ msg=audit(1644215101.241:766): pid=30034 uid=0 auid=4294967295 ses=4294967295 msg='op=PAM:setcred acct="root" exe="/usr/sbin/cron" hostname=? addr=? terminal=cron res=success'
type=LOGIN msg=audit(1644215101.241:767): pid=30034 uid=0 old-auid=4294967295 auid=0 tty=(none) old-ses=4294967295 ses=120 res=1
type=USER_START msg=audit(1644215101.245:768): pid=30034 uid=0 auid=0 ses=120 msg='op=PAM:session_open acct="root" exe="/usr/sbin/cron" hostname=? addr=? terminal=cron res=success'
type=CRED_DISP msg=audit(1644215116.496:769): pid=30034 uid=0 auid=0 ses=120 msg='op=PAM:setcred acct="root" exe="/usr/sbin/cron" hostname=? addr=? terminal=cron res=success'
type=USER_END msg=audit(1644215116.496:770): pid=30034 uid=0 auid=0 ses=120 msg='op=PAM:session_close acct="root" exe="/usr/sbin/cron" hostname=? addr=? terminal=cron res=success'
type=SERVICE_START msg=audit(1644217971.377:771): pid=1 uid=0 auid=4294967295 ses=4294967295 msg='unit=systemd-tmpfiles-clean comm="systemd" exe="/lib/systemd/systemd" hostname=? addr=? terminal=? res=success'
type=SERVICE_STOP msg=audit(1644217971.377:772): pid=1 uid=0 auid=4294967295 ses=4294967295 msg='unit=systemd-tmpfiles-clean comm="systemd" exe="/lib/systemd/systemd" hostname=? addr=? terminal=? res=success'
type=USER_ACCT msg=audit(1644218221.557:773): pid=30141 uid=0 auid=4294967295 ses=4294967295 msg='op=PAM:accounting acct="root" exe="/usr/sbin/cron" hostname=? addr=? terminal=cron res=success'
type=CRED_ACQ msg=audit(1644218221.557:774): pid=30141 uid=0 auid=4294967295 ses=4294967295 msg='op=PAM:setcred acct="root" exe="/usr/sbin/cron" hostname=? addr=? terminal=cron res=success'
type=LOGIN msg=audit(1644218221.557:775): pid=30141 uid=0 old-auid=4294967295 auid=0 tty=(none) old-ses=4294967295 ses=121 res=1
type=USER_START msg=audit(1644218221.561:776): pid=30141 uid=0 auid=0 ses=121 msg='op=PAM:session_open acct="root" exe="/usr/sbin/cron" hostname=? addr=? terminal=cron res=success'
type=CRED_DISP msg=audit(1644218221.589:777): pid=30141 uid=0 auid=0 ses=121 msg='op=PAM:setcred acct="root" exe="/usr/sbin/cron" hostname=? addr=? terminal=cron res=success'
type=USER_END msg=audit(1644218221.589:778): pid=30141 uid=0 auid=0 ses=121 msg='op=PAM:session_close acct="root" exe="/usr/sbin/cron" hostname=? addr=? terminal=cron res=success'
type=USER_ACCT msg=audit(1644221821.646:779): pid=30158 uid=0 auid=4294967295 ses=4294967295 msg='op=PAM:accounting acct="root" exe="/usr/sbin/cron" hostname=? addr=? terminal=cron res=success'
type=CRED_ACQ msg=audit(1644221821.646:780): pid=30158 uid=0 auid=4294967295 ses=4294967295 msg='op=PAM:setcred acct="root" exe="/usr/sbin/cron" hostname=? addr=? terminal=cron res=success'
type=LOGIN msg=audit(1644221821.646:781): pid=30158 uid=0 old-auid=4294967295 auid=0 tty=(none) old-ses=4294967295 ses=122 res=1
type=USER_START msg=audit(1644221821.646:782): pid=30158 uid=0 auid=0 ses=122 msg='op=PAM:session_open acct="root" exe="/usr/sbin/cron" hostname=? addr=? terminal=cron res=success'
type=CRED_DISP msg=audit(1644221821.654:783): pid=30158 uid=0 auid=0 ses=122 msg='op=PAM:setcred acct="root" exe="/usr/sbin/cron" hostname=? addr=? terminal=cron res=success'
type=USER_END msg=audit(1644221821.654:784): pid=30158 uid=0 auid=0 ses=122 msg='op=PAM:session_close acct="root" exe="/usr/sbin/cron" hostname=? addr=? terminal=cron res=success'
type=SERVICE_START msg=audit(1644223612.359:785): pid=1 uid=0 auid=4294967295 ses=4294967295 msg='unit=apt-daily comm="systemd" exe="/lib/systemd/systemd" hostname=? addr=? terminal=? res=success'
type=SERVICE_STOP msg=audit(1644223612.359:786): pid=1 uid=0 auid=4294967295 ses=4294967295 msg='unit=apt-daily comm="systemd" exe="/lib/systemd/systemd" hostname=? addr=? terminal=? res=success'
type=USER_ACCT msg=audit(1644225421.700:787): pid=30253 uid=0 auid=4294967295 ses=4294967295 msg='op=PAM:accounting acct="root" exe="/usr/sbin/cron" hostname=? addr=? terminal=cron res=success'
type=CRED_ACQ msg=audit(1644225421.704:788): pid=30253 uid=0 auid=4294967295 ses=4294967295 msg='op=PAM:setcred acct="root" exe="/usr/sbin/cron" hostname=? addr=? terminal=cron res=success'
type=LOGIN msg=audit(1644225421.704:789): pid=30253 uid=0 old-auid=4294967295 auid=0 tty=(none) old-ses=4294967295 ses=123 res=1
type=USER_START msg=audit(1644225421.704:790): pid=30253 uid=0 auid=0 ses=123 msg='op=PAM:session_open acct="root" exe="/usr/sbin/cron" hostname=? addr=? terminal=cron res=success'
type=CRED_DISP msg=audit(1644225421.720:791): pid=30253 uid=0 auid=0 ses=123 msg='op=PAM:setcred acct="root" exe="/usr/sbin/cron" hostname=? addr=? terminal=cron res=success'
type=USER_END msg=audit(1644225421.720:792): pid=30253 uid=0 auid=0 ses=123 msg='op=PAM:session_close acct="root" exe="/usr/sbin/cron" hostname=? addr=? terminal=cron res=success'
type=USER_ACCT msg=audit(1644229021.769:793): pid=30269 uid=0 auid=4294967295 ses=4294967295 msg='op=PAM:accounting acct="root" exe="/usr/sbin/cron" hostname=? addr=? terminal=cron res=success'
type=CRED_ACQ msg=audit(1644229021.773:794): pid=30269 uid=0 auid=4294967295 ses=4294967295 msg='op=PAM:setcred acct="root" exe="/usr/sbin/cron" hostname=? addr=? terminal=cron res=success'
type=LOGIN msg=audit(1644229021.773:795): pid=30269 uid=0 old-auid=4294967295 auid=0 tty=(none) old-ses=4294967295 ses=124 res=1
type=USER_START msg=audit(1644229021.777:796): pid=30269 uid=0 auid=0 ses=124 msg='op=PAM:session_open acct="root" exe="/usr/sbin/cron" hostname=? addr=? terminal=cron res=success'
type=CRED_DISP msg=audit(1644229021.785:797): pid=30269 uid=0 auid=0 ses=124 msg='op=PAM:setcred acct="root" exe="/usr/sbin/cron" hostname=? addr=? terminal=cron res=success'
type=USER_END msg=audit(1644229021.785:798): pid=30269 uid=0 auid=0 ses=124 msg='op=PAM:session_close acct="root" exe="/usr/sbin/cron" hostname=? addr=? terminal=cron res=success'
type=SERVICE_START msg=audit(1644231129.022:799): pid=1 uid=0 auid=4294967295 ses=4294967295 msg='unit=motd-news comm="systemd" exe="/lib/systemd/systemd" hostname=? addr=? terminal=? res=success'
type=SERVICE_STOP msg=audit(1644231129.022:800): pid=1 uid=0 auid=4294967295 ses=4294967295 msg='unit=motd-news comm="systemd" exe="/lib/systemd/systemd" hostname=? addr=? terminal=? res=success'
type=USER_ACCT msg=audit(1644232621.827:801): pid=30336 uid=0 auid=4294967295 ses=4294967295 msg='op=PAM:accounting acct="root" exe="/usr/sbin/cron" hostname=? addr=? terminal=cron res=success'
type=CRED_ACQ msg=audit(1644232621.827:802): pid=30336 uid=0 auid=4294967295 ses=4294967295 msg='op=PAM:setcred acct="root" exe="/usr/sbin/cron" hostname=? addr=? terminal=cron res=success'
type=LOGIN msg=audit(1644232621.831:803): pid=30336 uid=0 old-auid=4294967295 auid=0 tty=(none) old-ses=4294967295 ses=125 res=1
type=USER_START msg=audit(1644232621.831:804): pid=30336 uid=0 auid=0 ses=125 msg='op=PAM:session_open acct="root" exe="/usr/sbin/cron" hostname=? addr=? terminal=cron res=success'
type=CRED_DISP msg=audit(1644232621.839:805): pid=30336 uid=0 auid=0 ses=125 msg='op=PAM:setcred acct="root" exe="/usr/sbin/cron" hostname=? addr=? terminal=cron res=success'
type=USER_END msg=audit(1644232621.839:806): pid=30336 uid=0 auid=0 ses=125 msg='op=PAM:session_close acct="root" exe="/usr/sbin/cron" hostname=? addr=? terminal=cron res=success'
type=USER_ACCT msg=audit(1644236221.884:807): pid=30352 uid=0 auid=4294967295 ses=4294967295 msg='op=PAM:accounting acct="root" exe="/usr/sbin/cron" hostname=? addr=? terminal=cron res=success'
type=CRED_ACQ msg=audit(1644236221.884:808): pid=30352 uid=0 auid=4294967295 ses=4294967295 msg='op=PAM:setcred acct="root" exe="/usr/sbin/cron" hostname=? addr=? terminal=cron res=success'
type=LOGIN msg=audit(1644236221.884:809): pid=30352 uid=0 old-auid=4294967295 auid=0 tty=(none) old-ses=4294967295 ses=126 res=1
type=USER_START msg=audit(1644236221.884:810): pid=30352 uid=0 auid=0 ses=126 msg='op=PAM:session_open acct="root" exe="/usr/sbin/cron" hostname=? addr=? terminal=cron res=success'
type=CRED_DISP msg=audit(1644236221.900:811): pid=30352 uid=0 auid=0 ses=126 msg='op=PAM:setcred acct="root" exe="/usr/sbin/cron" hostname=? addr=? terminal=cron res=success'
type=USER_END msg=audit(1644236221.900:812): pid=30352 uid=0 auid=0 ses=126 msg='op=PAM:session_close acct="root" exe="/usr/sbin/cron" hostname=? addr=? terminal=cron res=success'
type=USER_ACCT msg=audit(1644239821.938:813): pid=30367 uid=0 auid=4294967295 ses=4294967295 msg='op=PAM:accounting acct="root" exe="/usr/sbin/cron" hostname=? addr=? terminal=cron res=success'
type=CRED_ACQ msg=audit(1644239821.938:814): pid=30367 uid=0 auid=4294967295 ses=4294967295 msg='op=PAM:setcred acct="root" exe="/usr/sbin/cron" hostname=? addr=? terminal=cron res=success'
type=LOGIN msg=audit(1644239821.938:815): pid=30367 uid=0 old-auid=4294967295 auid=0 tty=(none) old-ses=4294967295 ses=127 res=1
type=USER_START msg=audit(1644239821.938:816): pid=30367 uid=0 auid=0 ses=127 msg='op=PAM:session_open acct="root" exe="/usr/sbin/cron" hostname=? addr=? terminal=cron res=success'
type=CRED_DISP msg=audit(1644239821.946:817): pid=30367 uid=0 auid=0 ses=127 msg='op=PAM:setcred acct="root" exe="/usr/sbin/cron" hostname=? addr=? terminal=cron res=success'
type=USER_END msg=audit(1644239821.950:818): pid=30367 uid=0 auid=0 ses=127 msg='op=PAM:session_close acct="root" exe="/usr/sbin/cron" hostname=? addr=? terminal=cron res=success'
type=USER_ACCT msg=audit(1644243421.995:819): pid=30383 uid=0 auid=4294967295 ses=4294967295 msg='op=PAM:accounting acct="root" exe="/usr/sbin/cron" hostname=? addr=? terminal=cron res=success'
type=CRED_ACQ msg=audit(1644243421.995:820): pid=30383 uid=0 auid=4294967295 ses=4294967295 msg='op=PAM:setcred acct="root" exe="/usr/sbin/cron" hostname=? addr=? terminal=cron res=success'
type=LOGIN msg=audit(1644243421.995:821): pid=30383 uid=0 old-auid=4294967295 auid=0 tty=(none) old-ses=4294967295 ses=128 res=1
type=USER_START msg=audit(1644243421.995:822): pid=30383 uid=0 auid=0 ses=128 msg='op=PAM:session_open acct="root" exe="/usr/sbin/cron" hostname=? addr=? terminal=cron res=success'
type=CRED_DISP msg=audit(1644243422.003:823): pid=30383 uid=0 auid=0 ses=128 msg='op=PAM:setcred acct="root" exe="/usr/sbin/cron" hostname=? addr=? terminal=cron res=success'
type=USER_END msg=audit(1644243422.003:824): pid=30383 uid=0 auid=0 ses=128 msg='op=PAM:session_close acct="root" exe="/usr/sbin/cron" hostname=? addr=? terminal=cron res=success'
type=USER_ACCT msg=audit(1644246481.037:825): pid=30395 uid=0 auid=4294967295 ses=4294967295 msg='op=PAM:accounting acct="root" exe="/usr/sbin/cron" hostname=? addr=? terminal=cron res=success'
type=CRED_ACQ msg=audit(1644246481.037:826): pid=30395 uid=0 auid=4294967295 ses=4294967295 msg='op=PAM:setcred acct="root" exe="/usr/sbin/cron" hostname=? addr=? terminal=cron res=success'
type=LOGIN msg=audit(1644246481.037:827): pid=30395 uid=0 old-auid=4294967295 auid=0 tty=(none) old-ses=4294967295 ses=129 res=1
type=USER_START msg=audit(1644246481.037:828): pid=30395 uid=0 auid=0 ses=129 msg='op=PAM:session_open acct="root" exe="/usr/sbin/cron" hostname=? addr=? terminal=cron res=success'
type=CRED_DISP msg=audit(1644246481.045:829): pid=30395 uid=0 auid=0 ses=129 msg='op=PAM:setcred acct="root" exe="/usr/sbin/cron" hostname=? addr=? terminal=cron res=success'
type=USER_END msg=audit(1644246481.045:830): pid=30395 uid=0 auid=0 ses=129 msg='op=PAM:session_close acct="root" exe="/usr/sbin/cron" hostname=? addr=? terminal=cron res=success'
type=USER_ACCT msg=audit(1644247021.057:831): pid=30400 uid=0 auid=4294967295 ses=4294967295 msg='op=PAM:accounting acct="root" exe="/usr/sbin/cron" hostname=? addr=? terminal=cron res=success'
type=CRED_ACQ msg=audit(1644247021.061:832): pid=30400 uid=0 auid=4294967295 ses=4294967295 msg='op=PAM:setcred acct="root" exe="/usr/sbin/cron" hostname=? addr=? terminal=cron res=success'
type=LOGIN msg=audit(1644247021.061:833): pid=30400 uid=0 old-auid=4294967295 auid=0 tty=(none) old-ses=4294967295 ses=130 res=1
type=USER_START msg=audit(1644247021.065:834): pid=30400 uid=0 auid=0 ses=130 msg='op=PAM:session_open acct="root" exe="/usr/sbin/cron" hostname=? addr=? terminal=cron res=success'
type=CRED_DISP msg=audit(1644247021.069:835): pid=30400 uid=0 auid=0 ses=130 msg='op=PAM:setcred acct="root" exe="/usr/sbin/cron" hostname=? addr=? terminal=cron res=success'
type=USER_END msg=audit(1644247021.073:836): pid=30400 uid=0 auid=0 ses=130 msg='op=PAM:session_close acct="root" exe="/usr/sbin/cron" hostname=? addr=? terminal=cron res=success'
type=SERVICE_START msg=audit(1644249052.317:837): pid=1 uid=0 auid=4294967295 ses=4294967295 msg='unit=ua-messaging comm="systemd" exe="/lib/systemd/systemd" hostname=? addr=? terminal=? res=success'
type=SERVICE_STOP msg=audit(1644249052.317:838): pid=1 uid=0 auid=4294967295 ses=4294967295 msg='unit=ua-messaging comm="systemd" exe="/lib/systemd/systemd" hostname=? addr=? terminal=? res=success'
type=SERVICE_START msg=audit(1644249242.899:839): pid=1 uid=0 auid=4294967295 ses=4294967295 msg='unit=motd-news comm="systemd" exe="/lib/systemd/systemd" hostname=? addr=? terminal=? res=success'
type=SERVICE_STOP msg=audit(1644249242.899:840): pid=1 uid=0 auid=4294967295 ses=4294967295 msg='unit=motd-news comm="systemd" exe="/lib/systemd/systemd" hostname=? addr=? terminal=? res=success'
type=USER_ACCT msg=audit(1644250621.110:841): pid=30506 uid=0 auid=4294967295 ses=4294967295 msg='op=PAM:accounting acct="root" exe="/usr/sbin/cron" hostname=? addr=? terminal=cron res=success'
type=CRED_ACQ msg=audit(1644250621.110:842): pid=30506 uid=0 auid=4294967295 ses=4294967295 msg='op=PAM:setcred acct="root" exe="/usr/sbin/cron" hostname=? addr=? terminal=cron res=success'
type=LOGIN msg=audit(1644250621.110:843): pid=30506 uid=0 old-auid=4294967295 auid=0 tty=(none) old-ses=4294967295 ses=131 res=1
type=USER_START msg=audit(1644250621.110:844): pid=30506 uid=0 auid=0 ses=131 msg='op=PAM:session_open acct="root" exe="/usr/sbin/cron" hostname=? addr=? terminal=cron res=success'
type=CRED_DISP msg=audit(1644250621.122:845): pid=30506 uid=0 auid=0 ses=131 msg='op=PAM:setcred acct="root" exe="/usr/sbin/cron" hostname=? addr=? terminal=cron res=success'
type=USER_END msg=audit(1644250621.122:846): pid=30506 uid=0 auid=0 ses=131 msg='op=PAM:session_close acct="root" exe="/usr/sbin/cron" hostname=? addr=? terminal=cron res=success'
type=USER_ACCT msg=audit(1644254221.164:847): pid=30524 uid=0 auid=4294967295 ses=4294967295 msg='op=PAM:accounting acct="root" exe="/usr/sbin/cron" hostname=? addr=? terminal=cron res=success'
type=CRED_ACQ msg=audit(1644254221.164:848): pid=30524 uid=0 auid=4294967295 ses=4294967295 msg='op=PAM:setcred acct="root" exe="/usr/sbin/cron" hostname=? addr=? terminal=cron res=success'
type=LOGIN msg=audit(1644254221.164:849): pid=30524 uid=0 old-auid=4294967295 auid=0 tty=(none) old-ses=4294967295 ses=132 res=1
type=USER_START msg=audit(1644254221.164:850): pid=30524 uid=0 auid=0 ses=132 msg='op=PAM:session_open acct="root" exe="/usr/sbin/cron" hostname=? addr=? terminal=cron res=success'
type=CRED_DISP msg=audit(1644254221.172:851): pid=30524 uid=0 auid=0 ses=132 msg='op=PAM:setcred acct="root" exe="/usr/sbin/cron" hostname=? addr=? terminal=cron res=success'
type=USER_END msg=audit(1644254221.176:852): pid=30524 uid=0 auid=0 ses=132 msg='op=PAM:session_close acct="root" exe="/usr/sbin/cron" hostname=? addr=? terminal=cron res=success'
type=USER_ACCT msg=audit(1644257821.217:853): pid=30538 uid=0 auid=4294967295 ses=4294967295 msg='op=PAM:accounting acct="root" exe="/usr/sbin/cron" hostname=? addr=? terminal=cron res=success'
type=CRED_ACQ msg=audit(1644257821.217:854): pid=30538 uid=0 auid=4294967295 ses=4294967295 msg='op=PAM:setcred acct="root" exe="/usr/sbin/cron" hostname=? addr=? terminal=cron res=success'
type=LOGIN msg=audit(1644257821.217:855): pid=30538 uid=0 old-auid=4294967295 auid=0 tty=(none) old-ses=4294967295 ses=133 res=1
type=USER_START msg=audit(1644257821.217:856): pid=30538 uid=0 auid=0 ses=133 msg='op=PAM:session_open acct="root" exe="/usr/sbin/cron" hostname=? addr=? terminal=cron res=success'
type=CRED_DISP msg=audit(1644257821.225:857): pid=30538 uid=0 auid=0 ses=133 msg='op=PAM:setcred acct="root" exe="/usr/sbin/cron" hostname=? addr=? terminal=cron res=success'
type=USER_END msg=audit(1644257821.225:858): pid=30538 uid=0 auid=0 ses=133 msg='op=PAM:session_close acct="root" exe="/usr/sbin/cron" hostname=? addr=? terminal=cron res=success'
type=USER_ACCT msg=audit(1644261421.262:859): pid=30557 uid=0 auid=4294967295 ses=4294967295 msg='op=PAM:accounting acct="root" exe="/usr/sbin/cron" hostname=? addr=? terminal=cron res=success'
type=CRED_ACQ msg=audit(1644261421.266:860): pid=30557 uid=0 auid=4294967295 ses=4294967295 msg='op=PAM:setcred acct="root" exe="/usr/sbin/cron" hostname=? addr=? terminal=cron res=success'
type=LOGIN msg=audit(1644261421.266:861): pid=30557 uid=0 old-auid=4294967295 auid=0 tty=(none) old-ses=4294967295 ses=134 res=1
type=USER_START msg=audit(1644261421.266:862): pid=30557 uid=0 auid=0 ses=134 msg='op=PAM:session_open acct="root" exe="/usr/sbin/cron" hostname=? addr=? terminal=cron res=success'
type=CRED_DISP msg=audit(1644261421.282:863): pid=30557 uid=0 auid=0 ses=134 msg='op=PAM:setcred acct="root" exe="/usr/sbin/cron" hostname=? addr=? terminal=cron res=success'
type=USER_END msg=audit(1644261421.282:864): pid=30557 uid=0 auid=0 ses=134 msg='op=PAM:session_close acct="root" exe="/usr/sbin/cron" hostname=? addr=? terminal=cron res=success'
type=SERVICE_START msg=audit(1644261892.983:865): pid=1 uid=0 auid=4294967295 ses=4294967295 msg='unit=apt-daily comm="systemd" exe="/lib/systemd/systemd" hostname=? addr=? terminal=? res=success'
type=SERVICE_STOP msg=audit(1644261892.983:866): pid=1 uid=0 auid=4294967295 ses=4294967295 msg='unit=apt-daily comm="systemd" exe="/lib/systemd/systemd" hostname=? addr=? terminal=? res=success'
type=USER_ACCT msg=audit(1644265021.327:867): pid=30646 uid=0 auid=4294967295 ses=4294967295 msg='op=PAM:accounting acct="root" exe="/usr/sbin/cron" hostname=? addr=? terminal=cron res=success'
type=CRED_ACQ msg=audit(1644265021.327:868): pid=30646 uid=0 auid=4294967295 ses=4294967295 msg='op=PAM:setcred acct="root" exe="/usr/sbin/cron" hostname=? addr=? terminal=cron res=success'
type=LOGIN msg=audit(1644265021.327:869): pid=30646 uid=0 old-auid=4294967295 auid=0 tty=(none) old-ses=4294967295 ses=135 res=1
type=USER_START msg=audit(1644265021.327:870): pid=30646 uid=0 auid=0 ses=135 msg='op=PAM:session_open acct="root" exe="/usr/sbin/cron" hostname=? addr=? terminal=cron res=success'
type=CRED_DISP msg=audit(1644265021.371:871): pid=30646 uid=0 auid=0 ses=135 msg='op=PAM:setcred acct="root" exe="/usr/sbin/cron" hostname=? addr=? terminal=cron res=success'
type=USER_END msg=audit(1644265021.371:872): pid=30646 uid=0 auid=0 ses=135 msg='op=PAM:session_close acct="root" exe="/usr/sbin/cron" hostname=? addr=? terminal=cron res=success'
type=USER_ACCT msg=audit(1644268621.412:873): pid=30660 uid=0 auid=4294967295 ses=4294967295 msg='op=PAM:accounting acct="root" exe="/usr/sbin/cron" hostname=? addr=? terminal=cron res=success'
type=CRED_ACQ msg=audit(1644268621.412:874): pid=30660 uid=0 auid=4294967295 ses=4294967295 msg='op=PAM:setcred acct="root" exe="/usr/sbin/cron" hostname=? addr=? terminal=cron res=success'
type=LOGIN msg=audit(1644268621.412:875): pid=30660 uid=0 old-auid=4294967295 auid=0 tty=(none) old-ses=4294967295 ses=136 res=1
type=USER_START msg=audit(1644268621.412:876): pid=30660 uid=0 auid=0 ses=136 msg='op=PAM:session_open acct="root" exe="/usr/sbin/cron" hostname=? addr=? terminal=cron res=success'
type=CRED_DISP msg=audit(1644268621.420:877): pid=30660 uid=0 auid=0 ses=136 msg='op=PAM:setcred acct="root" exe="/usr/sbin/cron" hostname=? addr=? terminal=cron res=success'
type=USER_END msg=audit(1644268621.420:878): pid=30660 uid=0 auid=0 ses=136 msg='op=PAM:session_close acct="root" exe="/usr/sbin/cron" hostname=? addr=? terminal=cron res=success'
type=USER_ACCT msg=audit(1644272221.461:879): pid=30674 uid=0 auid=4294967295 ses=4294967295 msg='op=PAM:accounting acct="root" exe="/usr/sbin/cron" hostname=? addr=? terminal=cron res=success'
type=CRED_ACQ msg=audit(1644272221.461:880): pid=30674 uid=0 auid=4294967295 ses=4294967295 msg='op=PAM:setcred acct="root" exe="/usr/sbin/cron" hostname=? addr=? terminal=cron res=success'
type=LOGIN msg=audit(1644272221.461:881): pid=30674 uid=0 old-auid=4294967295 auid=0 tty=(none) old-ses=4294967295 ses=137 res=1
type=USER_START msg=audit(1644272221.465:882): pid=30674 uid=0 auid=0 ses=137 msg='op=PAM:session_open acct="root" exe="/usr/sbin/cron" hostname=? addr=? terminal=cron res=success'
type=CRED_DISP msg=audit(1644272221.473:883): pid=30674 uid=0 auid=0 ses=137 msg='op=PAM:setcred acct="root" exe="/usr/sbin/cron" hostname=? addr=? terminal=cron res=success'
type=USER_END msg=audit(1644272221.473:884): pid=30674 uid=0 auid=0 ses=137 msg='op=PAM:session_close acct="root" exe="/usr/sbin/cron" hostname=? addr=? terminal=cron res=success'
type=USER_ACCT msg=audit(1644275821.511:885): pid=30686 uid=0 auid=4294967295 ses=4294967295 msg='op=PAM:accounting acct="root" exe="/usr/sbin/cron" hostname=? addr=? terminal=cron res=success'
type=CRED_ACQ msg=audit(1644275821.511:886): pid=30686 uid=0 auid=4294967295 ses=4294967295 msg='op=PAM:setcred acct="root" exe="/usr/sbin/cron" hostname=? addr=? terminal=cron res=success'
type=LOGIN msg=audit(1644275821.515:887): pid=30686 uid=0 old-auid=4294967295 auid=0 tty=(none) old-ses=4294967295 ses=138 res=1
type=USER_START msg=audit(1644275821.515:888): pid=30686 uid=0 auid=0 ses=138 msg='op=PAM:session_open acct="root" exe="/usr/sbin/cron" hostname=? addr=? terminal=cron res=success'
type=CRED_DISP msg=audit(1644275821.523:889): pid=30686 uid=0 auid=0 ses=138 msg='op=PAM:setcred acct="root" exe="/usr/sbin/cron" hostname=? addr=? terminal=cron res=success'
type=USER_END msg=audit(1644275821.523:890): pid=30686 uid=0 auid=0 ses=138 msg='op=PAM:session_close acct="root" exe="/usr/sbin/cron" hostname=? addr=? terminal=cron res=success'
type=USER_ACCT msg=audit(1644279421.561:891): pid=30698 uid=0 auid=4294967295 ses=4294967295 msg='op=PAM:accounting acct="root" exe="/usr/sbin/cron" hostname=? addr=? terminal=cron res=success'
type=CRED_ACQ msg=audit(1644279421.561:892): pid=30698 uid=0 auid=4294967295 ses=4294967295 msg='op=PAM:setcred acct="root" exe="/usr/sbin/cron" hostname=? addr=? terminal=cron res=success'
type=LOGIN msg=audit(1644279421.561:893): pid=30698 uid=0 old-auid=4294967295 auid=0 tty=(none) old-ses=4294967295 ses=139 res=1
type=USER_START msg=audit(1644279421.565:894): pid=30698 uid=0 auid=0 ses=139 msg='op=PAM:session_open acct="root" exe="/usr/sbin/cron" hostname=? addr=? terminal=cron res=success'
type=CRED_DISP msg=audit(1644279421.569:895): pid=30698 uid=0 auid=0 ses=139 msg='op=PAM:setcred acct="root" exe="/usr/sbin/cron" hostname=? addr=? terminal=cron res=success'
type=USER_END msg=audit(1644279421.569:896): pid=30698 uid=0 auid=0 ses=139 msg='op=PAM:session_close acct="root" exe="/usr/sbin/cron" hostname=? addr=? terminal=cron res=success'
type=USER_ACCT msg=audit(1644283021.602:897): pid=30711 uid=0 auid=4294967295 ses=4294967295 msg='op=PAM:accounting acct="root" exe="/usr/sbin/cron" hostname=? addr=? terminal=cron res=success'
type=CRED_ACQ msg=audit(1644283021.602:898): pid=30711 uid=0 auid=4294967295 ses=4294967295 msg='op=PAM:setcred acct="root" exe="/usr/sbin/cron" hostname=? addr=? terminal=cron res=success'
type=LOGIN msg=audit(1644283021.606:899): pid=30711 uid=0 old-auid=4294967295 auid=0 tty=(none) old-ses=4294967295 ses=140 res=1
type=USER_START msg=audit(1644283021.606:900): pid=30711 uid=0 auid=0 ses=140 msg='op=PAM:session_open acct="root" exe="/usr/sbin/cron" hostname=? addr=? terminal=cron res=success'
type=CRED_DISP msg=audit(1644283021.614:901): pid=30711 uid=0 auid=0 ses=140 msg='op=PAM:setcred acct="root" exe="/usr/sbin/cron" hostname=? addr=? terminal=cron res=success'
type=USER_END msg=audit(1644283021.614:902): pid=30711 uid=0 auid=0 ses=140 msg='op=PAM:session_close acct="root" exe="/usr/sbin/cron" hostname=? addr=? terminal=cron res=success'
type=USER_ACCT msg=audit(1644286621.655:903): pid=30725 uid=0 auid=4294967295 ses=4294967295 msg='op=PAM:accounting acct="root" exe="/usr/sbin/cron" hostname=? addr=? terminal=cron res=success'
type=CRED_ACQ msg=audit(1644286621.655:904): pid=30725 uid=0 auid=4294967295 ses=4294967295 msg='op=PAM:setcred acct="root" exe="/usr/sbin/cron" hostname=? addr=? terminal=cron res=success'
type=LOGIN msg=audit(1644286621.655:905): pid=30725 uid=0 old-auid=4294967295 auid=0 tty=(none) old-ses=4294967295 ses=141 res=1
type=USER_START msg=audit(1644286621.655:906): pid=30725 uid=0 auid=0 ses=141 msg='op=PAM:session_open acct="root" exe="/usr/sbin/cron" hostname=? addr=? terminal=cron res=success'
type=CRED_DISP msg=audit(1644286621.707:907): pid=30725 uid=0 auid=0 ses=141 msg='op=PAM:setcred acct="root" exe="/usr/sbin/cron" hostname=? addr=? terminal=cron res=success'
type=USER_END msg=audit(1644286621.707:908): pid=30725 uid=0 auid=0 ses=141 msg='op=PAM:session_close acct="root" exe="/usr/sbin/cron" hostname=? addr=? terminal=cron res=success'
type=SERVICE_START msg=audit(1644289311.598:909): pid=1 uid=0 auid=4294967295 ses=4294967295 msg='unit=ua-messaging comm="systemd" exe="/lib/systemd/systemd" hostname=? addr=? terminal=? res=success'
type=SERVICE_STOP msg=audit(1644289311.598:910): pid=1 uid=0 auid=4294967295 ses=4294967295 msg='unit=ua-messaging comm="systemd" exe="/lib/systemd/systemd" hostname=? addr=? terminal=? res=success'
type=USER_ACCT msg=audit(1644290221.752:911): pid=30775 uid=0 auid=4294967295 ses=4294967295 msg='op=PAM:accounting acct="root" exe="/usr/sbin/cron" hostname=? addr=? terminal=cron res=success'
type=CRED_ACQ msg=audit(1644290221.752:912): pid=30775 uid=0 auid=4294967295 ses=4294967295 msg='op=PAM:setcred acct="root" exe="/usr/sbin/cron" hostname=? addr=? terminal=cron res=success'
type=LOGIN msg=audit(1644290221.752:913): pid=30775 uid=0 old-auid=4294967295 auid=0 tty=(none) old-ses=4294967295 ses=142 res=1
type=USER_START msg=audit(1644290221.752:914): pid=30775 uid=0 auid=0 ses=142 msg='op=PAM:session_open acct="root" exe="/usr/sbin/cron" hostname=? addr=? terminal=cron res=success'
type=CRED_DISP msg=audit(1644290221.760:915): pid=30775 uid=0 auid=0 ses=142 msg='op=PAM:setcred acct="root" exe="/usr/sbin/cron" hostname=? addr=? terminal=cron res=success'
type=USER_END msg=audit(1644290221.760:916): pid=30775 uid=0 auid=0 ses=142 msg='op=PAM:session_close acct="root" exe="/usr/sbin/cron" hostname=? addr=? terminal=cron res=success'
type=USER_ACCT msg=audit(1644293821.800:917): pid=30788 uid=0 auid=4294967295 ses=4294967295 msg='op=PAM:accounting acct="root" exe="/usr/sbin/cron" hostname=? addr=? terminal=cron res=success'
type=CRED_ACQ msg=audit(1644293821.800:918): pid=30788 uid=0 auid=4294967295 ses=4294967295 msg='op=PAM:setcred acct="root" exe="/usr/sbin/cron" hostname=? addr=? terminal=cron res=success'
type=LOGIN msg=audit(1644293821.800:919): pid=30788 uid=0 old-auid=4294967295 auid=0 tty=(none) old-ses=4294967295 ses=143 res=1
type=USER_START msg=audit(1644293821.800:920): pid=30788 uid=0 auid=0 ses=143 msg='op=PAM:session_open acct="root" exe="/usr/sbin/cron" hostname=? addr=? terminal=cron res=success'
type=CRED_DISP msg=audit(1644293821.808:921): pid=30788 uid=0 auid=0 ses=143 msg='op=PAM:setcred acct="root" exe="/usr/sbin/cron" hostname=? addr=? terminal=cron res=success'
type=USER_END msg=audit(1644293821.808:922): pid=30788 uid=0 auid=0 ses=143 msg='op=PAM:session_close acct="root" exe="/usr/sbin/cron" hostname=? addr=? terminal=cron res=success'
type=USER_ACCT msg=audit(1644297421.849:923): pid=30800 uid=0 auid=4294967295 ses=4294967295 msg='op=PAM:accounting acct="root" exe="/usr/sbin/cron" hostname=? addr=? terminal=cron res=success'
type=CRED_ACQ msg=audit(1644297421.849:924): pid=30800 uid=0 auid=4294967295 ses=4294967295 msg='op=PAM:setcred acct="root" exe="/usr/sbin/cron" hostname=? addr=? terminal=cron res=success'
type=LOGIN msg=audit(1644297421.853:925): pid=30800 uid=0 old-auid=4294967295 auid=0 tty=(none) old-ses=4294967295 ses=144 res=1
type=USER_START msg=audit(1644297421.853:926): pid=30800 uid=0 auid=0 ses=144 msg='op=PAM:session_open acct="root" exe="/usr/sbin/cron" hostname=? addr=? terminal=cron res=success'
type=CRED_DISP msg=audit(1644297421.861:927): pid=30800 uid=0 auid=0 ses=144 msg='op=PAM:setcred acct="root" exe="/usr/sbin/cron" hostname=? addr=? terminal=cron res=success'
type=USER_END msg=audit(1644297421.861:928): pid=30800 uid=0 auid=0 ses=144 msg='op=PAM:session_close acct="root" exe="/usr/sbin/cron" hostname=? addr=? terminal=cron res=success'
type=USER_ACCT msg=audit(1644301021.905:929): pid=30814 uid=0 auid=4294967295 ses=4294967295 msg='op=PAM:accounting acct="root" exe="/usr/sbin/cron" hostname=? addr=? terminal=cron res=success'
type=CRED_ACQ msg=audit(1644301021.905:930): pid=30814 uid=0 auid=4294967295 ses=4294967295 msg='op=PAM:setcred acct="root" exe="/usr/sbin/cron" hostname=? addr=? terminal=cron res=success'
type=LOGIN msg=audit(1644301021.905:931): pid=30814 uid=0 old-auid=4294967295 auid=0 tty=(none) old-ses=4294967295 ses=145 res=1
type=USER_START msg=audit(1644301021.905:932): pid=30814 uid=0 auid=0 ses=145 msg='op=PAM:session_open acct="root" exe="/usr/sbin/cron" hostname=? addr=? terminal=cron res=success'
type=CRED_DISP msg=audit(1644301021.921:933): pid=30814 uid=0 auid=0 ses=145 msg='op=PAM:setcred acct="root" exe="/usr/sbin/cron" hostname=? addr=? terminal=cron res=success'
type=USER_END msg=audit(1644301021.921:934): pid=30814 uid=0 auid=0 ses=145 msg='op=PAM:session_close acct="root" exe="/usr/sbin/cron" hostname=? addr=? terminal=cron res=success'
type=USER_ACCT msg=audit(1644301501.934:935): pid=30819 uid=0 auid=4294967295 ses=4294967295 msg='op=PAM:accounting acct="root" exe="/usr/sbin/cron" hostname=? addr=? terminal=cron res=success'
type=CRED_ACQ msg=audit(1644301501.938:936): pid=30819 uid=0 auid=4294967295 ses=4294967295 msg='op=PAM:setcred acct="root" exe="/usr/sbin/cron" hostname=? addr=? terminal=cron res=success'
type=LOGIN msg=audit(1644301501.938:937): pid=30819 uid=0 old-auid=4294967295 auid=0 tty=(none) old-ses=4294967295 ses=146 res=1
type=USER_START msg=audit(1644301501.942:938): pid=30819 uid=0 auid=0 ses=146 msg='op=PAM:session_open acct="root" exe="/usr/sbin/cron" hostname=? addr=? terminal=cron res=success'
type=CRED_DISP msg=audit(1644301510.286:939): pid=30819 uid=0 auid=0 ses=146 msg='op=PAM:setcred acct="root" exe="/usr/sbin/cron" hostname=? addr=? terminal=cron res=success'
type=USER_END msg=audit(1644301510.290:940): pid=30819 uid=0 auid=0 ses=146 msg='op=PAM:session_close acct="root" exe="/usr/sbin/cron" hostname=? addr=? terminal=cron res=success'
type=SERVICE_START msg=audit(1644303477.011:941): pid=1 uid=0 auid=4294967295 ses=4294967295 msg='unit=apt-daily-upgrade comm="systemd" exe="/lib/systemd/systemd" hostname=? addr=? terminal=? res=success'
type=SERVICE_STOP msg=audit(1644303477.011:942): pid=1 uid=0 auid=4294967295 ses=4294967295 msg='unit=apt-daily-upgrade comm="systemd" exe="/lib/systemd/systemd" hostname=? addr=? terminal=? res=success'
type=SERVICE_START msg=audit(1644304431.160:943): pid=1 uid=0 auid=4294967295 ses=4294967295 msg='unit=systemd-tmpfiles-clean comm="systemd" exe="/lib/systemd/systemd" hostname=? addr=? terminal=? res=success'
type=SERVICE_STOP msg=audit(1644304431.160:944): pid=1 uid=0 auid=4294967295 ses=4294967295 msg='unit=systemd-tmpfiles-clean comm="systemd" exe="/lib/systemd/systemd" hostname=? addr=? terminal=? res=success'
type=USER_ACCT msg=audit(1644304621.325:945): pid=31030 uid=0 auid=4294967295 ses=4294967295 msg='op=PAM:accounting acct="root" exe="/usr/sbin/cron" hostname=? addr=? terminal=cron res=success'
type=CRED_ACQ msg=audit(1644304621.325:946): pid=31030 uid=0 auid=4294967295 ses=4294967295 msg='op=PAM:setcred acct="root" exe="/usr/sbin/cron" hostname=? addr=? terminal=cron res=success'
type=LOGIN msg=audit(1644304621.325:947): pid=31030 uid=0 old-auid=4294967295 auid=0 tty=(none) old-ses=4294967295 ses=147 res=1
type=USER_START msg=audit(1644304621.329:948): pid=31030 uid=0 auid=0 ses=147 msg='op=PAM:session_open acct="root" exe="/usr/sbin/cron" hostname=? addr=? terminal=cron res=success'
type=CRED_DISP msg=audit(1644304621.337:949): pid=31030 uid=0 auid=0 ses=147 msg='op=PAM:setcred acct="root" exe="/usr/sbin/cron" hostname=? addr=? terminal=cron res=success'
type=USER_END msg=audit(1644304621.337:950): pid=31030 uid=0 auid=0 ses=147 msg='op=PAM:session_close acct="root" exe="/usr/sbin/cron" hostname=? addr=? terminal=cron res=success'
type=USER_ACCT msg=audit(1644308221.397:951): pid=31049 uid=0 auid=4294967295 ses=4294967295 msg='op=PAM:accounting acct="root" exe="/usr/sbin/cron" hostname=? addr=? terminal=cron res=success'
type=CRED_ACQ msg=audit(1644308221.397:952): pid=31049 uid=0 auid=4294967295 ses=4294967295 msg='op=PAM:setcred acct="root" exe="/usr/sbin/cron" hostname=? addr=? terminal=cron res=success'
type=LOGIN msg=audit(1644308221.397:953): pid=31049 uid=0 old-auid=4294967295 auid=0 tty=(none) old-ses=4294967295 ses=148 res=1
type=USER_START msg=audit(1644308221.401:954): pid=31049 uid=0 auid=0 ses=148 msg='op=PAM:session_open acct="root" exe="/usr/sbin/cron" hostname=? addr=? terminal=cron res=success'
type=CRED_DISP msg=audit(1644308221.409:955): pid=31049 uid=0 auid=0 ses=148 msg='op=PAM:setcred acct="root" exe="/usr/sbin/cron" hostname=? addr=? terminal=cron res=success'
type=USER_END msg=audit(1644308221.409:956): pid=31049 uid=0 auid=0 ses=148 msg='op=PAM:session_close acct="root" exe="/usr/sbin/cron" hostname=? addr=? terminal=cron res=success'
type=SERVICE_START msg=audit(1644309024.169:957): pid=1 uid=0 auid=4294967295 ses=4294967295 msg='unit=motd-news comm="systemd" exe="/lib/systemd/systemd" hostname=? addr=? terminal=? res=success'
type=SERVICE_STOP msg=audit(1644309024.169:958): pid=1 uid=0 auid=4294967295 ses=4294967295 msg='unit=motd-news comm="systemd" exe="/lib/systemd/systemd" hostname=? addr=? terminal=? res=success'
type=USER_ACCT msg=audit(1644311821.443:959): pid=31123 uid=0 auid=4294967295 ses=4294967295 msg='op=PAM:accounting acct="root" exe="/usr/sbin/cron" hostname=? addr=? terminal=cron res=success'
type=CRED_ACQ msg=audit(1644311821.447:960): pid=31123 uid=0 auid=4294967295 ses=4294967295 msg='op=PAM:setcred acct="root" exe="/usr/sbin/cron" hostname=? addr=? terminal=cron res=success'
type=LOGIN msg=audit(1644311821.447:961): pid=31123 uid=0 old-auid=4294967295 auid=0 tty=(none) old-ses=4294967295 ses=149 res=1
type=USER_START msg=audit(1644311821.447:962): pid=31123 uid=0 auid=0 ses=149 msg='op=PAM:session_open acct="root" exe="/usr/sbin/cron" hostname=? addr=? terminal=cron res=success'
type=CRED_DISP msg=audit(1644311821.487:963): pid=31123 uid=0 auid=0 ses=149 msg='op=PAM:setcred acct="root" exe="/usr/sbin/cron" hostname=? addr=? terminal=cron res=success'
type=USER_END msg=audit(1644311821.487:964): pid=31123 uid=0 auid=0 ses=149 msg='op=PAM:session_close acct="root" exe="/usr/sbin/cron" hostname=? addr=? terminal=cron res=success'
type=USER_ACCT msg=audit(1644315421.528:965): pid=31140 uid=0 auid=4294967295 ses=4294967295 msg='op=PAM:accounting acct="root" exe="/usr/sbin/cron" hostname=? addr=? terminal=cron res=success'
type=CRED_ACQ msg=audit(1644315421.528:966): pid=31140 uid=0 auid=4294967295 ses=4294967295 msg='op=PAM:setcred acct="root" exe="/usr/sbin/cron" hostname=? addr=? terminal=cron res=success'
type=LOGIN msg=audit(1644315421.528:967): pid=31140 uid=0 old-auid=4294967295 auid=0 tty=(none) old-ses=4294967295 ses=150 res=1
type=USER_START msg=audit(1644315421.532:968): pid=31140 uid=0 auid=0 ses=150 msg='op=PAM:session_open acct="root" exe="/usr/sbin/cron" hostname=? addr=? terminal=cron res=success'
type=CRED_DISP msg=audit(1644315421.540:969): pid=31140 uid=0 auid=0 ses=150 msg='op=PAM:setcred acct="root" exe="/usr/sbin/cron" hostname=? addr=? terminal=cron res=success'
type=USER_END msg=audit(1644315421.540:970): pid=31140 uid=0 auid=0 ses=150 msg='op=PAM:session_close acct="root" exe="/usr/sbin/cron" hostname=? addr=? terminal=cron res=success'
type=USER_ACCT msg=audit(1644319021.792:971): pid=31179 uid=0 auid=4294967295 ses=4294967295 msg='op=PAM:accounting acct="root" exe="/usr/sbin/cron" hostname=? addr=? terminal=cron res=success'
type=CRED_ACQ msg=audit(1644319021.792:972): pid=31179 uid=0 auid=4294967295 ses=4294967295 msg='op=PAM:setcred acct="root" exe="/usr/sbin/cron" hostname=? addr=? terminal=cron res=success'
type=LOGIN msg=audit(1644319021.792:973): pid=31179 uid=0 old-auid=4294967295 auid=0 tty=(none) old-ses=4294967295 ses=151 res=1
type=USER_START msg=audit(1644319021.796:974): pid=31179 uid=0 auid=0 ses=151 msg='op=PAM:session_open acct="root" exe="/usr/sbin/cron" hostname=? addr=? terminal=cron res=success'
type=CRED_DISP msg=audit(1644319021.804:975): pid=31179 uid=0 auid=0 ses=151 msg='op=PAM:setcred acct="root" exe="/usr/sbin/cron" hostname=? addr=? terminal=cron res=success'
type=USER_END msg=audit(1644319021.804:976): pid=31179 uid=0 auid=0 ses=151 msg='op=PAM:session_close acct="root" exe="/usr/sbin/cron" hostname=? addr=? terminal=cron res=success'
type=USER_ACCT msg=audit(1644322622.034:977): pid=31208 uid=0 auid=4294967295 ses=4294967295 msg='op=PAM:accounting acct="root" exe="/usr/sbin/cron" hostname=? addr=? terminal=cron res=success'
type=CRED_ACQ msg=audit(1644322622.034:978): pid=31208 uid=0 auid=4294967295 ses=4294967295 msg='op=PAM:setcred acct="root" exe="/usr/sbin/cron" hostname=? addr=? terminal=cron res=success'
type=LOGIN msg=audit(1644322622.034:979): pid=31208 uid=0 old-auid=4294967295 auid=0 tty=(none) old-ses=4294967295 ses=152 res=1
type=USER_START msg=audit(1644322622.038:980): pid=31208 uid=0 auid=0 ses=152 msg='op=PAM:session_open acct="root" exe="/usr/sbin/cron" hostname=? addr=? terminal=cron res=success'
type=CRED_DISP msg=audit(1644322622.046:981): pid=31208 uid=0 auid=0 ses=152 msg='op=PAM:setcred acct="root" exe="/usr/sbin/cron" hostname=? addr=? terminal=cron res=success'
type=USER_END msg=audit(1644322622.046:982): pid=31208 uid=0 auid=0 ses=152 msg='op=PAM:session_close acct="root" exe="/usr/sbin/cron" hostname=? addr=? terminal=cron res=success'
type=USER_ACCT msg=audit(1644326221.086:983): pid=31222 uid=0 auid=4294967295 ses=4294967295 msg='op=PAM:accounting acct="root" exe="/usr/sbin/cron" hostname=? addr=? terminal=cron res=success'
type=CRED_ACQ msg=audit(1644326221.090:984): pid=31222 uid=0 auid=4294967295 ses=4294967295 msg='op=PAM:setcred acct="root" exe="/usr/sbin/cron" hostname=? addr=? terminal=cron res=success'
type=LOGIN msg=audit(1644326221.090:985): pid=31222 uid=0 old-auid=4294967295 auid=0 tty=(none) old-ses=4294967295 ses=153 res=1
type=USER_START msg=audit(1644326221.094:986): pid=31222 uid=0 auid=0 ses=153 msg='op=PAM:session_open acct="root" exe="/usr/sbin/cron" hostname=? addr=? terminal=cron res=success'
type=CRED_DISP msg=audit(1644326221.098:987): pid=31222 uid=0 auid=0 ses=153 msg='op=PAM:setcred acct="root" exe="/usr/sbin/cron" hostname=? addr=? terminal=cron res=success'
type=USER_END msg=audit(1644326221.098:988): pid=31222 uid=0 auid=0 ses=153 msg='op=PAM:session_close acct="root" exe="/usr/sbin/cron" hostname=? addr=? terminal=cron res=success'
type=USER_ACCT msg=audit(1644329821.139:989): pid=31241 uid=0 auid=4294967295 ses=4294967295 msg='op=PAM:accounting acct="root" exe="/usr/sbin/cron" hostname=? addr=? terminal=cron res=success'
type=CRED_ACQ msg=audit(1644329821.139:990): pid=31241 uid=0 auid=4294967295 ses=4294967295 msg='op=PAM:setcred acct="root" exe="/usr/sbin/cron" hostname=? addr=? terminal=cron res=success'
type=LOGIN msg=audit(1644329821.139:991): pid=31241 uid=0 old-auid=4294967295 auid=0 tty=(none) old-ses=4294967295 ses=154 res=1
type=USER_START msg=audit(1644329821.143:992): pid=31241 uid=0 auid=0 ses=154 msg='op=PAM:session_open acct="root" exe="/usr/sbin/cron" hostname=? addr=? terminal=cron res=success'
type=CRED_DISP msg=audit(1644329821.147:993): pid=31241 uid=0 auid=0 ses=154 msg='op=PAM:setcred acct="root" exe="/usr/sbin/cron" hostname=? addr=? terminal=cron res=success'
type=USER_END msg=audit(1644329821.147:994): pid=31241 uid=0 auid=0 ses=154 msg='op=PAM:session_close acct="root" exe="/usr/sbin/cron" hostname=? addr=? terminal=cron res=success'
type=USER_ACCT msg=audit(1644332881.189:995): pid=31258 uid=0 auid=4294967295 ses=4294967295 msg='op=PAM:accounting acct="root" exe="/usr/sbin/cron" hostname=? addr=? terminal=cron res=success'
type=CRED_ACQ msg=audit(1644332881.189:996): pid=31258 uid=0 auid=4294967295 ses=4294967295 msg='op=PAM:setcred acct="root" exe="/usr/sbin/cron" hostname=? addr=? terminal=cron res=success'
type=LOGIN msg=audit(1644332881.189:997): pid=31258 uid=0 old-auid=4294967295 auid=0 tty=(none) old-ses=4294967295 ses=155 res=1
type=USER_START msg=audit(1644332881.193:998): pid=31258 uid=0 auid=0 ses=155 msg='op=PAM:session_open acct="root" exe="/usr/sbin/cron" hostname=? addr=? terminal=cron res=success'
type=CRED_DISP msg=audit(1644332881.201:999): pid=31258 uid=0 auid=0 ses=155 msg='op=PAM:setcred acct="root" exe="/usr/sbin/cron" hostname=? addr=? terminal=cron res=success'
type=USER_END msg=audit(1644332881.201:1000): pid=31258 uid=0 auid=0 ses=155 msg='op=PAM:session_close acct="root" exe="/usr/sbin/cron" hostname=? addr=? terminal=cron res=success'
type=USER_ACCT msg=audit(1644333421.216:1001): pid=31263 uid=0 auid=4294967295 ses=4294967295 msg='op=PAM:accounting acct="root" exe="/usr/sbin/cron" hostname=? addr=? terminal=cron res=success'
type=CRED_ACQ msg=audit(1644333421.216:1002): pid=31263 uid=0 auid=4294967295 ses=4294967295 msg='op=PAM:setcred acct="root" exe="/usr/sbin/cron" hostname=? addr=? terminal=cron res=success'
type=LOGIN msg=audit(1644333421.216:1003): pid=31263 uid=0 old-auid=4294967295 auid=0 tty=(none) old-ses=4294967295 ses=156 res=1
type=USER_START msg=audit(1644333421.220:1004): pid=31263 uid=0 auid=0 ses=156 msg='op=PAM:session_open acct="root" exe="/usr/sbin/cron" hostname=? addr=? terminal=cron res=success'
type=CRED_DISP msg=audit(1644333421.228:1005): pid=31263 uid=0 auid=0 ses=156 msg='op=PAM:setcred acct="root" exe="/usr/sbin/cron" hostname=? addr=? terminal=cron res=success'
type=USER_END msg=audit(1644333421.228:1006): pid=31263 uid=0 auid=0 ses=156 msg='op=PAM:session_close acct="root" exe="/usr/sbin/cron" hostname=? addr=? terminal=cron res=success'
type=SERVICE_START msg=audit(1644334211.368:1007): pid=1 uid=0 auid=4294967295 ses=4294967295 msg='unit=apt-daily comm="systemd" exe="/lib/systemd/systemd" hostname=? addr=? terminal=? res=success'
type=SERVICE_STOP msg=audit(1644334211.368:1008): pid=1 uid=0 auid=4294967295 ses=4294967295 msg='unit=apt-daily comm="systemd" exe="/lib/systemd/systemd" hostname=? addr=? terminal=? res=success'
type=SERVICE_START msg=audit(1644334851.863:1009): pid=1 uid=0 auid=4294967295 ses=4294967295 msg='unit=ua-messaging comm="systemd" exe="/lib/systemd/systemd" hostname=? addr=? terminal=? res=success'
type=SERVICE_STOP msg=audit(1644334851.863:1010): pid=1 uid=0 auid=4294967295 ses=4294967295 msg='unit=ua-messaging comm="systemd" exe="/lib/systemd/systemd" hostname=? addr=? terminal=? res=success'
type=USER_ACCT msg=audit(1644337021.270:1011): pid=31760 uid=0 auid=4294967295 ses=4294967295 msg='op=PAM:accounting acct="root" exe="/usr/sbin/cron" hostname=? addr=? terminal=cron res=success'
type=CRED_ACQ msg=audit(1644337021.270:1012): pid=31760 uid=0 auid=4294967295 ses=4294967295 msg='op=PAM:setcred acct="root" exe="/usr/sbin/cron" hostname=? addr=? terminal=cron res=success'
type=LOGIN msg=audit(1644337021.270:1013): pid=31760 uid=0 old-auid=4294967295 auid=0 tty=(none) old-ses=4294967295 ses=157 res=1
type=USER_START msg=audit(1644337021.270:1014): pid=31760 uid=0 auid=0 ses=157 msg='op=PAM:session_open acct="root" exe="/usr/sbin/cron" hostname=? addr=? terminal=cron res=success'
type=CRED_DISP msg=audit(1644337021.278:1015): pid=31760 uid=0 auid=0 ses=157 msg='op=PAM:setcred acct="root" exe="/usr/sbin/cron" hostname=? addr=? terminal=cron res=success'
type=USER_END msg=audit(1644337021.278:1016): pid=31760 uid=0 auid=0 ses=157 msg='op=PAM:session_close acct="root" exe="/usr/sbin/cron" hostname=? addr=? terminal=cron res=success'
type=USER_ACCT msg=audit(1644340621.319:1017): pid=31774 uid=0 auid=4294967295 ses=4294967295 msg='op=PAM:accounting acct="root" exe="/usr/sbin/cron" hostname=? addr=? terminal=cron res=success'
type=CRED_ACQ msg=audit(1644340621.319:1018): pid=31774 uid=0 auid=4294967295 ses=4294967295 msg='op=PAM:setcred acct="root" exe="/usr/sbin/cron" hostname=? addr=? terminal=cron res=success'
type=LOGIN msg=audit(1644340621.319:1019): pid=31774 uid=0 old-auid=4294967295 auid=0 tty=(none) old-ses=4294967295 ses=158 res=1
type=USER_START msg=audit(1644340621.319:1020): pid=31774 uid=0 auid=0 ses=158 msg='op=PAM:session_open acct="root" exe="/usr/sbin/cron" hostname=? addr=? terminal=cron res=success'
type=CRED_DISP msg=audit(1644340621.327:1021): pid=31774 uid=0 auid=0 ses=158 msg='op=PAM:setcred acct="root" exe="/usr/sbin/cron" hostname=? addr=? terminal=cron res=success'
type=USER_END msg=audit(1644340621.327:1022): pid=31774 uid=0 auid=0 ses=158 msg='op=PAM:session_close acct="root" exe="/usr/sbin/cron" hostname=? addr=? terminal=cron res=success'
type=USER_ACCT msg=audit(1644344221.368:1023): pid=31786 uid=0 auid=4294967295 ses=4294967295 msg='op=PAM:accounting acct="root" exe="/usr/sbin/cron" hostname=? addr=? terminal=cron res=success'
type=CRED_ACQ msg=audit(1644344221.368:1024): pid=31786 uid=0 auid=4294967295 ses=4294967295 msg='op=PAM:setcred acct="root" exe="/usr/sbin/cron" hostname=? addr=? terminal=cron res=success'
type=LOGIN msg=audit(1644344221.372:1025): pid=31786 uid=0 old-auid=4294967295 auid=0 tty=(none) old-ses=4294967295 ses=159 res=1
type=USER_START msg=audit(1644344221.372:1026): pid=31786 uid=0 auid=0 ses=159 msg='op=PAM:session_open acct="root" exe="/usr/sbin/cron" hostname=? addr=? terminal=cron res=success'
type=CRED_DISP msg=audit(1644344221.376:1027): pid=31786 uid=0 auid=0 ses=159 msg='op=PAM:setcred acct="root" exe="/usr/sbin/cron" hostname=? addr=? terminal=cron res=success'
type=USER_END msg=audit(1644344221.376:1028): pid=31786 uid=0 auid=0 ses=159 msg='op=PAM:session_close acct="root" exe="/usr/sbin/cron" hostname=? addr=? terminal=cron res=success'
type=SERVICE_START msg=audit(1644345233.229:1029): pid=1 uid=0 auid=4294967295 ses=4294967295 msg='unit=motd-news comm="systemd" exe="/lib/systemd/systemd" hostname=? addr=? terminal=? res=success'
type=SERVICE_STOP msg=audit(1644345233.229:1030): pid=1 uid=0 auid=4294967295 ses=4294967295 msg='unit=motd-news comm="systemd" exe="/lib/systemd/systemd" hostname=? addr=? terminal=? res=success'
type=USER_ACCT msg=audit(1644347821.421:1031): pid=31852 uid=0 auid=4294967295 ses=4294967295 msg='op=PAM:accounting acct="root" exe="/usr/sbin/cron" hostname=? addr=? terminal=cron res=success'
type=CRED_ACQ msg=audit(1644347821.421:1032): pid=31852 uid=0 auid=4294967295 ses=4294967295 msg='op=PAM:setcred acct="root" exe="/usr/sbin/cron" hostname=? addr=? terminal=cron res=success'
type=LOGIN msg=audit(1644347821.425:1033): pid=31852 uid=0 old-auid=4294967295 auid=0 tty=(none) old-ses=4294967295 ses=160 res=1
type=USER_START msg=audit(1644347821.425:1034): pid=31852 uid=0 auid=0 ses=160 msg='op=PAM:session_open acct="root" exe="/usr/sbin/cron" hostname=? addr=? terminal=cron res=success'
type=CRED_DISP msg=audit(1644347821.429:1035): pid=31852 uid=0 auid=0 ses=160 msg='op=PAM:setcred acct="root" exe="/usr/sbin/cron" hostname=? addr=? terminal=cron res=success'
type=USER_END msg=audit(1644347821.429:1036): pid=31852 uid=0 auid=0 ses=160 msg='op=PAM:session_close acct="root" exe="/usr/sbin/cron" hostname=? addr=? terminal=cron res=success'
type=USER_ACCT msg=audit(1644351421.473:1037): pid=31867 uid=0 auid=4294967295 ses=4294967295 msg='op=PAM:accounting acct="root" exe="/usr/sbin/cron" hostname=? addr=? terminal=cron res=success'
type=CRED_ACQ msg=audit(1644351421.473:1038): pid=31867 uid=0 auid=4294967295 ses=4294967295 msg='op=PAM:setcred acct="root" exe="/usr/sbin/cron" hostname=? addr=? terminal=cron res=success'
type=LOGIN msg=audit(1644351421.473:1039): pid=31867 uid=0 old-auid=4294967295 auid=0 tty=(none) old-ses=4294967295 ses=161 res=1
type=USER_START msg=audit(1644351421.477:1040): pid=31867 uid=0 auid=0 ses=161 msg='op=PAM:session_open acct="root" exe="/usr/sbin/cron" hostname=? addr=? terminal=cron res=success'
type=CRED_DISP msg=audit(1644351421.481:1041): pid=31867 uid=0 auid=0 ses=161 msg='op=PAM:setcred acct="root" exe="/usr/sbin/cron" hostname=? addr=? terminal=cron res=success'
type=USER_END msg=audit(1644351421.485:1042): pid=31867 uid=0 auid=0 ses=161 msg='op=PAM:session_close acct="root" exe="/usr/sbin/cron" hostname=? addr=? terminal=cron res=success'
type=USER_ACCT msg=audit(1644355021.527:1043): pid=31880 uid=0 auid=4294967295 ses=4294967295 msg='op=PAM:accounting acct="root" exe="/usr/sbin/cron" hostname=? addr=? terminal=cron res=success'
type=CRED_ACQ msg=audit(1644355021.531:1044): pid=31880 uid=0 auid=4294967295 ses=4294967295 msg='op=PAM:setcred acct="root" exe="/usr/sbin/cron" hostname=? addr=? terminal=cron res=success'
type=LOGIN msg=audit(1644355021.531:1045): pid=31880 uid=0 old-auid=4294967295 auid=0 tty=(none) old-ses=4294967295 ses=162 res=1
type=USER_START msg=audit(1644355021.535:1046): pid=31880 uid=0 auid=0 ses=162 msg='op=PAM:session_open acct="root" exe="/usr/sbin/cron" hostname=? addr=? terminal=cron res=success'
type=CRED_DISP msg=audit(1644355021.539:1047): pid=31880 uid=0 auid=0 ses=162 msg='op=PAM:setcred acct="root" exe="/usr/sbin/cron" hostname=? addr=? terminal=cron res=success'
type=USER_END msg=audit(1644355021.539:1048): pid=31880 uid=0 auid=0 ses=162 msg='op=PAM:session_close acct="root" exe="/usr/sbin/cron" hostname=? addr=? terminal=cron res=success'
type=USER_ACCT msg=audit(1644358621.584:1049): pid=31890 uid=0 auid=4294967295 ses=4294967295 msg='op=PAM:accounting acct="root" exe="/usr/sbin/cron" hostname=? addr=? terminal=cron res=success'
type=CRED_ACQ msg=audit(1644358621.584:1050): pid=31890 uid=0 auid=4294967295 ses=4294967295 msg='op=PAM:setcred acct="root" exe="/usr/sbin/cron" hostname=? addr=? terminal=cron res=success'
type=LOGIN msg=audit(1644358621.584:1051): pid=31890 uid=0 old-auid=4294967295 auid=0 tty=(none) old-ses=4294967295 ses=163 res=1
type=USER_START msg=audit(1644358621.584:1052): pid=31890 uid=0 auid=0 ses=163 msg='op=PAM:session_open acct="root" exe="/usr/sbin/cron" hostname=? addr=? terminal=cron res=success'
type=CRED_DISP msg=audit(1644358621.592:1053): pid=31890 uid=0 auid=0 ses=163 msg='op=PAM:setcred acct="root" exe="/usr/sbin/cron" hostname=? addr=? terminal=cron res=success'
type=USER_END msg=audit(1644358621.592:1054): pid=31890 uid=0 auid=0 ses=163 msg='op=PAM:session_close acct="root" exe="/usr/sbin/cron" hostname=? addr=? terminal=cron res=success'
type=USER_ACCT msg=audit(1644362221.633:1055): pid=31900 uid=0 auid=4294967295 ses=4294967295 msg='op=PAM:accounting acct="root" exe="/usr/sbin/cron" hostname=? addr=? terminal=cron res=success'
type=CRED_ACQ msg=audit(1644362221.633:1056): pid=31900 uid=0 auid=4294967295 ses=4294967295 msg='op=PAM:setcred acct="root" exe="/usr/sbin/cron" hostname=? addr=? terminal=cron res=success'
type=LOGIN msg=audit(1644362221.633:1057): pid=31900 uid=0 old-auid=4294967295 auid=0 tty=(none) old-ses=4294967295 ses=164 res=1
type=USER_START msg=audit(1644362221.637:1058): pid=31900 uid=0 auid=0 ses=164 msg='op=PAM:session_open acct="root" exe="/usr/sbin/cron" hostname=? addr=? terminal=cron res=success'
type=CRED_DISP msg=audit(1644362221.641:1059): pid=31900 uid=0 auid=0 ses=164 msg='op=PAM:setcred acct="root" exe="/usr/sbin/cron" hostname=? addr=? terminal=cron res=success'
type=USER_END msg=audit(1644362221.641:1060): pid=31900 uid=0 auid=0 ses=164 msg='op=PAM:session_close acct="root" exe="/usr/sbin/cron" hostname=? addr=? terminal=cron res=success'
